tf,event_id,hypothesis,direction,state,reason,source_tags,member_level_ids,touch_count,touch_bucket,swing_prominence_atr,sweep_bar_time,sweep_close_time,sweep_open,sweep_high,sweep_low,sweep_close,pool_lower,pool_upper,sweep_extreme,penetration,reclaim,penetration_pips,reclaim_pips,signal_close_time,entry_time,signal_to_entry_ms,entry_bid,entry_ask,entry_price,entry_spread,entry_spread_pips,in_entry_window,stop_price,take_profit,planned_stop_distance,planned_risk_1r_per_lot,commission_per_lot,exit_time,exit_bid,exit_ask,exit_price,exit_reason,gap_exit,ambiguous_execution,holding_seconds,swap_nights,swap_per_lot,swap_modeled,gross_pnl_per_lot,net_pnl_per_lot,gross_r,costs_r,net_r,mfe_price,mae_price,mfe_r,mae_r,fwd_1,fwd_3,fwd_5,fwd_10,fwd_20,class_1,class_3,class_5,class_10,class_20,sweep_hour,weekday,time_bucket,spread_bucket,news_state,in_quarantine
H1,a3945e148a707e34,A_RECLAIM_CONTROL,SHORT,CLOSED,STOP,SWING_HIGH,8b3053773d11bae4,0,0,NA,2026-01-05T03:00:00,2026-01-05T04:00:00,4394.74,4420.75,4391.37,4401.72,4402.36,4402.36,4420.75,18.39,0.64,183.9000,6.4000,2026-01-05T04:00:00,2026-01-05T04:00:00.044,44,4401.76,4402.05,4401.76,0.29,2.9000,1,4421.34,4362.38,19.58,1965.0428,7.0428,2026-01-05T08:25:31.283,4421.11,4421.39,4421.39,STOP,0,0,15931,0,0.0000,1,-1963.0000,-1970.0428,-0.998960,0.003584,-1.002544,12.58,19.63,0.640190,0.998960,-3.91,-2.47,-18.52,-17.71,-47.29,CONTINUATION,CONTINUATION,CONTINUATION,CONTINUATION,CONTINUATION,4,MONDAY,H00_08,2_3,NO_CALENDAR_OBSERVE_ONLY,0
H1,a3945e148a707e34,B_NEXT_BAR_CONFIRM,SHORT,EXPIRED,CONFIRMATION_FAILED,SWING_HIGH,8b3053773d11bae4,0,0,NA,2026-01-05T03:00:00,2026-01-05T04:00:00,4394.74,4420.75,4391.37,4401.72,4402.36,4402.36,4420.75,18.39,0.64,183.9000,6.4000,,,NA,NA,NA,NA,NA,NA,NA,NA,NA,NA,NA,NA,,NA,NA,NA,,NA,NA,NA,0,NA,1,NA,NA,NA,NA,NA,NA,NA,NA,NA,-3.91,-2.47,-18.52,-17.71,-47.29,CONTINUATION,CONTINUATION,CONTINUATION,CONTINUATION,CONTINUATION,4,MONDAY,H00_08,NA,NO_CALENDAR_OBSERVE_ONLY,0
H1,a4aedd05001a4dad,A_RECLAIM_CONTROL,SHORT,CLOSED,STOP,SWING_HIGH,d3ff22c73d948f5d,0,0,6.017801,2026-01-05T08:00:00,2026-01-05T09:00:00,4412.64,4426.29,4411.37,4420.24,4420.75,4420.75,4426.29,5.54,0.51,55.4000,5.1000,2026-01-05T09:00:00,2026-01-05T09:00:00.009,9,4420.25,4420.53,4420.25,0.28,2.8000,1,4426.87,4406.79,6.62,669.0724,7.0724,2026-01-05T10:15:53.732,4426.64,4426.94,4426.94,STOP,0,0,4553,0,0.0000,1,-669.0000,-676.0724,-0.999892,0.010570,-1.010462,3.13,6.69,0.467812,0.999892,-1.57,-14.56,0.81,-21.58,-47.34,CONTINUATION,CONTINUATION,REVERSAL,CONTINUATION,CONTINUATION,9,MONDAY,H08_13,2_3,NO_CALENDAR_OBSERVE_ONLY,0
H1,a4aedd05001a4dad,B_NEXT_BAR_CONFIRM,SHORT,EXPIRED,CONFIRMATION_FAILED,SWING_HIGH,d3ff22c73d948f5d,0,0,6.017801,2026-01-05T08:00:00,2026-01-05T09:00:00,4412.64,4426.29,4411.37,4420.24,4420.75,4420.75,4426.29,5.54,0.51,55.4000,5.1000,,,NA,NA,NA,NA,NA,NA,NA,NA,NA,NA,NA,NA,,NA,NA,NA,,NA,NA,NA,0,NA,1,NA,NA,NA,NA,NA,NA,NA,NA,NA,-1.57,-14.56,0.81,-21.58,-47.34,CONTINUATION,CONTINUATION,REVERSAL,CONTINUATION,CONTINUATION,9,MONDAY,H08_13,NA,NO_CALENDAR_OBSERVE_ONLY,0
H1,0ab3f9e4264a211b,A_RECLAIM_CONTROL,SHORT,CLOSED,STOP,SWING_HIGH,70b5dbf8896f40e0,0,0,7.904577,2026-01-05T16:00:00,2026-01-05T17:00:00,4416.89,4442.91,4416.89,4436.90,4439.90,4439.90,4442.91,3.01,3.00,30.1000,30.0000,2026-01-05T17:00:00,2026-01-05T17:00:00.192,192,4436.97,4437.25,4436.97,0.28,2.8000,1,4443.49,4423.71,6.52,659.0992,7.0992,2026-01-05T17:00:32.049,4443.30,4443.58,4443.58,STOP,0,0,31,0,0.0000,1,-661.0000,-668.0992,-1.002884,0.010771,-1.013655,-0.28,6.61,-0.042482,1.002884,-11.68,-6.59,-2.83,-13.52,-26.45,CONTINUATION,CONTINUATION,CONTINUATION,CONTINUATION,CONTINUATION,17,MONDAY,H17_24,2_3,NO_CALENDAR_OBSERVE_ONLY,0
H1,0ab3f9e4264a211b,B_NEXT_BAR_CONFIRM,SHORT,EXPIRED,CONFIRMATION_FAILED,SWING_HIGH,70b5dbf8896f40e0,0,0,7.904577,2026-01-05T16:00:00,2026-01-05T17:00:00,4416.89,4442.91,4416.89,4436.90,4439.90,4439.90,4442.91,3.01,3.00,30.1000,30.0000,,,NA,NA,NA,NA,NA,NA,NA,NA,NA,NA,NA,NA,,NA,NA,NA,,NA,NA,NA,0,NA,1,NA,NA,NA,NA,NA,NA,NA,NA,NA,-11.68,-6.59,-2.83,-13.52,-26.45,CONTINUATION,CONTINUATION,CONTINUATION,CONTINUATION,CONTINUATION,17,MONDAY,H17_24,NA,NO_CALENDAR_OBSERVE_ONLY,0
H1,9bd647a68214e133,A_RECLAIM_CONTROL,SHORT,CLOSED,STOP,PDH;PSH;SWING_HIGH,1f1cc22ea735ea3b;6383aa946796098e;f2383478df2b7ea7,0,0,3.387377,2026-01-06T01:00:00,2026-01-06T02:00:00,4449.67,4460.25,4436.86,4440.57,4455.68,4455.68,4460.25,4.57,15.11,45.7000,151.1000,2026-01-06T02:00:00,2026-01-06T02:00:00.293,293,4440.55,4440.86,4440.55,0.31,3.1000,1,4460.86,4399.71,20.31,2038.1049,7.1049,2026-01-06T04:27:59.894,4460.58,4460.87,4460.87,STOP,0,0,8879,0,0.0000,1,-2032.0000,-2039.1049,-0.997005,0.003486,-1.000491,12.38,20.32,0.607427,0.997005,4.04,-14.35,-26.77,-5.82,-40.78,REVERSAL,CONTINUATION,CONTINUATION,CONTINUATION,CONTINUATION,2,TUESDAY,H00_08,3_5,NO_CALENDAR_OBSERVE_ONLY,0
H1,9bd647a68214e133,B_NEXT_BAR_CONFIRM,SHORT,EXPIRED,CONFIRMATION_CONFLICT,PDH;PSH;SWING_HIGH,1f1cc22ea735ea3b;6383aa946796098e;f2383478df2b7ea7,0,0,3.387377,2026-01-06T01:00:00,2026-01-06T02:00:00,4449.67,4460.25,4436.86,4440.57,4455.68,4455.68,4460.25,4.57,15.11,45.7000,151.1000,,,NA,NA,NA,NA,NA,NA,NA,NA,NA,NA,NA,NA,,NA,NA,NA,,NA,NA,NA,0,NA,1,NA,NA,NA,NA,NA,NA,NA,NA,NA,4.04,-14.35,-26.77,-5.82,-40.78,REVERSAL,CONTINUATION,CONTINUATION,CONTINUATION,CONTINUATION,2,TUESDAY,H00_08,NA,NO_CALENDAR_OBSERVE_ONLY,0
H1,8ea504becb55cee0,A_RECLAIM_CONTROL,LONG,CLOSED,STOP,SWING_LOW,ea1ed7eee1a124ae,0,0,1.397660,2026-01-06T02:00:00,2026-01-06T03:00:00,4440.55,4444.76,4430.44,4436.53,4432.27,4432.27,4430.44,1.83,4.26,18.3000,42.6000,2026-01-06T03:00:00,2026-01-06T03:00:00.247,247,4436.52,4436.81,4436.81,0.29,2.9000,1,4429.85,4450.95,6.96,703.0989,7.0989,2026-01-06T03:03:01.530,4429.70,4429.98,4429.70,STOP,0,0,181,0,0.0000,1,-711.0000,-718.0989,-1.011238,0.010097,-1.021334,3.30,7.11,0.469351,1.011238,13.89,31.05,15.68,15.15,57.25,REVERSAL,REVERSAL,REVERSAL,REVERSAL,REVERSAL,3,TUESDAY,H00_08,2_3,NO_CALENDAR_OBSERVE_ONLY,0
H1,8ea504becb55cee0,B_NEXT_BAR_CONFIRM,LONG,CLOSED,TP,SWING_LOW,ea1ed7eee1a124ae,0,0,1.397660,2026-01-06T02:00:00,2026-01-06T03:00:00,4440.55,4444.76,4430.44,4436.53,4432.27,4432.27,4430.44,1.83,4.26,18.3000,42.6000,2026-01-06T04:00:00,2026-01-06T04:00:00.042,42,4450.46,4450.77,4450.77,0.31,3.1000,1,4429.83,4492.87,20.94,2101.1212,7.1212,2026-01-06T20:17:33.364,4492.87,4493.10,4492.87,TP,0,0,58653,0,0.0000,1,4210.0000,4202.8788,2.003692,0.003389,2.000303,42.10,7.96,2.003692,0.378845,13.89,31.05,15.68,15.15,57.25,REVERSAL,REVERSAL,REVERSAL,REVERSAL,REVERSAL,3,TUESDAY,H00_08,3_5,NO_CALENDAR_OBSERVE_ONLY,0
H1,7b7b60459297ac82,A_RECLAIM_CONTROL,SHORT,CLOSED,STOP,SWING_HIGH,909c720cfda6383b,0,0,1.693834,2026-01-06T04:00:00,2026-01-06T05:00:00,4450.46,4461.13,4448.72,4454.92,4460.25,4460.25,4461.13,0.88,5.33,8.8000,53.3000,2026-01-06T05:00:00,2026-01-06T05:00:00.031,31,4454.97,4455.26,4454.97,0.29,2.9000,1,4461.72,4441.25,6.75,682.1280,7.1280,2026-01-06T05:12:39.972,4461.45,4461.76,4461.76,STOP,0,0,759,0,0.0000,1,-679.0000,-686.1280,-0.995414,0.010450,-1.005864,0.48,6.79,0.070368,0.995414,-12.66,2.71,-4.32,-8.75,-38.58,CONTINUATION,REVERSAL,CONTINUATION,CONTINUATION,CONTINUATION,5,TUESDAY,H00_08,2_3,NO_CALENDAR_OBSERVE_ONLY,0
H1,7b7b60459297ac82,B_NEXT_BAR_CONFIRM,SHORT,EXPIRED,CONFIRMATION_FAILED,SWING_HIGH,909c720cfda6383b,0,0,1.693834,2026-01-06T04:00:00,2026-01-06T05:00:00,4450.46,4461.13,4448.72,4454.92,4460.25,4460.25,4461.13,0.88,5.33,8.8000,53.3000,,,NA,NA,NA,NA,NA,NA,NA,NA,NA,NA,NA,NA,,NA,NA,NA,,NA,NA,NA,0,NA,1,NA,NA,NA,NA,NA,NA,NA,NA,NA,-12.66,2.71,-4.32,-8.75,-38.58,CONTINUATION,REVERSAL,CONTINUATION,CONTINUATION,CONTINUATION,5,TUESDAY,H00_08,NA,NO_CALENDAR_OBSERVE_ONLY,0
H1,ed9b92dacfa0e52a,A_RECLAIM_CONTROL,SHORT,CLOSED,TP,SWING_HIGH,e85c1bc8d039079d,0,0,2.926606,2026-01-06T10:00:00,2026-01-06T11:00:00,4459.30,4475.86,4457.32,4468.40,4474.27,4474.27,4475.86,1.59,5.87,15.9000,58.7000,2026-01-06T11:00:00,2026-01-06T11:00:00.003,3,4468.41,4468.69,4468.41,0.28,2.8000,1,4476.44,4452.13,8.03,810.1495,7.1495,2026-01-06T11:46:30.547,4451.79,4452.07,4452.07,TP,0,0,2790,0,0.0000,1,1634.0000,1626.8505,2.016912,0.008825,2.008087,16.34,0.28,2.016912,0.034562,22.01,5.05,0.35,-20.11,13.95,REVERSAL,REVERSAL,REVERSAL,CONTINUATION,REVERSAL,11,TUESDAY,H08_13,2_3,NO_CALENDAR_OBSERVE_ONLY,0
H1,ed9b92dacfa0e52a,B_NEXT_BAR_CONFIRM,SHORT,CLOSED,STOP,SWING_HIGH,e85c1bc8d039079d,0,0,2.926606,2026-01-06T10:00:00,2026-01-06T11:00:00,4459.30,4475.86,4457.32,4468.40,4474.27,4474.27,4475.86,1.59,5.87,15.9000,58.7000,2026-01-06T12:00:00,2026-01-06T12:00:00.259,259,4446.45,4446.73,4446.45,0.28,2.8000,1,4476.44,4386.25,29.99,3006.1143,7.1143,2026-01-06T16:33:05.018,4476.23,4476.51,4476.51,STOP,0,0,16384,0,0.0000,1,-3006.0000,-3013.1143,-0.999962,0.002367,-1.002329,3.36,30.06,0.111772,0.999962,22.01,5.05,0.35,-20.11,13.95,REVERSAL,REVERSAL,REVERSAL,CONTINUATION,REVERSAL,11,TUESDAY,H08_13,2_3,NO_CALENDAR_OBSERVE_ONLY,0
H1,6054b95dd7e58955,A_RECLAIM_CONTROL,SHORT,CLOSED,STOP,PSH,ce4e4e50ecd615fb,0,0,NA,2026-01-06T22:00:00,2026-01-06T23:00:00,4481.33,4497.14,4480.36,4493.78,4494.10,4494.10,4497.14,3.04,0.32,30.4000,3.2000,2026-01-06T23:00:00,2026-01-06T23:00:00.068,68,4493.76,4494.02,4493.76,0.26,2.6000,0,4497.70,4485.66,3.94,401.1900,7.1900,2026-01-06T23:50:06.342,4497.43,4497.71,4497.71,STOP,0,0,3006,0,0.0000,1,-395.0000,-402.1900,-0.984571,0.017922,-1.002493,1.63,3.95,0.406291,0.984571,-1.04,1.51,19.07,32.16,42.02,CONTINUATION,REVERSAL,REVERSAL,REVERSAL,REVERSAL,23,TUESDAY,H17_24,2_3,NO_CALENDAR_OBSERVE_ONLY,0
H1,6054b95dd7e58955,B_NEXT_BAR_CONFIRM,SHORT,EXPIRED,CONFIRMATION_FAILED,PSH,ce4e4e50ecd615fb,0,0,NA,2026-01-06T22:00:00,2026-01-06T23:00:00,4481.33,4497.14,4480.36,4493.78,4494.10,4494.10,4497.14,3.04,0.32,30.4000,3.2000,,,NA,NA,NA,NA,NA,NA,NA,NA,NA,NA,NA,NA,,NA,NA,NA,,NA,NA,NA,0,NA,1,NA,NA,NA,NA,NA,NA,NA,NA,NA,-1.04,1.51,19.07,32.16,42.02,CONTINUATION,REVERSAL,REVERSAL,REVERSAL,REVERSAL,23,TUESDAY,H17_24,NA,NO_CALENDAR_OBSERVE_ONLY,0
H1,73baaa260a7327af,A_RECLAIM_CONTROL,SHORT,CLOSED,TP,PDH,5e226b5e467967a8,0,0,NA,2026-01-07T01:00:00,2026-01-07T02:00:00,4496.11,4500.43,4492.17,4493.50,4497.43,4497.43,4500.43,3.00,3.93,30.0000,39.3000,2026-01-07T02:00:00,2026-01-07T02:00:00.286,286,4493.46,4493.74,4493.46,0.28,2.8000,1,4501.01,4478.14,7.55,762.1895,7.1895,2026-01-07T03:06:48.390,4477.85,4478.13,4478.13,TP,0,0,4008,0,0.0000,1,1533.0000,1525.8105,2.011311,0.009433,2.001878,15.33,2.79,2.011311,0.366051,1.23,18.79,28.67,30.07,36.53,REVERSAL,REVERSAL,REVERSAL,REVERSAL,REVERSAL,2,WEDNESDAY,H00_08,2_3,NO_CALENDAR_OBSERVE_ONLY,0
H1,73baaa260a7327af,B_NEXT_BAR_CONFIRM,SHORT,EXPIRED,CONFIRMATION_FAILED,PDH,5e226b5e467967a8,0,0,NA,2026-01-07T01:00:00,2026-01-07T02:00:00,4496.11,4500.43,4492.17,4493.50,4497.43,4497.43,4500.43,3.00,3.93,30.0000,39.3000,,,NA,NA,NA,NA,NA,NA,NA,NA,NA,NA,NA,NA,,NA,NA,NA,,NA,NA,NA,0,NA,1,NA,NA,NA,NA,NA,NA,NA,NA,NA,1.23,18.79,28.67,30.07,36.53,REVERSAL,REVERSAL,REVERSAL,REVERSAL,REVERSAL,2,WEDNESDAY,H00_08,NA,NO_CALENDAR_OBSERVE_ONLY,0
H1,c9c2df72cef739b8,A_RECLAIM_CONTROL,LONG,CLOSED,STOP,PSL,fccaf889f333fadd,0,0,NA,2026-01-07T03:00:00,2026-01-07T04:00:00,4492.25,4495.97,4461.03,4465.67,4463.38,4463.38,4461.03,2.35,2.29,23.5000,22.9000,2026-01-07T04:00:00,2026-01-07T04:00:00.349,349,4465.66,4465.94,4465.94,0.28,2.8000,1,4460.45,4477.14,5.49,556.1455,7.1455,2026-01-07T04:01:24.843,4460.44,4460.75,4460.44,STOP,0,0,84,0,0.0000,1,-550.0000,-557.1455,-0.988950,0.012848,-1.001798,0.36,5.50,0.064731,0.988950,9.04,-0.84,-21.36,-18.32,-9.12,REVERSAL,CONTINUATION,CONTINUATION,CONTINUATION,CONTINUATION,4,WEDNESDAY,H00_08,2_3,NO_CALENDAR_OBSERVE_ONLY,0
H1,c9c2df72cef739b8,B_NEXT_BAR_CONFIRM,LONG,EXPIRED,CONFIRMATION_FAILED,PSL,fccaf889f333fadd,0,0,NA,2026-01-07T03:00:00,2026-01-07T04:00:00,4492.25,4495.97,4461.03,4465.67,4463.38,4463.38,4461.03,2.35,2.29,23.5000,22.9000,,,NA,NA,NA,NA,NA,NA,NA,NA,NA,NA,NA,NA,,NA,NA,NA,,NA,NA,NA,0,NA,1,NA,NA,NA,NA,NA,NA,NA,NA,NA,9.04,-0.84,-21.36,-18.32,-9.12,REVERSAL,CONTINUATION,CONTINUATION,CONTINUATION,CONTINUATION,4,WEDNESDAY,H00_08,NA,NO_CALENDAR_OBSERVE_ONLY,0
H1,ed6d6221208f30e7,A_RECLAIM_CONTROL,LONG,CLOSED,TP,SWING_LOW,d2ab052c95656195,0,0,2.110069,2026-01-07T08:00:00,2026-01-07T09:00:00,4454.44,4460.51,4441.36,4444.31,4442.81,4442.81,4441.36,1.45,1.50,14.5000,15.0000,2026-01-07T09:00:00,2026-01-07T09:00:00.043,43,4444.30,4444.58,4444.58,0.28,2.8000,1,4440.78,4452.40,3.80,387.1113,7.1113,2026-01-07T09:21:10.240,4452.40,4452.68,4452.40,TP,0,0,1270,0,0.0000,1,782.0000,774.8887,2.020091,0.018370,2.001720,7.82,2.76,2.020091,0.712973,17.31,19.12,3.04,19.84,-3.91,REVERSAL,REVERSAL,REVERSAL,REVERSAL,CONTINUATION,9,WEDNESDAY,H08_13,2_3,NO_CALENDAR_OBSERVE_ONLY,0
H1,ed6d6221208f30e7,B_NEXT_BAR_CONFIRM,LONG,CLOSED,STOP,SWING_LOW,d2ab052c95656195,0,0,2.110069,2026-01-07T08:00:00,2026-01-07T09:00:00,4454.44,4460.51,4441.36,4444.31,4442.81,4442.81,4441.36,1.45,1.50,14.5000,15.0000,2026-01-07T10:00:00,2026-01-07T10:00:00.242,242,4461.56,4461.84,4461.84,0.28,2.8000,1,4440.78,4504.18,21.06,2113.1389,7.1389,2026-01-07T14:18:54.151,4440.57,4440.85,4440.57,STOP,0,0,15533,0,0.0000,1,-2127.0000,-2134.1389,-1.006559,0.003378,-1.009938,13.34,21.27,0.631288,1.006559,17.31,19.12,3.04,19.84,-3.91,REVERSAL,REVERSAL,REVERSAL,REVERSAL,CONTINUATION,9,WEDNESDAY,H08_13,2_3,NO_CALENDAR_OBSERVE_ONLY,0
H1,dfff5833af9b64da,A_RECLAIM_CONTROL,LONG,CLOSED,STOP,SWING_LOW,2dcfad8372a29cd1,0,0,3.488352,2026-01-07T14:00:00,2026-01-07T15:00:00,4447.40,4455.05,4439.62,4445.23,4441.36,4441.36,4439.62,1.74,3.87,17.4000,38.7000,2026-01-07T15:00:00,2026-01-07T15:00:00.101,101,4445.17,4445.45,4445.45,0.28,2.8000,1,4439.04,4458.49,6.41,648.1127,7.1127,2026-01-07T15:06:57.569,4438.93,4439.25,4438.93,STOP,0,0,417,0,0.0000,1,-652.0000,-659.1127,-1.005998,0.010975,-1.016972,4.58,6.52,0.706667,1.005998,7.75,0.97,6.53,18.24,-12.60,REVERSAL,REVERSAL,REVERSAL,REVERSAL,CONTINUATION,15,WEDNESDAY,H13_17,2_3,NO_CALENDAR_OBSERVE_ONLY,0
H1,dfff5833af9b64da,B_NEXT_BAR_CONFIRM,LONG,EXPIRED,CONFIRMATION_FAILED,SWING_LOW,2dcfad8372a29cd1,0,0,3.488352,2026-01-07T14:00:00,2026-01-07T15:00:00,4447.40,4455.05,4439.62,4445.23,4441.36,4441.36,4439.62,1.74,3.87,17.4000,38.7000,,,NA,NA,NA,NA,NA,NA,NA,NA,NA,NA,NA,NA,,NA,NA,NA,,NA,NA,NA,0,NA,1,NA,NA,NA,NA,NA,NA,NA,NA,NA,7.75,0.97,6.53,18.24,-12.60,REVERSAL,REVERSAL,REVERSAL,REVERSAL,CONTINUATION,15,WEDNESDAY,H13_17,NA,NO_CALENDAR_OBSERVE_ONLY,0
H1,c28264087746762c,A_RECLAIM_CONTROL,LONG,CLOSED,STOP,PDL;SWING_LOW,312980347cd53df9;49f833b7ae2cc104,0,0,2.016289,2026-01-07T15:00:00,2026-01-07T16:00:00,4445.17,4453.23,4427.66,4452.98,4427.86,4427.86,4427.66,0.20,25.12,2.0000,251.2000,2026-01-07T16:00:00,2026-01-07T16:00:00.285,285,4452.94,4453.21,4453.21,0.27,2.7000,1,4427.09,4505.67,26.12,2619.1251,7.1251,2026-01-07T17:14:55.292,4427.09,4427.36,4427.09,STOP,0,0,4495,0,0.0000,1,-2612.0000,-2619.1251,-0.997280,0.002720,-1.000000,1.15,26.12,0.043908,0.997280,-7.79,11.17,-0.89,-2.68,-19.77,CONTINUATION,REVERSAL,CONTINUATION,CONTINUATION,CONTINUATION,16,WEDNESDAY,H13_17,2_3,NO_CALENDAR_OBSERVE_ONLY,0
H1,c28264087746762c,B_NEXT_BAR_CONFIRM,LONG,EXPIRED,CONFIRMATION_FAILED,PDL;SWING_LOW,312980347cd53df9;49f833b7ae2cc104,0,0,2.016289,2026-01-07T15:00:00,2026-01-07T16:00:00,4445.17,4453.23,4427.66,4452.98,4427.86,4427.86,4427.66,0.20,25.12,2.0000,251.2000,,,NA,NA,NA,NA,NA,NA,NA,NA,NA,NA,NA,NA,,NA,NA,NA,,NA,NA,NA,0,NA,1,NA,NA,NA,NA,NA,NA,NA,NA,NA,-7.79,11.17,-0.89,-2.68,-19.77,CONTINUATION,REVERSAL,CONTINUATION,CONTINUATION,CONTINUATION,16,WEDNESDAY,H13_17,NA,NO_CALENDAR_OBSERVE_ONLY,0
H1,022cd0174458edc8,A_RECLAIM_CONTROL,LONG,CLOSED,STOP,SWING_LOW,ec1f76219ed30016,0,0,1.433273,2026-01-08T03:00:00,2026-01-08T04:00:00,4450.31,4460.35,4442.03,4448.70,4445.38,4445.38,4442.03,3.35,3.32,33.5000,33.2000,2026-01-08T04:00:00,2026-01-08T04:00:00.048,48,4448.69,4448.97,4448.97,0.28,2.8000,1,4441.45,4464.23,7.52,759.1184,7.1184,2026-01-08T04:05:30.925,4441.45,4441.73,4441.45,STOP,0,0,330,0,0.0000,1,-752.0000,-759.1184,-0.990623,0.009377,-1.000000,0.70,7.52,0.092212,0.990623,-7.61,-17.02,-15.51,-25.82,28.70,CONTINUATION,CONTINUATION,CONTINUATION,CONTINUATION,REVERSAL,4,THURSDAY,H00_08,2_3,NO_CALENDAR_OBSERVE_ONLY,0
H1,022cd0174458edc8,B_NEXT_BAR_CONFIRM,LONG,EXPIRED,CONFIRMATION_FAILED,SWING_LOW,ec1f76219ed30016,0,0,1.433273,2026-01-08T03:00:00,2026-01-08T04:00:00,4450.31,4460.35,4442.03,4448.70,4445.38,4445.38,4442.03,3.35,3.32,33.5000,33.2000,,,NA,NA,NA,NA,NA,NA,NA,NA,NA,NA,NA,NA,,NA,NA,NA,,NA,NA,NA,0,NA,1,NA,NA,NA,NA,NA,NA,NA,NA,NA,-7.61,-17.02,-15.51,-25.82,28.70,CONTINUATION,CONTINUATION,CONTINUATION,CONTINUATION,REVERSAL,4,THURSDAY,H00_08,NA,NO_CALENDAR_OBSERVE_ONLY,0
H1,fb57c362d7cfb342,A_RECLAIM_CONTROL,LONG,CLOSED,STOP,PDL;PSL;SWING_LOW,63911dbb878228c8;95716972be46dba7;a398a0937139f4dd,0,0,2.870388,2026-01-08T07:00:00,2026-01-08T08:00:00,4431.67,4432.55,4415.56,4425.66,4423.61,4423.61,4415.56,8.05,2.05,80.5000,20.5000,2026-01-08T08:00:00,2026-01-08T08:00:00.093,93,4425.52,4425.83,4425.83,0.31,3.1000,1,4414.95,4447.81,10.88,1095.0813,7.0813,2026-01-08T14:05:29.163,4414.91,4415.23,4414.91,STOP,0,0,21929,0,0.0000,1,-1092.0000,-1099.0813,-0.997186,0.006466,-1.003653,13.92,10.92,1.271138,0.997186,7.53,5.90,7.55,28.51,44.01,REVERSAL,REVERSAL,REVERSAL,REVERSAL,REVERSAL,8,THURSDAY,H08_13,3_5,NO_CALENDAR_OBSERVE_ONLY,0
H1,fb57c362d7cfb342,B_NEXT_BAR_CONFIRM,LONG,CLOSED,STOP,PDL;PSL;SWING_LOW,63911dbb878228c8;95716972be46dba7;a398a0937139f4dd,0,0,2.870388,2026-01-08T07:00:00,2026-01-08T08:00:00,4431.67,4432.55,4415.56,4425.66,4423.61,4423.61,4415.56,8.05,2.05,80.5000,20.5000,2026-01-08T09:00:00,2026-01-08T09:00:00.251,251,4433.21,4433.49,4433.49,0.28,2.8000,1,4414.98,4470.73,18.51,1858.0936,7.0936,2026-01-08T14:05:29.163,4414.91,4415.23,4414.91,STOP,0,0,18328,0,0.0000,1,-1858.0000,-1865.0936,-0.999950,0.003818,-1.003767,6.26,18.58,0.336904,0.999950,7.53,5.90,7.55,28.51,44.01,REVERSAL,REVERSAL,REVERSAL,REVERSAL,REVERSAL,8,THURSDAY,H08_13,2_3,NO_CALENDAR_OBSERVE_ONLY,0
H1,f9cfc41c5910a1c0,A_RECLAIM_CONTROL,LONG,CLOSED,TP,SWING_LOW,6b35acbe59cf374a,0,0,3.301137,2026-01-08T14:00:00,2026-01-08T15:00:00,4422.86,4431.41,4407.81,4427.76,4415.56,4415.56,4407.81,7.75,12.20,77.5000,122.0000,2026-01-08T15:00:00,2026-01-08T15:00:00.091,91,4427.78,4428.06,4428.06,0.28,2.8000,1,4407.23,4469.94,20.83,2090.0849,7.0849,2026-01-08T22:27:02.196,4469.99,4470.21,4469.99,TP,0,0,26822,0,0.0000,1,4193.0000,4185.9151,2.006139,0.003390,2.002749,41.93,10.59,2.006139,0.506678,-3.95,26.41,35.73,47.85,43.48,CONTINUATION,REVERSAL,REVERSAL,REVERSAL,REVERSAL,15,THURSDAY,H13_17,2_3,NO_CALENDAR_OBSERVE_ONLY,0
H1,f9cfc41c5910a1c0,B_NEXT_BAR_CONFIRM,LONG,EXPIRED,CONFIRMATION_FAILED,SWING_LOW,6b35acbe59cf374a,0,0,3.301137,2026-01-08T14:00:00,2026-01-08T15:00:00,4422.86,4431.41,4407.81,4427.76,4415.56,4415.56,4407.81,7.75,12.20,77.5000,122.0000,,,NA,NA,NA,NA,NA,NA,NA,NA,NA,NA,NA,NA,,NA,NA,NA,,NA,NA,NA,0,NA,1,NA,NA,NA,NA,NA,NA,NA,NA,NA,-3.95,26.41,35.73,47.85,43.48,CONTINUATION,REVERSAL,REVERSAL,REVERSAL,REVERSAL,15,THURSDAY,H13_17,NA,NO_CALENDAR_OBSERVE_ONLY,0
H1,8ebc0b2b849396ea,A_RECLAIM_CONTROL,SHORT,CLOSED,STOP,SWING_HIGH,12eaee7c40e2a984,0,0,1.443514,2026-01-09T11:00:00,2026-01-09T12:00:00,4468.59,4477.58,4468.45,4471.24,4477.50,4477.50,4477.58,0.08,6.26,0.8000,62.6000,2026-01-09T12:00:00,2026-01-09T12:00:00.295,295,4471.20,4471.48,4471.20,0.28,2.8000,1,4478.16,4457.06,6.96,703.1539,7.1539,2026-01-09T14:00:48.364,4477.91,4478.19,4478.19,STOP,0,0,7248,0,0.0000,1,-699.0000,-706.1539,-0.994092,0.010174,-1.004266,3.87,6.99,0.550377,0.994092,-1.34,5.27,-23.31,-28.20,-107.27,CONTINUATION,REVERSAL,CONTINUATION,CONTINUATION,CONTINUATION,12,FRIDAY,H08_13,2_3,NO_CALENDAR_OBSERVE_ONLY,0
H1,8ebc0b2b849396ea,B_NEXT_BAR_CONFIRM,SHORT,EXPIRED,CONFIRMATION_FAILED,SWING_HIGH,12eaee7c40e2a984,0,0,1.443514,2026-01-09T11:00:00,2026-01-09T12:00:00,4468.59,4477.58,4468.45,4471.24,4477.50,4477.50,4477.58,0.08,6.26,0.8000,62.6000,,,NA,NA,NA,NA,NA,NA,NA,NA,NA,NA,NA,NA,,NA,NA,NA,,NA,NA,NA,0,NA,1,NA,NA,NA,NA,NA,NA,NA,NA,NA,-1.34,5.27,-23.31,-28.20,-107.27,CONTINUATION,REVERSAL,CONTINUATION,CONTINUATION,CONTINUATION,12,FRIDAY,H08_13,NA,NO_CALENDAR_OBSERVE_ONLY,0
H1,973f739f5463a249,A_RECLAIM_CONTROL,SHORT,CLOSED,STOP,SWING_HIGH,c46c645d9e09bd1e,0,0,2.536376,2026-01-09T15:00:00,2026-01-09T16:00:00,4465.99,4491.83,4459.12,4482.72,4484.05,4484.05,4491.83,7.78,1.33,77.8000,13.3000,2026-01-09T16:00:00,2026-01-09T16:00:00.264,264,4482.80,4483.06,4482.80,0.26,2.6000,1,4492.39,4463.40,9.59,966.1725,7.1725,2026-01-09T16:10:50.607,4492.34,4492.59,4492.59,STOP,0,0,650,0,0.0000,1,-979.0000,-986.1725,-1.013277,0.007424,-1.020700,2.03,9.79,0.210107,1.013277,-11.83,-23.75,-13.58,-106.22,-111.56,CONTINUATION,CONTINUATION,CONTINUATION,CONTINUATION,CONTINUATION,16,FRIDAY,H13_17,2_3,NO_CALENDAR_OBSERVE_ONLY,0
H1,973f739f5463a249,B_NEXT_BAR_CONFIRM,SHORT,EXPIRED,CONFIRMATION_FAILED,SWING_HIGH,c46c645d9e09bd1e,0,0,2.536376,2026-01-09T15:00:00,2026-01-09T16:00:00,4465.99,4491.83,4459.12,4482.72,4484.05,4484.05,4491.83,7.78,1.33,77.8000,13.3000,,,NA,NA,NA,NA,NA,NA,NA,NA,NA,NA,NA,NA,,NA,NA,NA,,NA,NA,NA,0,NA,1,NA,NA,NA,NA,NA,NA,NA,NA,NA,-11.83,-23.75,-13.58,-106.22,-111.56,CONTINUATION,CONTINUATION,CONTINUATION,CONTINUATION,CONTINUATION,16,FRIDAY,H13_17,NA,NO_CALENDAR_OBSERVE_ONLY,0
H1,14a9c867a31692ba,A_RECLAIM_CONTROL,LONG,CLOSED,STOP,PSL,82f8a334c275e6f9,0,0,NA,2026-01-13T01:00:00,2026-01-13T02:00:00,4604.69,4608.02,4578.14,4599.41,4585.52,4585.52,4578.14,7.38,13.89,73.8000,138.9000,2026-01-13T02:00:00,2026-01-13T02:00:00.104,104,4599.46,4599.74,4599.74,0.28,2.8000,1,4577.56,4644.33,22.18,2225.3596,7.3596,2026-01-13T03:31:51.460,4577.56,4577.87,4577.56,STOP,0,0,5511,0,0.0000,1,-2218.0000,-2225.3596,-0.996693,0.003307,-1.000000,0.01,22.18,0.000449,0.996693,-12.12,-5.16,-2.91,-13.29,-1.90,CONTINUATION,CONTINUATION,CONTINUATION,CONTINUATION,CONTINUATION,2,TUESDAY,H00_08,2_3,NO_CALENDAR_OBSERVE_ONLY,0
H1,14a9c867a31692ba,B_NEXT_BAR_CONFIRM,LONG,EXPIRED,CONFIRMATION_FAILED,PSL,82f8a334c275e6f9,0,0,NA,2026-01-13T01:00:00,2026-01-13T02:00:00,4604.69,4608.02,4578.14,4599.41,4585.52,4585.52,4578.14,7.38,13.89,73.8000,138.9000,,,NA,NA,NA,NA,NA,NA,NA,NA,NA,NA,NA,NA,,NA,NA,NA,,NA,NA,NA,0,NA,1,NA,NA,NA,NA,NA,NA,NA,NA,NA,-12.12,-5.16,-2.91,-13.29,-1.90,CONTINUATION,CONTINUATION,CONTINUATION,CONTINUATION,CONTINUATION,2,TUESDAY,H00_08,NA,NO_CALENDAR_OBSERVE_ONLY,0
H1,c1dafb43e748ef49,A_RECLAIM_CONTROL,LONG,CLOSED,TP,SWING_LOW,41400e9a256bb777,0,0,3.121834,2026-01-13T08:00:00,2026-01-13T09:00:00,4592.14,4592.55,4573.73,4581.54,4575.55,4575.55,4573.73,1.82,5.99,18.2000,59.9000,2026-01-13T09:00:00,2026-01-13T09:00:00.056,56,4581.58,4581.86,4581.86,0.28,2.8000,1,4573.15,4599.50,8.71,878.3310,7.3310,2026-01-13T15:11:19.920,4599.52,4599.80,4599.52,TP,0,0,22279,0,0.0000,1,1766.0000,1758.6690,2.010632,0.008346,2.002285,17.66,4.27,2.010632,0.486149,-0.86,4.58,7.04,31.90,46.49,CONTINUATION,REVERSAL,REVERSAL,REVERSAL,REVERSAL,9,TUESDAY,H08_13,2_3,NO_CALENDAR_OBSERVE_ONLY,0
H1,c1dafb43e748ef49,B_NEXT_BAR_CONFIRM,LONG,EXPIRED,CONFIRMATION_FAILED,SWING_LOW,41400e9a256bb777,0,0,3.121834,2026-01-13T08:00:00,2026-01-13T09:00:00,4592.14,4592.55,4573.73,4581.54,4575.55,4575.55,4573.73,1.82,5.99,18.2000,59.9000,,,NA,NA,NA,NA,NA,NA,NA,NA,NA,NA,NA,NA,,NA,NA,NA,,NA,NA,NA,0,NA,1,NA,NA,NA,NA,NA,NA,NA,NA,NA,-0.86,4.58,7.04,31.90,46.49,CONTINUATION,REVERSAL,REVERSAL,REVERSAL,REVERSAL,9,TUESDAY,H08_13,NA,NO_CALENDAR_OBSERVE_ONLY,0
H1,9a20cf2439615509,A_RECLAIM_CONTROL,SHORT,CLOSED,TP,PDH;PSH;SWING_HIGH,10608333a1745883;2ff3ce354322d3b6;fa2d1a696e488941,0,0,2.772058,2026-01-13T16:00:00,2026-01-13T17:00:00,4611.52,4634.44,4609.14,4629.82,4630.25,4630.25,4634.44,4.19,0.43,41.9000,4.3000,2026-01-13T17:00:00,2026-01-13T17:00:00.263,263,4629.84,4630.10,4629.84,0.26,2.6000,1,4635.00,4619.29,5.16,523.4077,7.4077,2026-01-13T17:02:08.025,4619.04,4619.28,4619.28,TP,0,0,127,0,0.0000,1,1056.0000,1048.5923,2.017548,0.014153,2.003395,10.56,0.53,2.017548,0.101259,10.56,39.35,32.31,10.66,-0.53,REVERSAL,REVERSAL,REVERSAL,REVERSAL,CONTINUATION,17,TUESDAY,H17_24,2_3,NO_CALENDAR_OBSERVE_ONLY,0
H1,9a20cf2439615509,B_NEXT_BAR_CONFIRM,SHORT,EXPIRED,CONFIRMATION_FAILED,PDH;PSH;SWING_HIGH,10608333a1745883;2ff3ce354322d3b6;fa2d1a696e488941,0,0,2.772058,2026-01-13T16:00:00,2026-01-13T17:00:00,4611.52,4634.44,4609.14,4629.82,4630.25,4630.25,4634.44,4.19,0.43,41.9000,4.3000,,,NA,NA,NA,NA,NA,NA,NA,NA,NA,NA,NA,NA,,NA,NA,NA,,NA,NA,NA,0,NA,1,NA,NA,NA,NA,NA,NA,NA,NA,NA,10.56,39.35,32.31,10.66,-0.53,REVERSAL,REVERSAL,REVERSAL,REVERSAL,CONTINUATION,17,TUESDAY,H17_24,NA,NO_CALENDAR_OBSERVE_ONLY,0
H1,d0e5512e5b72da37,A_RECLAIM_CONTROL,LONG,CLOSED,TP,PSL,7c0a0d7eb551e173,0,0,NA,2026-01-13T22:00:00,2026-01-13T23:00:00,4597.53,4597.79,4569.81,4586.11,4580.99,4580.99,4569.81,11.18,5.12,111.8000,51.2000,2026-01-13T23:00:00,2026-01-13T23:00:00.015,15,4586.13,4586.38,4586.38,0.25,2.5000,0,4569.26,4620.85,17.12,1719.3382,7.3382,2026-01-14T04:24:37.959,4621.02,4621.30,4621.02,TP,0,0,19477,1,107.1510,1,3464.0000,3349.5108,2.014729,0.066589,1.948140,34.64,3.47,2.014729,0.201822,0.63,22.84,34.34,46.43,28.15,REVERSAL,REVERSAL,REVERSAL,REVERSAL,REVERSAL,23,TUESDAY,H17_24,2_3,NO_CALENDAR_OBSERVE_ONLY,0
H1,d0e5512e5b72da37,B_NEXT_BAR_CONFIRM,LONG,EXPIRED,CONFIRMATION_FAILED,PSL,7c0a0d7eb551e173,0,0,NA,2026-01-13T22:00:00,2026-01-13T23:00:00,4597.53,4597.79,4569.81,4586.11,4580.99,4580.99,4569.81,11.18,5.12,111.8000,51.2000,,,NA,NA,NA,NA,NA,NA,NA,NA,NA,NA,NA,NA,,NA,NA,NA,,NA,NA,NA,0,NA,1,NA,NA,NA,NA,NA,NA,NA,NA,NA,0.63,22.84,34.34,46.43,28.15,REVERSAL,REVERSAL,REVERSAL,REVERSAL,REVERSAL,23,TUESDAY,H17_24,NA,NO_CALENDAR_OBSERVE_ONLY,0
H1,6fa8b5e6b95a303b,A_RECLAIM_CONTROL,SHORT,CLOSED,STOP,PDH;PSH;SWING_HIGH,21074ba9a40dbcd7;7634f185bacb0f96;b0de90239ad8ce87,0,0,3.067607,2026-01-14T07:00:00,2026-01-14T08:00:00,4629.35,4639.75,4617.91,4619.81,4634.44,4634.44,4639.75,5.31,14.63,53.1000,146.3000,2026-01-14T08:00:00,2026-01-14T08:00:00.012,12,4619.69,4619.97,4619.69,0.28,2.8000,1,4640.33,4578.18,20.64,2071.3915,7.3915,2026-01-14T14:59:03.213,4640.13,4640.41,4640.41,STOP,0,0,25143,0,0.0000,1,-2072.0000,-2079.3915,-1.000294,0.003568,-1.003862,1.15,20.72,0.055518,1.000294,-17.36,-15.19,-13.28,1.88,16.93,CONTINUATION,CONTINUATION,CONTINUATION,REVERSAL,REVERSAL,8,WEDNESDAY,H08_13,2_3,NO_CALENDAR_OBSERVE_ONLY,0
H1,6fa8b5e6b95a303b,B_NEXT_BAR_CONFIRM,SHORT,EXPIRED,CONFIRMATION_FAILED,PDH;PSH;SWING_HIGH,21074ba9a40dbcd7;7634f185bacb0f96;b0de90239ad8ce87,0,0,3.067607,2026-01-14T07:00:00,2026-01-14T08:00:00,4629.35,4639.75,4617.91,4619.81,4634.44,4634.44,4639.75,5.31,14.63,53.1000,146.3000,,,NA,NA,NA,NA,NA,NA,NA,NA,NA,NA,NA,NA,,NA,NA,NA,,NA,NA,NA,0,NA,1,NA,NA,NA,NA,NA,NA,NA,NA,NA,-17.36,-15.19,-13.28,1.88,16.93,CONTINUATION,CONTINUATION,CONTINUATION,REVERSAL,REVERSAL,8,WEDNESDAY,H08_13,NA,NO_CALENDAR_OBSERVE_ONLY,0
H1,09bd653b6bd7ba20,A_RECLAIM_CONTROL,SHORT,CLOSED,TP,SWING_HIGH,1f7c766e4de1f709,0,0,4.342559,2026-01-14T14:00:00,2026-01-14T15:00:00,4630.36,4641.73,4630.26,4638.54,4639.75,4639.75,4641.73,1.98,1.21,19.8000,12.1000,2026-01-14T15:00:00,2026-01-14T15:00:00.112,112,4638.56,4638.86,4638.56,0.30,3.0000,1,4642.33,4630.79,3.77,384.4217,7.4217,2026-01-14T15:09:35.662,4630.48,4630.76,4630.76,TP,0,0,575,0,0.0000,1,780.0000,772.5783,2.029022,0.019306,2.009716,7.80,3.39,2.029022,0.881844,2.78,20.61,24.28,23.18,25.94,REVERSAL,REVERSAL,REVERSAL,REVERSAL,REVERSAL,15,WEDNESDAY,H13_17,2_3,NO_CALENDAR_OBSERVE_ONLY,0
H1,09bd653b6bd7ba20,B_NEXT_BAR_CONFIRM,SHORT,EXPIRED,CONFIRMATION_FAILED,SWING_HIGH,1f7c766e4de1f709,0,0,4.342559,2026-01-14T14:00:00,2026-01-14T15:00:00,4630.36,4641.73,4630.26,4638.54,4639.75,4639.75,4641.73,1.98,1.21,19.8000,12.1000,,,NA,NA,NA,NA,NA,NA,NA,NA,NA,NA,NA,NA,,NA,NA,NA,,NA,NA,NA,0,NA,1,NA,NA,NA,NA,NA,NA,NA,NA,NA,2.78,20.61,24.28,23.18,25.94,REVERSAL,REVERSAL,REVERSAL,REVERSAL,REVERSAL,15,WEDNESDAY,H13_17,NA,NO_CALENDAR_OBSERVE_ONLY,0
H1,8e643cd63a92d628,A_RECLAIM_CONTROL,SHORT,CLOSED,TP,SWING_HIGH,ba52debe99debe07,0,0,4.416158,2026-01-14T21:00:00,2026-01-14T22:00:00,4635.07,4642.98,4633.32,4639.12,4641.73,4641.73,4642.98,1.25,2.61,12.5000,26.1000,2026-01-14T22:00:00,2026-01-14T22:00:00.273,273,4639.14,4639.40,4639.14,0.26,2.6000,0,4643.54,4630.11,4.40,447.4226,7.4226,2026-01-14T22:02:19.549,4629.86,4630.11,4630.11,TP,0,0,139,0,0.0000,1,903.0000,895.5774,2.018226,0.016590,2.001636,9.03,2.18,2.018226,0.487235,6.51,23.76,39.03,28.94,33.52,REVERSAL,REVERSAL,REVERSAL,REVERSAL,REVERSAL,22,WEDNESDAY,H17_24,2_3,NO_CALENDAR_OBSERVE_ONLY,0
H1,8e643cd63a92d628,B_NEXT_BAR_CONFIRM,SHORT,CLOSED,TP,SWING_HIGH,ba52debe99debe07,0,0,4.416158,2026-01-14T21:00:00,2026-01-14T22:00:00,4635.07,4642.98,4633.32,4639.12,4641.73,4641.73,4642.98,1.25,2.61,12.5000,26.1000,2026-01-14T23:00:00,2026-01-14T23:00:00.217,217,4632.63,4632.91,4632.63,0.28,2.8000,0,4643.56,4610.54,10.93,1100.4122,7.4122,2026-01-15T01:23:56.981,4610.05,4610.33,4610.33,TP,0,0,8636,3,140.7510,1,2230.0000,2081.8368,2.026513,0.134643,1.891870,22.30,0.70,2.026513,0.063613,6.51,23.76,39.03,28.94,33.52,REVERSAL,REVERSAL,REVERSAL,REVERSAL,REVERSAL,22,WEDNESDAY,H17_24,2_3,NO_CALENDAR_OBSERVE_ONLY,0
H1,836891a193a10301,A_RECLAIM_CONTROL,LONG,CLOSED,STOP,PSL;SWING_LOW,12891b7354738660;e52168abaa9a9b63,0,0,2.481269,2026-01-15T03:00:00,2026-01-15T04:00:00,4615.20,4617.54,4583.56,4600.09,4599.40,4599.40,4583.56,15.84,0.69,158.4000,6.9000,2026-01-15T04:00:00,2026-01-15T04:00:00.068,68,4600.10,4600.38,4600.38,0.28,2.8000,1,4582.98,4635.41,17.40,1747.3606,7.3606,2026-01-15T05:22:19.083,4582.88,4583.16,4582.88,STOP,0,0,4939,0,0.0000,1,-1750.0000,-1757.3606,-1.001511,0.004212,-1.005723,14.29,17.50,0.817805,1.001511,2.79,-7.89,10.09,19.11,15.84,REVERSAL,CONTINUATION,REVERSAL,REVERSAL,REVERSAL,4,THURSDAY,H00_08,2_3,NO_CALENDAR_OBSERVE_ONLY,0
H1,836891a193a10301,B_NEXT_BAR_CONFIRM,LONG,EXPIRED,CONFIRMATION_FAILED,PSL;SWING_LOW,12891b7354738660;e52168abaa9a9b63,0,0,2.481269,2026-01-15T03:00:00,2026-01-15T04:00:00,4615.20,4617.54,4583.56,4600.09,4599.40,4599.40,4583.56,15.84,0.69,158.4000,6.9000,,,NA,NA,NA,NA,NA,NA,NA,NA,NA,NA,NA,NA,,NA,NA,NA,,NA,NA,NA,0,NA,1,NA,NA,NA,NA,NA,NA,NA,NA,NA,2.79,-7.89,10.09,19.11,15.84,REVERSAL,CONTINUATION,REVERSAL,REVERSAL,REVERSAL,4,THURSDAY,H00_08,NA,NO_CALENDAR_OBSERVE_ONLY,0
H1,8db17e0eeecc73dd,A_RECLAIM_CONTROL,SHORT,CLOSED,TP,SWING_HIGH,1d63c66c77500598,0,0,2.523846,2026-01-15T18:00:00,2026-01-15T19:00:00,4615.54,4624.90,4601.25,4605.60,4623.12,4623.12,4624.90,1.78,17.52,17.8000,175.2000,2026-01-15T19:00:00,2026-01-15T19:00:00.250,250,4605.63,4605.91,4605.63,0.28,2.8000,1,4625.48,4565.70,19.85,1992.3690,7.3690,2026-01-16T17:29:53.415,4565.41,4565.69,4565.69,TP,0,0,80993,1,46.9170,1,3994.0000,3939.7140,2.004649,0.027247,1.977402,39.94,16.36,2.004649,0.821133,-10.95,-10.31,-10.33,9.27,3.66,CONTINUATION,CONTINUATION,CONTINUATION,REVERSAL,REVERSAL,19,THURSDAY,H17_24,2_3,NO_CALENDAR_OBSERVE_ONLY,0
H1,8db17e0eeecc73dd,B_NEXT_BAR_CONFIRM,SHORT,EXPIRED,CONFIRMATION_FAILED,SWING_HIGH,1d63c66c77500598,0,0,2.523846,2026-01-15T18:00:00,2026-01-15T19:00:00,4615.54,4624.90,4601.25,4605.60,4623.12,4623.12,4624.90,1.78,17.52,17.8000,175.2000,,,NA,NA,NA,NA,NA,NA,NA,NA,NA,NA,NA,NA,,NA,NA,NA,,NA,NA,NA,0,NA,1,NA,NA,NA,NA,NA,NA,NA,NA,NA,-10.95,-10.31,-10.33,9.27,3.66,CONTINUATION,CONTINUATION,CONTINUATION,REVERSAL,REVERSAL,19,THURSDAY,H17_24,NA,NO_CALENDAR_OBSERVE_ONLY,0
H1,50a9b87866ea00a7,A_RECLAIM_CONTROL,LONG,CLOSED,STOP,SWING_LOW,eaf2a315b3d835f5,0,0,1.532180,2026-01-16T15:00:00,2026-01-16T16:00:00,4601.95,4605.84,4582.66,4601.94,4594.10,4594.10,4582.66,11.44,7.84,114.4000,78.4000,2026-01-16T16:00:00,2026-01-16T16:00:00.361,361,4601.97,4602.25,4602.25,0.28,2.8000,1,4582.08,4642.82,20.17,2024.3636,7.3636,2026-01-16T17:26:10.604,4582.06,4582.33,4582.06,STOP,0,0,5170,0,0.0000,1,-2019.0000,-2026.3636,-0.997350,0.003637,-1.000988,17.96,20.19,0.887192,0.997350,6.11,-10.65,-19.27,73.40,61.77,REVERSAL,CONTINUATION,CONTINUATION,REVERSAL,REVERSAL,16,FRIDAY,H13_17,2_3,NO_CALENDAR_OBSERVE_ONLY,0
H1,50a9b87866ea00a7,B_NEXT_BAR_CONFIRM,LONG,CLOSED,STOP,SWING_LOW,eaf2a315b3d835f5,0,0,1.532180,2026-01-16T15:00:00,2026-01-16T16:00:00,4601.95,4605.84,4582.66,4601.94,4594.10,4594.10,4582.66,11.44,7.84,114.4000,78.4000,2026-01-16T17:00:00,2026-01-16T17:00:00.017,17,4607.94,4608.22,4608.22,0.28,2.8000,1,4582.08,4660.73,26.14,2621.3732,7.3732,2026-01-16T17:26:10.604,4582.06,4582.33,4582.06,STOP,0,0,1570,0,0.0000,1,-2616.0000,-2623.3732,-0.997950,0.002813,-1.000763,11.99,26.16,0.457394,0.997950,6.11,-10.65,-19.27,73.40,61.77,REVERSAL,CONTINUATION,CONTINUATION,REVERSAL,REVERSAL,16,FRIDAY,H13_17,2_3,NO_CALENDAR_OBSERVE_ONLY,0
H1,062575cddf9e5c3b,A_RECLAIM_CONTROL,SHORT,CLOSED,TP,SWING_HIGH,1dc0925ec2cf9adc,0,0,1.353353,2026-01-19T20:00:00,2026-01-19T21:00:00,4676.19,4680.26,4673.73,4676.53,4679.02,4679.02,4680.26,1.24,2.49,12.4000,24.9000,2026-01-19T21:00:00,2026-01-19T21:00:00.224,224,4676.52,4676.83,4676.52,0.31,3.1000,1,4680.87,4667.59,4.35,442.4824,7.4824,2026-01-19T21:27:01.034,4667.27,4667.58,4667.58,TP,0,0,1620,0,0.0000,1,894.0000,886.5176,2.020419,0.016910,2.003509,8.94,0.43,2.020419,0.097179,5.93,16.03,7.72,-39.31,-82.67,REVERSAL,REVERSAL,REVERSAL,CONTINUATION,CONTINUATION,21,MONDAY,H17_24,3_5,NO_CALENDAR_OBSERVE_ONLY,0
H1,062575cddf9e5c3b,B_NEXT_BAR_CONFIRM,SHORT,CLOSED,STOP,SWING_HIGH,1dc0925ec2cf9adc,0,0,1.353353,2026-01-19T20:00:00,2026-01-19T21:00:00,4676.19,4680.26,4673.73,4676.53,4679.02,4679.02,4680.26,1.24,2.49,12.4000,24.9000,2026-01-19T22:00:00,2026-01-20T01:00:05.227,10805227,4671.43,4671.71,4671.43,0.28,2.8000,0,4680.84,4652.38,9.41,948.4743,7.4743,2026-01-20T05:51:20.551,4680.56,4680.85,4680.85,STOP,0,0,17475,0,0.0000,1,-942.0000,-949.4743,-0.993174,0.007880,-1.001054,11.50,9.42,1.212474,0.993174,5.93,16.03,7.72,-39.31,-82.67,REVERSAL,REVERSAL,REVERSAL,CONTINUATION,CONTINUATION,21,MONDAY,H17_24,2_3,NO_CALENDAR_OBSERVE_ONLY,0
H1,a1a2e0885e1cdd86,A_RECLAIM_CONTROL,LONG,CLOSED,TP,SWING_LOW,2e7002074bad8401,0,0,1.170206,2026-01-20T02:00:00,2026-01-20T03:00:00,4665.43,4668.03,4659.64,4660.50,4659.75,4659.75,4659.64,0.11,0.75,1.1000,7.5000,2026-01-20T03:00:00,2026-01-20T03:00:00.006,6,4660.49,4660.78,4660.78,0.29,2.9000,1,4659.05,4664.47,1.73,180.4572,7.4572,2026-01-20T03:00:56.917,4664.49,4664.78,4664.49,TP,0,0,56,0,0.0000,1,371.0000,363.5428,2.055889,0.041324,2.014564,3.71,0.80,2.055889,0.443318,9.31,19.70,54.00,65.97,96.08,REVERSAL,REVERSAL,REVERSAL,REVERSAL,REVERSAL,3,TUESDAY,H00_08,2_3,NO_CALENDAR_OBSERVE_ONLY,0
H1,a1a2e0885e1cdd86,B_NEXT_BAR_CONFIRM,LONG,CLOSED,TP,SWING_LOW,2e7002074bad8401,0,0,1.170206,2026-01-20T02:00:00,2026-01-20T03:00:00,4665.43,4668.03,4659.64,4660.50,4659.75,4659.75,4659.64,0.11,0.75,1.1000,7.5000,2026-01-20T04:00:00,2026-01-20T04:00:00.272,272,4669.79,4670.08,4670.08,0.29,2.9000,1,4659.05,4692.37,11.03,1110.4721,7.4721,2026-01-20T06:42:05.964,4692.50,4692.79,4692.50,TP,0,0,9725,0,0.0000,1,2242.0000,2234.5279,2.018961,0.006729,2.012232,22.42,4.52,2.018961,0.407034,9.31,19.70,54.00,65.97,96.08,REVERSAL,REVERSAL,REVERSAL,REVERSAL,REVERSAL,3,TUESDAY,H00_08,2_3,NO_CALENDAR_OBSERVE_ONLY,0
H1,924ce580a0d1f1ed,A_RECLAIM_CONTROL,SHORT,CLOSED,STOP,PSH;SWING_HIGH,2cdac53d71f4f2f1;9f48d461efd4a5e8,0,0,1.513410,2026-01-20T05:00:00,2026-01-20T06:00:00,4668.83,4681.55,4666.20,4680.20,4680.26,4680.26,4681.55,1.29,0.06,12.9000,0.6000,2026-01-20T06:00:00,2026-01-20T06:00:00.202,202,4680.21,4680.50,4680.21,0.29,2.9000,1,4682.14,4676.12,1.93,200.4883,7.4883,2026-01-20T06:00:41.661,4681.89,4682.18,4682.18,STOP,0,0,41,0,0.0000,1,-197.0000,-204.4883,-0.982601,0.037350,-1.019951,-0.25,1.97,-0.124696,0.982601,-14.88,-32.27,-49.09,-57.04,-104.41,CONTINUATION,CONTINUATION,CONTINUATION,CONTINUATION,CONTINUATION,6,TUESDAY,H00_08,2_3,NO_CALENDAR_OBSERVE_ONLY,0
H1,924ce580a0d1f1ed,B_NEXT_BAR_CONFIRM,SHORT,EXPIRED,CONFIRMATION_FAILED,PSH;SWING_HIGH,2cdac53d71f4f2f1;9f48d461efd4a5e8,0,0,1.513410,2026-01-20T05:00:00,2026-01-20T06:00:00,4668.83,4681.55,4666.20,4680.20,4680.26,4680.26,4681.55,1.29,0.06,12.9000,0.6000,,,NA,NA,NA,NA,NA,NA,NA,NA,NA,NA,NA,NA,,NA,NA,NA,,NA,NA,NA,0,NA,1,NA,NA,NA,NA,NA,NA,NA,NA,NA,-14.88,-32.27,-49.09,-57.04,-104.41,CONTINUATION,CONTINUATION,CONTINUATION,CONTINUATION,CONTINUATION,6,TUESDAY,H00_08,NA,NO_CALENDAR_OBSERVE_ONLY,0
H1,6241d9569fb4f37f,A_RECLAIM_CONTROL,SHORT,CLOSED,STOP,SWING_HIGH,a993932d8441ca86,0,0,5.559206,2026-01-20T15:00:00,2026-01-20T16:00:00,4727.82,4738.33,4715.51,4737.24,4737.41,4737.41,4738.33,0.92,0.17,9.2000,1.7000,2026-01-20T16:00:00,2026-01-20T16:00:00.028,28,4737.26,4737.54,4737.26,0.28,2.8000,1,4738.91,4733.73,1.65,172.5796,7.5796,2026-01-20T16:00:31.720,4738.68,4738.96,4738.96,STOP,0,0,31,0,0.0000,1,-170.0000,-177.5796,-0.985053,0.043920,-1.028972,1.14,1.70,0.660565,0.985053,-4.13,-16.34,-22.12,-47.37,-124.89,CONTINUATION,CONTINUATION,CONTINUATION,CONTINUATION,CONTINUATION,16,TUESDAY,H13_17,2_3,NO_CALENDAR_OBSERVE_ONLY,0
H1,6241d9569fb4f37f,B_NEXT_BAR_CONFIRM,SHORT,EXPIRED,CONFIRMATION_FAILED,SWING_HIGH,a993932d8441ca86,0,0,5.559206,2026-01-20T15:00:00,2026-01-20T16:00:00,4727.82,4738.33,4715.51,4737.24,4737.41,4737.41,4738.33,0.92,0.17,9.2000,1.7000,,,NA,NA,NA,NA,NA,NA,NA,NA,NA,NA,NA,NA,,NA,NA,NA,,NA,NA,NA,0,NA,1,NA,NA,NA,NA,NA,NA,NA,NA,NA,-4.13,-16.34,-22.12,-47.37,-124.89,CONTINUATION,CONTINUATION,CONTINUATION,CONTINUATION,CONTINUATION,16,TUESDAY,H13_17,NA,NO_CALENDAR_OBSERVE_ONLY,0
H1,11c9ca94717279ea,A_RECLAIM_CONTROL,LONG,CLOSED,STOP,SWING_LOW,6ba313bce124c3e5,0,0,2.517690,2026-01-21T17:00:00,2026-01-21T18:00:00,4851.95,4868.68,4812.82,4847.75,4832.63,4832.63,4812.82,19.81,15.12,198.1000,151.2000,2026-01-21T18:00:00,2026-01-21T18:00:00.004,4,4847.77,4848.05,4848.05,0.28,2.8000,1,4812.24,4919.91,35.81,3588.7569,7.7569,2026-01-21T19:31:18.698,4812.19,4812.47,4812.19,STOP,0,0,5478,0,0.0000,1,-3586.0000,-3593.7569,-0.999232,0.002161,-1.001393,7.70,35.86,0.214559,0.999232,-14.44,2.58,-20.60,-58.76,-28.06,CONTINUATION,REVERSAL,CONTINUATION,CONTINUATION,CONTINUATION,18,WEDNESDAY,H17_24,2_3,NO_CALENDAR_OBSERVE_ONLY,0
H1,11c9ca94717279ea,B_NEXT_BAR_CONFIRM,LONG,EXPIRED,CONFIRMATION_FAILED,SWING_LOW,6ba313bce124c3e5,0,0,2.517690,2026-01-21T17:00:00,2026-01-21T18:00:00,4851.95,4868.68,4812.82,4847.75,4832.63,4832.63,4812.82,19.81,15.12,198.1000,151.2000,,,NA,NA,NA,NA,NA,NA,NA,NA,NA,NA,NA,NA,,NA,NA,NA,,NA,NA,NA,0,NA,1,NA,NA,NA,NA,NA,NA,NA,NA,NA,-14.44,2.58,-20.60,-58.76,-28.06,CONTINUATION,REVERSAL,CONTINUATION,CONTINUATION,CONTINUATION,18,WEDNESDAY,H17_24,NA,NO_CALENDAR_OBSERVE_ONLY,0
H1,181acc6d5a569eba,A_RECLAIM_CONTROL,LONG,CLOSED,TP,SWING_LOW,97963d0eecf6d461,0,0,1.022744,2026-01-22T15:00:00,2026-01-22T16:00:00,4819.70,4835.35,4810.78,4822.33,4814.40,4814.40,4810.78,3.62,7.93,36.2000,79.3000,2026-01-22T16:00:00,2026-01-22T16:00:00.016,16,4822.34,4822.62,4822.62,0.28,2.8000,1,4810.20,4847.70,12.42,1249.7162,7.7162,2026-01-22T17:26:05.208,4847.73,4848.01,4847.73,TP,0,0,5165,0,0.0000,1,2511.0000,2503.2838,2.009256,0.006174,2.003082,25.11,2.14,2.009256,0.171239,12.83,55.72,93.65,142.78,107.54,REVERSAL,REVERSAL,REVERSAL,REVERSAL,REVERSAL,16,THURSDAY,H13_17,2_3,NO_CALENDAR_OBSERVE_ONLY,0
H1,181acc6d5a569eba,B_NEXT_BAR_CONFIRM,LONG,EXPIRED,CONFIRMATION_CONFLICT,SWING_LOW,97963d0eecf6d461,0,0,1.022744,2026-01-22T15:00:00,2026-01-22T16:00:00,4819.70,4835.35,4810.78,4822.33,4814.40,4814.40,4810.78,3.62,7.93,36.2000,79.3000,,,NA,NA,NA,NA,NA,NA,NA,NA,NA,NA,NA,NA,,NA,NA,NA,,NA,NA,NA,0,NA,1,NA,NA,NA,NA,NA,NA,NA,NA,NA,12.83,55.72,93.65,142.78,107.54,REVERSAL,REVERSAL,REVERSAL,REVERSAL,REVERSAL,16,THURSDAY,H13_17,NA,NO_CALENDAR_OBSERVE_ONLY,0
H1,6550246ef82acc31,A_RECLAIM_CONTROL,SHORT,CLOSED,STOP,SWING_HIGH,46a3682368d336d7,0,0,2.558381,2026-01-22T16:00:00,2026-01-22T17:00:00,4822.34,4847.57,4820.48,4835.16,4839.03,4839.03,4847.57,8.54,3.87,85.4000,38.7000,2026-01-22T17:00:00,2026-01-22T17:00:00.024,24,4835.18,4835.46,4835.18,0.28,2.8000,1,4848.15,4809.00,12.97,1304.7363,7.7363,2026-01-22T17:26:19.498,4847.88,4848.16,4848.16,STOP,0,0,1579,0,0.0000,1,-1298.0000,-1305.7363,-0.994837,0.005929,-1.000766,7.93,12.98,0.607786,0.994837,-36.57,-69.39,-76.68,-118.55,-87.59,CONTINUATION,CONTINUATION,CONTINUATION,CONTINUATION,CONTINUATION,17,THURSDAY,H17_24,2_3,NO_CALENDAR_OBSERVE_ONLY,0
H1,6550246ef82acc31,B_NEXT_BAR_CONFIRM,SHORT,EXPIRED,CONFIRMATION_FAILED,SWING_HIGH,46a3682368d336d7,0,0,2.558381,2026-01-22T16:00:00,2026-01-22T17:00:00,4822.34,4847.57,4820.48,4835.16,4839.03,4839.03,4847.57,8.54,3.87,85.4000,38.7000,,,NA,NA,NA,NA,NA,NA,NA,NA,NA,NA,NA,NA,,NA,NA,NA,,NA,NA,NA,0,NA,1,NA,NA,NA,NA,NA,NA,NA,NA,NA,-36.57,-69.39,-76.68,-118.55,-87.59,CONTINUATION,CONTINUATION,CONTINUATION,CONTINUATION,CONTINUATION,17,THURSDAY,H17_24,NA,NO_CALENDAR_OBSERVE_ONLY,0
H1,36f16b45837856f7,A_RECLAIM_CONTROL,SHORT,CLOSED,STOP,PSH,11e466894495dcd9,0,0,NA,2026-01-22T17:00:00,2026-01-22T18:00:00,4835.18,4873.81,4826.97,4871.73,4872.27,4872.27,4873.81,1.54,0.54,15.4000,5.4000,2026-01-22T18:00:00,2026-01-22T18:00:00.015,15,4871.76,4872.02,4871.76,0.26,2.6000,1,4874.37,4866.30,2.61,268.7948,7.7948,2026-01-22T18:00:06.325,4874.09,4874.37,4874.37,STOP,0,0,6,0,0.0000,1,-261.0000,-268.7948,-0.971001,0.028999,-1.000000,-0.26,2.61,-0.096728,0.971001,-6.32,-44.25,-45.20,-83.84,-67.59,CONTINUATION,CONTINUATION,CONTINUATION,CONTINUATION,CONTINUATION,18,THURSDAY,H17_24,2_3,NO_CALENDAR_OBSERVE_ONLY,0
H1,36f16b45837856f7,B_NEXT_BAR_CONFIRM,SHORT,EXPIRED,CONFIRMATION_FAILED,PSH,11e466894495dcd9,0,0,NA,2026-01-22T17:00:00,2026-01-22T18:00:00,4835.18,4873.81,4826.97,4871.73,4872.27,4872.27,4873.81,1.54,0.54,15.4000,5.4000,,,NA,NA,NA,NA,NA,NA,NA,NA,NA,NA,NA,NA,,NA,NA,NA,,NA,NA,NA,0,NA,1,NA,NA,NA,NA,NA,NA,NA,NA,NA,-6.32,-44.25,-45.20,-83.84,-67.59,CONTINUATION,CONTINUATION,CONTINUATION,CONTINUATION,CONTINUATION,18,THURSDAY,H17_24,NA,NO_CALENDAR_OBSERVE_ONLY,0
H1,358f89290da090df,A_RECLAIM_CONTROL,SHORT,CLOSED,STOP,SWING_HIGH,9a5f3434e6da4cdb,0,0,1.915004,2026-01-22T18:00:00,2026-01-22T19:00:00,4871.76,4885.26,4868.03,4878.05,4881.01,4881.01,4885.26,4.25,2.96,42.5000,29.6000,2026-01-22T19:00:00,2026-01-22T19:00:00.125,125,4878.10,4878.38,4878.10,0.28,2.8000,1,4885.84,4862.38,7.74,781.8050,7.8050,2026-01-22T19:22:54.210,4885.73,4886.01,4886.01,STOP,0,0,1374,0,0.0000,1,-791.0000,-798.8050,-1.011761,0.009983,-1.021745,7.89,7.91,1.009203,1.011761,-26.50,-33.79,-58.35,-73.99,-60.93,CONTINUATION,CONTINUATION,CONTINUATION,CONTINUATION,CONTINUATION,19,THURSDAY,H17_24,2_3,NO_CALENDAR_OBSERVE_ONLY,0
H1,358f89290da090df,B_NEXT_BAR_CONFIRM,SHORT,EXPIRED,CONFIRMATION_FAILED,SWING_HIGH,9a5f3434e6da4cdb,0,0,1.915004,2026-01-22T18:00:00,2026-01-22T19:00:00,4871.76,4885.26,4868.03,4878.05,4881.01,4881.01,4885.26,4.25,2.96,42.5000,29.6000,,,NA,NA,NA,NA,NA,NA,NA,NA,NA,NA,NA,NA,,NA,NA,NA,,NA,NA,NA,0,NA,1,NA,NA,NA,NA,NA,NA,NA,NA,NA,-26.50,-33.79,-58.35,-73.99,-60.93,CONTINUATION,CONTINUATION,CONTINUATION,CONTINUATION,CONTINUATION,19,THURSDAY,H17_24,NA,NO_CALENDAR_OBSERVE_ONLY,0
H1,1f1533d443f8311a,A_RECLAIM_CONTROL,SHORT,CLOSED,STOP,PSH,fa8ecbbecc6501d0,0,0,NA,2026-01-22T22:00:00,2026-01-22T23:00:00,4911.86,4928.29,4911.50,4916.93,4924.35,4924.35,4928.29,3.94,7.42,39.4000,74.2000,2026-01-22T23:00:00,2026-01-22T23:00:00.052,52,4916.91,4917.22,4916.91,0.31,3.1000,0,4928.90,4892.69,11.99,1206.8671,7.8671,2026-01-22T23:32:20.227,4928.62,4928.90,4928.90,STOP,0,0,1940,0,0.0000,1,-1199.0000,-1206.8671,-0.993481,0.006519,-1.000000,1.97,11.99,0.163233,0.993481,-19.47,-48.18,-38.64,-27.65,-48.80,CONTINUATION,CONTINUATION,CONTINUATION,CONTINUATION,CONTINUATION,23,THURSDAY,H17_24,3_5,NO_CALENDAR_OBSERVE_ONLY,0
H1,1f1533d443f8311a,B_NEXT_BAR_CONFIRM,SHORT,EXPIRED,CONFIRMATION_FAILED,PSH,fa8ecbbecc6501d0,0,0,NA,2026-01-22T22:00:00,2026-01-22T23:00:00,4911.86,4928.29,4911.50,4916.93,4924.35,4924.35,4928.29,3.94,7.42,39.4000,74.2000,,,NA,NA,NA,NA,NA,NA,NA,NA,NA,NA,NA,NA,,NA,NA,NA,,NA,NA,NA,0,NA,1,NA,NA,NA,NA,NA,NA,NA,NA,NA,-19.47,-48.18,-38.64,-27.65,-48.80,CONTINUATION,CONTINUATION,CONTINUATION,CONTINUATION,CONTINUATION,23,THURSDAY,H17_24,NA,NO_CALENDAR_OBSERVE_ONLY,0
H1,014a6ea8f693fd6a,A_RECLAIM_CONTROL,SHORT,CLOSED,TP,SWING_HIGH,dd5a8e622b5e7c4b,0,0,6.614674,2026-01-23T07:00:00,2026-01-23T08:00:00,4956.33,4967.48,4954.53,4960.78,4967.47,4967.47,4967.48,0.01,6.69,0.1000,66.9000,2026-01-23T08:00:00,2026-01-23T08:00:00.148,148,4960.77,4961.05,4960.77,0.28,2.8000,1,4968.06,4945.95,7.29,736.9372,7.9372,2026-01-23T09:45:38.110,4945.67,4945.95,4945.95,TP,0,0,6337,0,0.0000,1,1482.0000,1474.0628,2.011026,0.010771,2.000256,14.82,2.75,2.011026,0.373166,7.05,46.72,30.91,0.38,-120.37,REVERSAL,REVERSAL,REVERSAL,REVERSAL,CONTINUATION,8,FRIDAY,H08_13,2_3,NO_CALENDAR_OBSERVE_ONLY,0
H1,014a6ea8f693fd6a,B_NEXT_BAR_CONFIRM,SHORT,CLOSED,TP,SWING_HIGH,dd5a8e622b5e7c4b,0,0,6.614674,2026-01-23T07:00:00,2026-01-23T08:00:00,4956.33,4967.48,4954.53,4960.78,4967.47,4967.47,4967.48,0.01,6.69,0.1000,66.9000,2026-01-23T09:00:00,2026-01-23T09:00:00.104,104,4953.71,4954.02,4953.71,0.31,3.1000,1,4968.09,4924.71,14.38,1445.9259,7.9259,2026-01-23T10:23:33.804,4924.35,4924.63,4924.63,TP,0,0,5013,0,0.0000,1,2908.0000,2900.0741,2.011168,0.005482,2.005686,29.08,6.03,2.011168,0.417034,7.05,46.72,30.91,0.38,-120.37,REVERSAL,REVERSAL,REVERSAL,REVERSAL,CONTINUATION,8,FRIDAY,H08_13,3_5,NO_CALENDAR_OBSERVE_ONLY,0
H1,7b0e318eca628b4d,A_RECLAIM_CONTROL,SHORT,CLOSED,TP,SWING_HIGH,983a01aae93989f1,0,0,5.340193,2026-01-26T08:00:00,2026-01-26T09:00:00,5074.29,5111.13,5065.49,5078.21,5093.16,5093.16,5111.13,17.97,14.95,179.7000,149.5000,2026-01-26T09:00:00,2026-01-26T09:00:00.164,164,5077.67,5077.97,5077.67,0.30,3.0000,1,5111.73,5009.30,34.06,3414.1243,8.1243,2026-01-26T21:48:49.028,5008.87,5009.25,5009.25,TP,0,0,46128,0,0.0000,1,6842.0000,6833.8757,2.004028,0.002380,2.001648,68.42,27.89,2.004028,0.816901,-11.02,-5.83,-13.28,-11.24,1.40,CONTINUATION,CONTINUATION,CONTINUATION,CONTINUATION,REVERSAL,9,MONDAY,H08_13,3_5,NO_CALENDAR_OBSERVE_ONLY,0
H1,7b0e318eca628b4d,B_NEXT_BAR_CONFIRM,SHORT,EXPIRED,CONFIRMATION_FAILED,SWING_HIGH,983a01aae93989f1,0,0,5.340193,2026-01-26T08:00:00,2026-01-26T09:00:00,5074.29,5111.13,5065.49,5078.21,5093.16,5093.16,5111.13,17.97,14.95,179.7000,149.5000,,,NA,NA,NA,NA,NA,NA,NA,NA,NA,NA,NA,NA,,NA,NA,NA,,NA,NA,NA,0,NA,1,NA,NA,NA,NA,NA,NA,NA,NA,NA,-11.02,-5.83,-13.28,-11.24,1.40,CONTINUATION,CONTINUATION,CONTINUATION,CONTINUATION,REVERSAL,9,MONDAY,H08_13,NA,NO_CALENDAR_OBSERVE_ONLY,0
H1,fc38a35322ba534a,A_RECLAIM_CONTROL,SHORT,CLOSED,STOP,SWING_HIGH,1c909b9792a7af6b,0,0,1.771097,2026-01-26T17:00:00,2026-01-26T18:00:00,5096.50,5097.34,5073.88,5091.00,5096.95,5096.95,5097.34,0.39,5.95,3.9000,59.5000,2026-01-26T18:00:00,2026-01-26T18:00:00.060,60,5090.87,5091.20,5090.87,0.33,3.3000,1,5097.97,5076.42,7.10,718.1454,8.1454,2026-01-26T18:03:25.363,5097.69,5098.02,5098.02,STOP,0,0,205,0,0.0000,1,-715.0000,-723.1454,-0.995620,0.011342,-1.006962,0.90,7.15,0.125323,0.995620,1.55,22.08,36.11,18.53,5.95,REVERSAL,REVERSAL,REVERSAL,REVERSAL,REVERSAL,18,MONDAY,H17_24,3_5,NO_CALENDAR_OBSERVE_ONLY,0
H1,fc38a35322ba534a,B_NEXT_BAR_CONFIRM,SHORT,EXPIRED,CONFIRMATION_FAILED,SWING_HIGH,1c909b9792a7af6b,0,0,1.771097,2026-01-26T17:00:00,2026-01-26T18:00:00,5096.50,5097.34,5073.88,5091.00,5096.95,5096.95,5097.34,0.39,5.95,3.9000,59.5000,,,NA,NA,NA,NA,NA,NA,NA,NA,NA,NA,NA,NA,,NA,NA,NA,,NA,NA,NA,0,NA,1,NA,NA,NA,NA,NA,NA,NA,NA,NA,1.55,22.08,36.11,18.53,5.95,REVERSAL,REVERSAL,REVERSAL,REVERSAL,REVERSAL,18,MONDAY,H17_24,NA,NO_CALENDAR_OBSERVE_ONLY,0
H1,9ccf109db186b87d,A_RECLAIM_CONTROL,SHORT,CLOSED,STOP,SWING_HIGH,ef92c86887e1eff0,0,0,1.924306,2026-01-26T18:00:00,2026-01-26T19:00:00,5090.87,5104.81,5065.40,5089.45,5098.76,5098.76,5104.81,6.05,9.31,60.5000,93.1000,2026-01-26T19:00:00,2026-01-26T19:00:00.020,20,5089.56,5089.90,5089.56,0.34,3.4000,1,5105.45,5057.53,15.89,1597.1433,8.1433,2026-01-26T19:48:07.725,5105.23,5105.56,5105.56,STOP,0,0,2887,0,0.0000,1,-1600.0000,-1608.1433,-1.001789,0.005099,-1.006887,8.12,16.00,0.508408,1.001789,-11.39,60.71,77.94,12.64,12.08,CONTINUATION,REVERSAL,REVERSAL,REVERSAL,REVERSAL,19,MONDAY,H17_24,3_5,NO_CALENDAR_OBSERVE_ONLY,0
H1,9ccf109db186b87d,B_NEXT_BAR_CONFIRM,SHORT,EXPIRED,CONFIRMATION_FAILED,SWING_HIGH,ef92c86887e1eff0,0,0,1.924306,2026-01-26T18:00:00,2026-01-26T19:00:00,5090.87,5104.81,5065.40,5089.45,5098.76,5098.76,5104.81,6.05,9.31,60.5000,93.1000,,,NA,NA,NA,NA,NA,NA,NA,NA,NA,NA,NA,NA,,NA,NA,NA,,NA,NA,NA,0,NA,1,NA,NA,NA,NA,NA,NA,NA,NA,NA,-11.39,60.71,77.94,12.64,12.08,CONTINUATION,REVERSAL,REVERSAL,REVERSAL,REVERSAL,19,MONDAY,H17_24,NA,NO_CALENDAR_OBSERVE_ONLY,0
H1,d0f10e880e03e4f1,A_RECLAIM_CONTROL,LONG,CLOSED,STOP,SWING_LOW,cf8e726231cc472d,0,0,0.976012,2026-01-27T13:00:00,2026-01-27T14:00:00,5086.22,5090.97,5066.98,5076.81,5073.37,5073.37,5066.98,6.39,3.44,63.9000,34.4000,2026-01-27T14:00:00,2026-01-27T14:00:00.020,20,5076.80,5077.14,5077.14,0.34,3.4000,1,5066.34,5098.99,10.80,1088.1234,8.1234,2026-01-27T16:05:28.661,5066.29,5066.62,5066.29,STOP,0,0,7528,0,0.0000,1,-1085.0000,-1093.1234,-0.997130,0.007466,-1.004595,15.86,10.85,1.457555,0.997130,8.24,-22.58,10.74,103.19,217.01,REVERSAL,CONTINUATION,REVERSAL,REVERSAL,REVERSAL,14,TUESDAY,H13_17,3_5,NO_CALENDAR_OBSERVE_ONLY,0
H1,d0f10e880e03e4f1,B_NEXT_BAR_CONFIRM,LONG,EXPIRED,CONFIRMATION_FAILED,SWING_LOW,cf8e726231cc472d,0,0,0.976012,2026-01-27T13:00:00,2026-01-27T14:00:00,5086.22,5090.97,5066.98,5076.81,5073.37,5073.37,5066.98,6.39,3.44,63.9000,34.4000,,,NA,NA,NA,NA,NA,NA,NA,NA,NA,NA,NA,NA,,NA,NA,NA,,NA,NA,NA,0,NA,1,NA,NA,NA,NA,NA,NA,NA,NA,NA,8.24,-22.58,10.74,103.19,217.01,REVERSAL,CONTINUATION,REVERSAL,REVERSAL,REVERSAL,14,TUESDAY,H13_17,NA,NO_CALENDAR_OBSERVE_ONLY,0
H1,d2c1451cb24b834b,A_RECLAIM_CONTROL,SHORT,CLOSED,STOP,SWING_HIGH,0c2d2de2baba55a3,0,0,0.901619,2026-01-27T18:00:00,2026-01-27T19:00:00,5091.15,5103.17,5083.35,5087.55,5093.00,5093.00,5103.17,10.17,5.45,101.7000,54.5000,2026-01-27T19:00:00,2026-01-27T19:00:00.153,153,5087.54,5087.88,5087.54,0.34,3.4000,1,5103.81,5054.75,16.27,1635.1401,8.1401,2026-01-27T22:03:01.329,5103.58,5104.08,5104.08,STOP,0,0,10981,0,0.0000,1,-1654.0000,-1662.1401,-1.011534,0.004978,-1.016512,11.01,16.54,0.673337,1.011534,6.34,-11.48,-92.45,-147.52,-178.96,REVERSAL,CONTINUATION,CONTINUATION,CONTINUATION,CONTINUATION,19,TUESDAY,H17_24,3_5,NO_CALENDAR_OBSERVE_ONLY,0
H1,d2c1451cb24b834b,B_NEXT_BAR_CONFIRM,SHORT,CLOSED,STOP,SWING_HIGH,0c2d2de2baba55a3,0,0,0.901619,2026-01-27T18:00:00,2026-01-27T19:00:00,5091.15,5103.17,5083.35,5087.55,5093.00,5093.00,5103.17,10.17,5.45,101.7000,54.5000,2026-01-27T20:00:00,2026-01-27T20:00:00.365,365,5081.64,5082.02,5081.64,0.38,3.8000,1,5103.85,5036.97,22.21,2229.1306,8.1306,2026-01-27T22:03:01.329,5103.58,5104.08,5104.08,STOP,0,0,7380,0,0.0000,1,-2244.0000,-2252.1306,-1.006670,0.003647,-1.010318,5.11,22.44,0.229237,1.006670,6.34,-11.48,-92.45,-147.52,-178.96,REVERSAL,CONTINUATION,CONTINUATION,CONTINUATION,CONTINUATION,19,TUESDAY,H17_24,3_5,NO_CALENDAR_OBSERVE_ONLY,0
H1,ec2419a540331a24,A_RECLAIM_CONTROL,LONG,CLOSED,TP,SWING_LOW,4a7bf8a033c555dc,0,0,2.545267,2026-01-28T17:00:00,2026-01-28T18:00:00,5285.98,5297.92,5235.36,5278.19,5238.60,5238.60,5235.36,3.24,39.59,32.4000,395.9000,2026-01-28T18:00:00,2026-01-28T18:00:00.194,194,5278.27,5278.62,5278.62,0.35,3.5000,1,5234.71,5366.70,43.91,4399.4458,8.4458,2026-01-28T22:36:01.921,5366.75,5367.16,5366.75,TP,0,0,16561,0,0.0000,1,8813.0000,8804.5542,2.003207,0.001920,2.001287,88.13,10.33,2.003207,0.234802,21.53,5.23,98.73,257.66,256.13,REVERSAL,REVERSAL,REVERSAL,REVERSAL,REVERSAL,18,WEDNESDAY,H17_24,3_5,NO_CALENDAR_OBSERVE_ONLY,0
H1,ec2419a540331a24,B_NEXT_BAR_CONFIRM,LONG,CLOSED,TP,SWING_LOW,4a7bf8a033c555dc,0,0,2.545267,2026-01-28T17:00:00,2026-01-28T18:00:00,5285.98,5297.92,5235.36,5278.19,5238.60,5238.60,5235.36,3.24,39.59,32.4000,395.9000,2026-01-28T19:00:00,2026-01-28T19:00:00.076,76,5299.77,5300.12,5300.12,0.35,3.5000,1,5234.71,5431.20,65.41,6549.4802,8.4802,2026-01-29T01:01:08.575,5431.23,5431.66,5431.23,TP,0,0,21668,3,321.4530,1,13111.0000,12781.0668,2.001838,0.050375,1.951463,131.11,31.83,2.001838,0.485993,21.53,5.23,98.73,257.66,256.13,REVERSAL,REVERSAL,REVERSAL,REVERSAL,REVERSAL,18,WEDNESDAY,H17_24,3_5,NO_CALENDAR_OBSERVE_ONLY,0
H1,91f07eaddf4f8c1f,A_RECLAIM_CONTROL,SHORT,CLOSED,STOP,SWING_HIGH,69c81d796a137d99,0,0,5.474665,2026-01-28T20:00:00,2026-01-28T21:00:00,5298.47,5326.17,5268.29,5283.42,5311.68,5311.68,5326.17,14.49,28.26,144.9000,282.6000,2026-01-28T21:00:00,2026-01-28T21:00:00.057,57,5283.42,5283.92,5283.42,0.50,5.0000,1,5326.97,5196.06,43.55,4363.4535,8.4535,2026-01-28T21:57:56.857,5330.93,5331.43,5331.43,STOP,0,0,3476,0,0.0000,1,-4801.0000,-4809.4535,-1.100275,0.001937,-1.102213,13.92,48.01,0.319013,1.100275,-42.00,-131.50,-236.99,-279.00,100.45,CONTINUATION,CONTINUATION,CONTINUATION,CONTINUATION,REVERSAL,21,WEDNESDAY,H17_24,GE5,NO_CALENDAR_OBSERVE_ONLY,0
H1,91f07eaddf4f8c1f,B_NEXT_BAR_CONFIRM,SHORT,EXPIRED,CONFIRMATION_FAILED,SWING_HIGH,69c81d796a137d99,0,0,5.474665,2026-01-28T20:00:00,2026-01-28T21:00:00,5298.47,5326.17,5268.29,5283.42,5311.68,5311.68,5326.17,14.49,28.26,144.9000,282.6000,,,NA,NA,NA,NA,NA,NA,NA,NA,NA,NA,NA,NA,,NA,NA,NA,,NA,NA,NA,0,NA,1,NA,NA,NA,NA,NA,NA,NA,NA,NA,-42.00,-131.50,-236.99,-279.00,100.45,CONTINUATION,CONTINUATION,CONTINUATION,CONTINUATION,REVERSAL,21,WEDNESDAY,H17_24,NA,NO_CALENDAR_OBSERVE_ONLY,0
H1,59a0fc619215245b,A_RECLAIM_CONTROL,LONG,CLOSED,STOP,SWING_LOW,bfd76c1034d7c956,0,0,2.439894,2026-01-29T13:00:00,2026-01-29T14:00:00,5483.32,5528.75,5470.80,5522.61,5474.43,5474.43,5470.80,3.63,48.18,36.3000,481.8000,2026-01-29T14:00:00,2026-01-29T14:00:00.204,204,5522.56,5522.91,5522.91,0.35,3.5000,1,5470.15,5628.70,52.76,5284.8367,8.8367,2026-01-29T17:01:46.766,5469.34,5469.75,5469.34,STOP,0,0,10906,0,0.0000,1,-5357.0000,-5365.8367,-1.013655,0.001672,-1.015327,26.47,53.57,0.500867,1.013655,11.71,-24.05,-258.51,-144.62,-405.47,REVERSAL,CONTINUATION,CONTINUATION,CONTINUATION,CONTINUATION,14,THURSDAY,H13_17,3_5,NO_CALENDAR_OBSERVE_ONLY,0
H1,59a0fc619215245b,B_NEXT_BAR_CONFIRM,LONG,CLOSED,STOP,SWING_LOW,bfd76c1034d7c956,0,0,2.439894,2026-01-29T13:00:00,2026-01-29T14:00:00,5483.32,5528.75,5470.80,5522.61,5474.43,5474.43,5470.80,3.63,48.18,36.3000,481.8000,2026-01-29T15:00:00,2026-01-29T15:00:00.050,50,5534.29,5534.64,5534.64,0.35,3.5000,1,5470.15,5663.89,64.49,6457.8554,8.8554,2026-01-29T17:01:46.766,5469.34,5469.75,5469.34,STOP,0,0,7306,0,0.0000,1,-6530.0000,-6538.8554,-1.011172,0.001371,-1.012543,14.74,65.30,0.228249,1.011172,11.71,-24.05,-258.51,-144.62,-405.47,REVERSAL,CONTINUATION,CONTINUATION,CONTINUATION,CONTINUATION,14,THURSDAY,H13_17,3_5,NO_CALENDAR_OBSERVE_ONLY,0
H1,1eee75446ff20e16,A_RECLAIM_CONTROL,LONG,CLOSED,TP,PDL;SWING_LOW,3d055e83944d6c29;8e9dee0161a05601,0,0,1.066969,2026-01-29T17:00:00,2026-01-29T18:00:00,5497.37,5497.37,5104.68,5182.97,5157.19,5157.19,5104.68,52.51,25.78,525.1000,257.8000,2026-01-29T18:00:00,2026-01-29T18:00:00.040,40,5182.81,5183.22,5183.22,0.41,4.1000,1,5103.97,5341.97,79.25,7933.2932,8.2932,2026-01-29T19:24:03.715,5342.31,5342.72,5342.31,TP,0,0,5043,0,0.0000,1,15909.0000,15900.7068,2.005346,0.001045,2.004301,159.09,11.17,2.005346,0.140799,81.13,156.17,211.62,41.39,-118.28,REVERSAL,REVERSAL,REVERSAL,REVERSAL,CONTINUATION,18,THURSDAY,H17_24,3_5,NO_CALENDAR_OBSERVE_ONLY,0
H1,1eee75446ff20e16,B_NEXT_BAR_CONFIRM,LONG,EXPIRED,CONFIRMATION_FAILED,PDL;SWING_LOW,3d055e83944d6c29;8e9dee0161a05601,0,0,1.066969,2026-01-29T17:00:00,2026-01-29T18:00:00,5497.37,5497.37,5104.68,5182.97,5157.19,5157.19,5104.68,52.51,25.78,525.1000,257.8000,,,NA,NA,NA,NA,NA,NA,NA,NA,NA,NA,NA,NA,,NA,NA,NA,,NA,NA,NA,0,NA,1,NA,NA,NA,NA,NA,NA,NA,NA,NA,81.13,156.17,211.62,41.39,-118.28,REVERSAL,REVERSAL,REVERSAL,REVERSAL,CONTINUATION,18,THURSDAY,H17_24,NA,NO_CALENDAR_OBSERVE_ONLY,0
H1,741620c8e5255257,A_RECLAIM_CONTROL,LONG,CLOSED,STOP,SWING_LOW,10311b6e829bfb2c,0,0,4.027236,2026-01-30T10:00:00,2026-01-30T11:00:00,5181.10,5181.10,5057.41,5117.14,5112.08,5112.08,5057.41,54.67,5.06,546.7000,50.6000,2026-01-30T11:00:00,2026-01-30T11:00:00.069,69,5117.19,5117.60,5117.60,0.41,4.1000,1,5056.70,5239.65,60.90,6098.1882,8.1882,2026-01-30T11:12:26.983,5056.70,5057.11,5056.70,STOP,0,0,746,0,0.0000,1,-6090.0000,-6098.1882,-0.998657,0.001343,-1.000000,14.17,60.90,0.232364,0.998657,-103.45,18.84,-98.42,-237.47,-568.72,CONTINUATION,REVERSAL,CONTINUATION,CONTINUATION,CONTINUATION,11,FRIDAY,H08_13,3_5,NO_CALENDAR_OBSERVE_ONLY,0
H1,741620c8e5255257,B_NEXT_BAR_CONFIRM,LONG,EXPIRED,CONFIRMATION_FAILED,SWING_LOW,10311b6e829bfb2c,0,0,4.027236,2026-01-30T10:00:00,2026-01-30T11:00:00,5181.10,5181.10,5057.41,5117.14,5112.08,5112.08,5057.41,54.67,5.06,546.7000,50.6000,,,NA,NA,NA,NA,NA,NA,NA,NA,NA,NA,NA,NA,,NA,NA,NA,,NA,NA,NA,0,NA,1,NA,NA,NA,NA,NA,NA,NA,NA,NA,-103.45,18.84,-98.42,-237.47,-568.72,CONTINUATION,REVERSAL,CONTINUATION,CONTINUATION,CONTINUATION,11,FRIDAY,H08_13,NA,NO_CALENDAR_OBSERVE_ONLY,0
H1,6f369cbc1af26be4,A_RECLAIM_CONTROL,LONG,CLOSED,STOP,SWING_LOW,54869097458a938b,0,0,3.346250,2026-01-30T11:00:00,2026-01-30T12:00:00,5117.19,5131.77,4938.83,5013.69,4989.31,4989.31,4938.83,50.48,24.38,504.8000,243.8000,2026-01-30T12:00:00,2026-01-30T12:00:00.103,103,5013.62,5014.03,5014.03,0.41,4.1000,1,4938.12,5166.10,75.91,7599.0224,8.0224,2026-01-30T19:07:30.226,4937.36,4937.77,4937.36,STOP,0,0,25650,0,0.0000,1,-7667.0000,-7675.0224,-1.008946,0.001056,-1.010001,131.77,76.67,1.734039,1.008946,106.04,51.00,19.09,-81.28,-509.15,REVERSAL,REVERSAL,REVERSAL,CONTINUATION,CONTINUATION,12,FRIDAY,H08_13,3_5,NO_CALENDAR_OBSERVE_ONLY,0
H1,6f369cbc1af26be4,B_NEXT_BAR_CONFIRM,LONG,EXPIRED,CONFIRMATION_FAILED,SWING_LOW,54869097458a938b,0,0,3.346250,2026-01-30T11:00:00,2026-01-30T12:00:00,5117.19,5131.77,4938.83,5013.69,4989.31,4989.31,4938.83,50.48,24.38,504.8000,243.8000,,,NA,NA,NA,NA,NA,NA,NA,NA,NA,NA,NA,NA,,NA,NA,NA,,NA,NA,NA,0,NA,1,NA,NA,NA,NA,NA,NA,NA,NA,NA,106.04,51.00,19.09,-81.28,-509.15,REVERSAL,REVERSAL,REVERSAL,CONTINUATION,CONTINUATION,12,FRIDAY,H08_13,NA,NO_CALENDAR_OBSERVE_ONLY,0
H1,8fddaec8b5056bb2,A_RECLAIM_CONTROL,LONG,CLOSED,STOP,SWING_LOW,3ad0535e860ed85f,0,0,1.114579,2026-01-30T19:00:00,2026-01-30T20:00:00,4985.12,4985.99,4801.55,4849.86,4810.78,4810.78,4801.55,9.23,39.08,92.3000,390.8000,2026-01-30T20:00:00,2026-01-30T20:00:00.054,54,4849.90,4850.31,4850.31,0.41,4.1000,1,4800.84,4949.49,49.47,4954.7605,7.7605,2026-01-30T20:10:06.826,4798.56,4798.97,4798.56,STOP,0,0,606,0,0.0000,1,-5175.0000,-5182.7605,-1.044450,0.001566,-1.046016,39.80,51.75,0.803268,1.044450,29.81,-1.60,-109.53,-170.72,-129.04,REVERSAL,CONTINUATION,CONTINUATION,CONTINUATION,CONTINUATION,20,FRIDAY,H17_24,3_5,NO_CALENDAR_OBSERVE_ONLY,0
H1,8fddaec8b5056bb2,B_NEXT_BAR_CONFIRM,LONG,EXPIRED,CONFIRMATION_FAILED,SWING_LOW,3ad0535e860ed85f,0,0,1.114579,2026-01-30T19:00:00,2026-01-30T20:00:00,4985.12,4985.99,4801.55,4849.86,4810.78,4810.78,4801.55,9.23,39.08,92.3000,390.8000,,,NA,NA,NA,NA,NA,NA,NA,NA,NA,NA,NA,NA,,NA,NA,NA,,NA,NA,NA,0,NA,1,NA,NA,NA,NA,NA,NA,NA,NA,NA,29.81,-1.60,-109.53,-170.72,-129.04,REVERSAL,CONTINUATION,CONTINUATION,CONTINUATION,CONTINUATION,20,FRIDAY,H17_24,NA,NO_CALENDAR_OBSERVE_ONLY,0
H1,d7c7edab5054d526,A_RECLAIM_CONTROL,LONG,CLOSED,STOP,SWING_LOW,00d78b736bf7e857,0,0,2.592045,2026-01-30T20:00:00,2026-01-30T21:00:00,4849.90,4894.50,4687.63,4879.67,4772.52,4772.52,4687.63,84.89,107.15,848.9000,1071.5000,2026-01-30T21:00:00,2026-01-30T21:00:00.131,131,4882.27,4882.77,4882.77,0.50,5.0000,1,4686.83,5274.89,195.94,19601.8124,7.8124,2026-02-02T03:09:23.204,4686.31,4686.81,4686.31,STOP,0,0,194963,1,107.1510,1,-19646.0000,-19760.9634,-1.002254,0.005865,-1.008119,64.87,196.46,0.330939,1.002254,52.74,10.26,-112.69,-331.25,-260.15,REVERSAL,REVERSAL,CONTINUATION,CONTINUATION,CONTINUATION,21,FRIDAY,H17_24,GE5,NO_CALENDAR_OBSERVE_ONLY,0
H1,d7c7edab5054d526,B_NEXT_BAR_CONFIRM,LONG,CLOSED,STOP,SWING_LOW,00d78b736bf7e857,0,0,2.592045,2026-01-30T20:00:00,2026-01-30T21:00:00,4849.90,4894.50,4687.63,4879.67,4772.52,4772.52,4687.63,84.89,107.15,848.9000,1071.5000,2026-01-30T22:00:00,2026-01-30T22:00:00.044,44,4932.36,4932.84,4932.84,0.48,4.8000,0,4686.85,5425.06,245.99,24606.8925,7.8925,2026-02-02T03:09:23.204,4686.31,4686.81,4686.31,STOP,0,0,191363,1,107.1510,1,-24653.0000,-24768.0435,-1.001874,0.004675,-1.006549,-0.13,246.53,-0.000528,1.001874,52.74,10.26,-112.69,-331.25,-260.15,REVERSAL,REVERSAL,CONTINUATION,CONTINUATION,CONTINUATION,21,FRIDAY,H17_24,3_5,NO_CALENDAR_OBSERVE_ONLY,0
H1,31937edb07c8c614,A_RECLAIM_CONTROL,LONG,CLOSED,STOP,PDL;PSL;SWING_LOW,790dc3abaf131f6f;d1a4e1c108115bb2;e45f85670ea45ec7,0,0,4.214489,2026-02-02T03:00:00,2026-02-02T04:00:00,4766.91,4784.66,4585.85,4736.97,4687.63,4687.63,4585.85,101.78,49.34,1017.8000,493.4000,2026-02-02T04:00:00,2026-02-02T04:00:00.040,40,4736.98,4737.41,4737.41,0.43,4.3000,1,4585.12,5042.22,152.29,15236.5799,7.5799,2026-02-02T07:44:19.919,4583.88,4584.29,4583.88,STOP,0,0,13459,0,0.0000,1,-15353.0000,-15360.5799,-1.007641,0.000497,-1.008138,35.57,153.53,0.233451,1.007641,-25.14,-57.83,-232.43,30.15,-77.15,CONTINUATION,CONTINUATION,CONTINUATION,REVERSAL,CONTINUATION,4,MONDAY,H00_08,3_5,NO_CALENDAR_OBSERVE_ONLY,0
H1,31937edb07c8c614,B_NEXT_BAR_CONFIRM,LONG,EXPIRED,CONFIRMATION_FAILED,PDL;PSL;SWING_LOW,790dc3abaf131f6f;d1a4e1c108115bb2;e45f85670ea45ec7,0,0,4.214489,2026-02-02T03:00:00,2026-02-02T04:00:00,4766.91,4784.66,4585.85,4736.97,4687.63,4687.63,4585.85,101.78,49.34,1017.8000,493.4000,,,NA,NA,NA,NA,NA,NA,NA,NA,NA,NA,NA,NA,,NA,NA,NA,,NA,NA,NA,0,NA,1,NA,NA,NA,NA,NA,NA,NA,NA,NA,-25.14,-57.83,-232.43,30.15,-77.15,CONTINUATION,CONTINUATION,CONTINUATION,REVERSAL,CONTINUATION,4,MONDAY,H00_08,NA,NO_CALENDAR_OBSERVE_ONLY,0
H1,67887eba6fd75fb1,A_RECLAIM_CONTROL,LONG,CLOSED,STOP,SWING_LOW,e84ca98c5f8361c0,0,0,3.879853,2026-02-02T07:00:00,2026-02-02T08:00:00,4679.67,4695.72,4498.00,4548.42,4536.59,4536.59,4498.00,38.59,11.83,385.9000,118.3000,2026-02-02T08:00:00,2026-02-02T08:00:00.035,35,4548.40,4548.81,4548.81,0.41,4.1000,1,4497.29,4652.07,51.52,5159.2781,7.2781,2026-02-02T08:21:06.897,4497.11,4497.52,4497.11,STOP,0,0,1266,0,0.0000,1,-5170.0000,-5177.2781,-1.002078,0.001411,-1.003489,24.42,51.70,0.473322,1.002078,-43.88,92.74,157.23,71.10,234.84,CONTINUATION,REVERSAL,REVERSAL,REVERSAL,REVERSAL,8,MONDAY,H08_13,3_5,NO_CALENDAR_OBSERVE_ONLY,0
H1,67887eba6fd75fb1,B_NEXT_BAR_CONFIRM,LONG,EXPIRED,CONFIRMATION_FAILED,SWING_LOW,e84ca98c5f8361c0,0,0,3.879853,2026-02-02T07:00:00,2026-02-02T08:00:00,4679.67,4695.72,4498.00,4548.42,4536.59,4536.59,4498.00,38.59,11.83,385.9000,118.3000,,,NA,NA,NA,NA,NA,NA,NA,NA,NA,NA,NA,NA,,NA,NA,NA,,NA,NA,NA,0,NA,1,NA,NA,NA,NA,NA,NA,NA,NA,NA,-43.88,92.74,157.23,71.10,234.84,CONTINUATION,REVERSAL,REVERSAL,REVERSAL,REVERSAL,8,MONDAY,H08_13,NA,NO_CALENDAR_OBSERVE_ONLY,0
H1,ec02fb543790f9bd,A_RECLAIM_CONTROL,LONG,CLOSED,TP,SWING_LOW,5310c53c2c6d0f18,0,0,2.168605,2026-02-02T08:00:00,2026-02-02T09:00:00,4548.40,4573.23,4402.24,4504.54,4482.00,4482.00,4402.24,79.76,22.54,797.6000,225.4000,2026-02-02T09:00:00,2026-02-02T09:00:00.015,15,4504.18,4504.59,4504.59,0.41,4.1000,1,4401.53,4710.93,103.06,10313.2073,7.2073,2026-02-02T11:41:05.760,4711.08,4711.49,4711.08,TP,0,0,9665,0,0.0000,1,20649.0000,20641.7927,2.002190,0.000699,2.001491,206.49,20.48,2.002190,0.198580,82.62,215.25,262.58,161.44,307.20,REVERSAL,REVERSAL,REVERSAL,REVERSAL,REVERSAL,9,MONDAY,H08_13,3_5,NO_CALENDAR_OBSERVE_ONLY,0
H1,ec02fb543790f9bd,B_NEXT_BAR_CONFIRM,LONG,CLOSED,TP,SWING_LOW,5310c53c2c6d0f18,0,0,2.168605,2026-02-02T08:00:00,2026-02-02T09:00:00,4548.40,4573.23,4402.24,4504.54,4482.00,4482.00,4402.24,79.76,22.54,797.6000,225.4000,2026-02-02T10:00:00,2026-02-02T10:00:00.022,22,4587.13,4587.53,4587.53,0.40,4.0000,1,4401.54,4959.74,185.99,18606.3400,7.3400,2026-02-03T18:16:26.278,4960.98,4962.44,4960.98,TP,0,0,116186,1,107.1510,1,37345.0000,37230.5090,2.007112,0.006153,2.000958,373.45,24.79,2.007112,0.133234,82.62,215.25,262.58,161.44,307.20,REVERSAL,REVERSAL,REVERSAL,REVERSAL,REVERSAL,9,MONDAY,H08_13,3_5,NO_CALENDAR_OBSERVE_ONLY,0
H1,d83a94428d87558e,A_RECLAIM_CONTROL,SHORT,CLOSED,STOP,PSH,76c7a03534793895,0,0,NA,2026-02-03T02:00:00,2026-02-03T03:00:00,4773.62,4830.49,4766.09,4780.36,4794.26,4794.26,4830.49,36.23,13.90,362.3000,139.0000,2026-02-03T03:00:00,2026-02-03T03:00:00.095,95,4780.50,4780.89,4780.50,0.39,3.9000,1,4831.18,4678.91,50.68,5075.6488,7.6488,2026-02-03T03:15:02.682,4831.51,4831.91,4831.91,STOP,0,0,902,0,0.0000,1,-5141.0000,-5148.6488,-1.012875,0.001507,-1.014382,14.00,51.41,0.275827,1.012875,-60.25,-31.38,-44.58,-121.71,-162.37,CONTINUATION,CONTINUATION,CONTINUATION,CONTINUATION,CONTINUATION,3,TUESDAY,H00_08,3_5,NO_CALENDAR_OBSERVE_ONLY,0
H1,d83a94428d87558e,B_NEXT_BAR_CONFIRM,SHORT,EXPIRED,CONFIRMATION_FAILED,PSH,76c7a03534793895,0,0,NA,2026-02-03T02:00:00,2026-02-03T03:00:00,4773.62,4830.49,4766.09,4780.36,4794.26,4794.26,4830.49,36.23,13.90,362.3000,139.0000,,,NA,NA,NA,NA,NA,NA,NA,NA,NA,NA,NA,NA,,NA,NA,NA,,NA,NA,NA,0,NA,1,NA,NA,NA,NA,NA,NA,NA,NA,NA,-60.25,-31.38,-44.58,-121.71,-162.37,CONTINUATION,CONTINUATION,CONTINUATION,CONTINUATION,CONTINUATION,3,TUESDAY,H00_08,NA,NO_CALENDAR_OBSERVE_ONLY,0
H1,ff32c7150a3ea710,A_RECLAIM_CONTROL,SHORT,CLOSED,STOP,PDH,3d2b09afef9b7b84,0,0,NA,2026-02-03T08:00:00,2026-02-03T09:00:00,4824.97,4894.42,4816.78,4882.53,4884.96,4884.96,4894.42,9.46,2.43,94.6000,24.3000,2026-02-03T09:00:00,2026-02-03T09:00:00.029,29,4882.57,4883.23,4882.57,0.66,6.6000,1,4895.38,4856.71,12.81,1288.8121,7.8121,2026-02-03T09:25:47.725,4896.47,4897.16,4897.16,STOP,0,0,1547,0,0.0000,1,-1459.0000,-1466.8121,-1.132050,0.006061,-1.138112,9.88,14.59,0.766597,1.132050,-35.10,-34.08,-33.61,-72.74,-186.84,CONTINUATION,CONTINUATION,CONTINUATION,CONTINUATION,CONTINUATION,9,TUESDAY,H08_13,GE5,NO_CALENDAR_OBSERVE_ONLY,0
H1,ff32c7150a3ea710,B_NEXT_BAR_CONFIRM,SHORT,EXPIRED,CONFIRMATION_FAILED,PDH,3d2b09afef9b7b84,0,0,NA,2026-02-03T08:00:00,2026-02-03T09:00:00,4824.97,4894.42,4816.78,4882.53,4884.96,4884.96,4894.42,9.46,2.43,94.6000,24.3000,,,NA,NA,NA,NA,NA,NA,NA,NA,NA,NA,NA,NA,,NA,NA,NA,,NA,NA,NA,0,NA,1,NA,NA,NA,NA,NA,NA,NA,NA,NA,-35.10,-34.08,-33.61,-72.74,-186.84,CONTINUATION,CONTINUATION,CONTINUATION,CONTINUATION,CONTINUATION,9,TUESDAY,H08_13,NA,NO_CALENDAR_OBSERVE_ONLY,0
H1,5d541b047c57fdc5,A_RECLAIM_CONTROL,SHORT,CLOSED,TP,SWING_HIGH,c3e12dbe1cee98a6,0,0,2.746755,2026-02-03T15:00:00,2026-02-03T16:00:00,4913.83,4951.12,4902.45,4933.23,4949.40,4949.40,4951.12,1.72,16.17,17.2000,161.7000,2026-02-03T16:00:00,2026-02-03T16:00:00.070,70,4933.19,4933.75,4933.19,0.56,5.6000,1,4951.98,4895.37,18.79,1886.8931,7.8931,2026-02-03T16:35:12.068,4894.40,4894.97,4894.97,TP,0,0,2111,0,0.0000,1,3822.0000,3814.1069,2.025552,0.004183,2.021369,38.22,3.47,2.025552,0.183900,16.10,-22.04,25.76,-82.37,-115.54,REVERSAL,CONTINUATION,REVERSAL,CONTINUATION,CONTINUATION,16,TUESDAY,H13_17,GE5,NO_CALENDAR_OBSERVE_ONLY,0
H1,5d541b047c57fdc5,B_NEXT_BAR_CONFIRM,SHORT,EXPIRED,CONFIRMATION_FAILED,SWING_HIGH,c3e12dbe1cee98a6,0,0,2.746755,2026-02-03T15:00:00,2026-02-03T16:00:00,4913.83,4951.12,4902.45,4933.23,4949.40,4949.40,4951.12,1.72,16.17,17.2000,161.7000,,,NA,NA,NA,NA,NA,NA,NA,NA,NA,NA,NA,NA,,NA,NA,NA,,NA,NA,NA,0,NA,1,NA,NA,NA,NA,NA,NA,NA,NA,NA,16.10,-22.04,25.76,-82.37,-115.54,REVERSAL,CONTINUATION,REVERSAL,CONTINUATION,CONTINUATION,16,TUESDAY,H13_17,NA,NO_CALENDAR_OBSERVE_ONLY,0
H1,7de992307b1267a6,A_RECLAIM_CONTROL,LONG,CLOSED,TP,SWING_LOW,6b47de4010fcbb4c,0,0,0.972845,2026-02-03T21:00:00,2026-02-03T22:00:00,4907.55,4948.96,4880.45,4927.34,4883.35,4883.35,4880.45,2.90,43.99,29.0000,439.9000,2026-02-03T22:00:00,2026-02-03T22:00:00.192,192,4927.33,4928.51,4928.51,1.18,11.8000,0,4878.97,5027.83,49.54,4961.8856,7.8856,2026-02-04T03:06:40.135,5028.00,5029.18,5028.00,TP,0,0,18399,1,107.1510,1,9949.0000,9833.9634,2.005085,0.023184,1.981900,99.49,26.23,2.005085,0.528630,15.39,19.74,119.37,148.63,-21.14,REVERSAL,REVERSAL,REVERSAL,REVERSAL,CONTINUATION,22,TUESDAY,H17_24,GE5,NO_CALENDAR_OBSERVE_ONLY,0
H1,7de992307b1267a6,B_NEXT_BAR_CONFIRM,LONG,EXPIRED,CONFIRMATION_FAILED,SWING_LOW,6b47de4010fcbb4c,0,0,0.972845,2026-02-03T21:00:00,2026-02-03T22:00:00,4907.55,4948.96,4880.45,4927.34,4883.35,4883.35,4880.45,2.90,43.99,29.0000,439.9000,,,NA,NA,NA,NA,NA,NA,NA,NA,NA,NA,NA,NA,,NA,NA,NA,,NA,NA,NA,0,NA,1,NA,NA,NA,NA,NA,NA,NA,NA,NA,15.39,19.74,119.37,148.63,-21.14,REVERSAL,REVERSAL,REVERSAL,REVERSAL,CONTINUATION,22,TUESDAY,H17_24,NA,NO_CALENDAR_OBSERVE_ONLY,0
H1,a21723c3c5ab1c23,A_RECLAIM_CONTROL,LONG,CLOSED,STOP,SWING_LOW,2685f69df71a8ea4,0,0,1.176085,2026-02-04T11:00:00,2026-02-04T12:00:00,5083.53,5086.83,5042.83,5059.52,5051.07,5051.07,5042.83,8.24,8.45,82.4000,84.5000,2026-02-04T12:00:00,2026-02-04T12:00:00.014,14,5059.51,5060.08,5060.08,0.57,5.7000,1,5041.96,5096.57,18.12,1820.0961,8.0961,2026-02-04T12:28:16.322,5041.89,5042.45,5041.89,STOP,0,0,1696,0,0.0000,1,-1819.0000,-1827.0961,-0.999398,0.004448,-1.003846,4.32,18.19,0.237350,0.999398,-10.75,-17.83,-73.20,-118.51,-138.77,CONTINUATION,CONTINUATION,CONTINUATION,CONTINUATION,CONTINUATION,12,WEDNESDAY,H08_13,GE5,NO_CALENDAR_OBSERVE_ONLY,0
H1,a21723c3c5ab1c23,B_NEXT_BAR_CONFIRM,LONG,EXPIRED,CONFIRMATION_FAILED,SWING_LOW,2685f69df71a8ea4,0,0,1.176085,2026-02-04T11:00:00,2026-02-04T12:00:00,5083.53,5086.83,5042.83,5059.52,5051.07,5051.07,5042.83,8.24,8.45,82.4000,84.5000,,,NA,NA,NA,NA,NA,NA,NA,NA,NA,NA,NA,NA,,NA,NA,NA,,NA,NA,NA,0,NA,1,NA,NA,NA,NA,NA,NA,NA,NA,NA,-10.75,-17.83,-73.20,-118.51,-138.77,CONTINUATION,CONTINUATION,CONTINUATION,CONTINUATION,CONTINUATION,12,WEDNESDAY,H08_13,NA,NO_CALENDAR_OBSERVE_ONLY,0
H1,8c598bdc26090809,A_RECLAIM_CONTROL,LONG,CLOSED,TP,PSL;SWING_LOW,2498d57790d8f559;2a91fe94df58a79c,0,0,1.836118,2026-02-04T18:00:00,2026-02-04T19:00:00,4919.67,4940.43,4854.83,4906.20,4880.45,4880.45,4854.83,25.62,25.75,256.2000,257.5000,2026-02-04T19:00:00,2026-02-04T19:00:00.016,16,4906.10,4906.67,4906.67,0.57,5.7000,1,4853.96,5012.33,52.71,5278.8507,7.8507,2026-02-05T01:16:25.990,5012.33,5013.05,5012.33,TP,0,0,22585,3,321.4530,1,10566.0000,10236.6963,2.001572,0.062382,1.939190,105.66,33.64,2.001572,0.637260,-7.83,34.81,58.38,-29.51,-74.76,CONTINUATION,REVERSAL,REVERSAL,CONTINUATION,CONTINUATION,19,WEDNESDAY,H17_24,GE5,NO_CALENDAR_OBSERVE_ONLY,0
H1,8c598bdc26090809,B_NEXT_BAR_CONFIRM,LONG,EXPIRED,CONFIRMATION_FAILED,PSL;SWING_LOW,2498d57790d8f559;2a91fe94df58a79c,0,0,1.836118,2026-02-04T18:00:00,2026-02-04T19:00:00,4919.67,4940.43,4854.83,4906.20,4880.45,4880.45,4854.83,25.62,25.75,256.2000,257.5000,,,NA,NA,NA,NA,NA,NA,NA,NA,NA,NA,NA,NA,,NA,NA,NA,,NA,NA,NA,0,NA,1,NA,NA,NA,NA,NA,NA,NA,NA,NA,-7.83,34.81,58.38,-29.51,-74.76,CONTINUATION,REVERSAL,REVERSAL,CONTINUATION,CONTINUATION,19,WEDNESDAY,H17_24,NA,NO_CALENDAR_OBSERVE_ONLY,0
H1,378fd35e2f793df3,A_RECLAIM_CONTROL,LONG,CLOSED,STOP,PSL;SWING_LOW,6e0760642708d0d7;85f40e6e11161e84,0,0,2.434456,2026-02-05T22:00:00,2026-02-05T23:00:00,4830.07,4843.21,4792.56,4808.95,4800.40,4800.40,4792.56,7.84,8.55,78.4000,85.5000,2026-02-05T23:00:00,2026-02-05T23:00:00.124,124,4809.11,4810.31,4810.31,1.20,12.0000,0,4791.06,4849.05,19.25,1932.6965,7.6965,2026-02-05T23:33:53.311,4790.94,4792.14,4790.94,STOP,0,0,2033,0,0.0000,1,-1937.0000,-1944.6965,-1.002227,0.003982,-1.006209,15.76,19.37,0.815441,1.002227,-29.29,-45.78,7.77,32.79,151.82,CONTINUATION,CONTINUATION,REVERSAL,REVERSAL,REVERSAL,23,THURSDAY,H17_24,GE5,NO_CALENDAR_OBSERVE_ONLY,0
H1,378fd35e2f793df3,B_NEXT_BAR_CONFIRM,LONG,EXPIRED,CONFIRMATION_FAILED,PSL;SWING_LOW,6e0760642708d0d7;85f40e6e11161e84,0,0,2.434456,2026-02-05T22:00:00,2026-02-05T23:00:00,4830.07,4843.21,4792.56,4808.95,4800.40,4800.40,4792.56,7.84,8.55,78.4000,85.5000,,,NA,NA,NA,NA,NA,NA,NA,NA,NA,NA,NA,NA,,NA,NA,NA,,NA,NA,NA,0,NA,1,NA,NA,NA,NA,NA,NA,NA,NA,NA,-29.29,-45.78,7.77,32.79,151.82,CONTINUATION,CONTINUATION,REVERSAL,REVERSAL,REVERSAL,23,THURSDAY,H17_24,NA,NO_CALENDAR_OBSERVE_ONLY,0
H1,b0b443a8a56cae10,A_RECLAIM_CONTROL,SHORT,CLOSED,TP,PSH;SWING_HIGH,ba7ae980a5e76517;d77307f8230eaeed,0,0,2.880739,2026-02-09T22:00:00,2026-02-09T23:00:00,5074.59,5086.32,5072.03,5078.91,5080.78,5080.78,5086.32,5.54,1.87,55.4000,18.7000,2026-02-09T23:00:00,2026-02-09T23:00:00.006,6,5079.09,5080.29,5079.09,1.20,12.0000,0,5087.82,5061.38,8.73,881.1265,8.1265,2026-02-09T23:28:10.902,5059.94,5061.14,5061.14,TP,0,0,1690,0,0.0000,1,1795.0000,1786.8735,2.037165,0.009223,2.027942,17.95,5.27,2.037165,0.598098,19.82,60.23,41.09,45.03,52.54,REVERSAL,REVERSAL,REVERSAL,REVERSAL,REVERSAL,23,MONDAY,H17_24,GE5,NO_CALENDAR_OBSERVE_ONLY,0
H1,b0b443a8a56cae10,B_NEXT_BAR_CONFIRM,SHORT,CLOSED,TP,PSH;SWING_HIGH,ba7ae980a5e76517;d77307f8230eaeed,0,0,2.880739,2026-02-09T22:00:00,2026-02-09T23:00:00,5074.59,5086.32,5072.03,5078.91,5080.78,5080.78,5086.32,5.54,1.87,55.4000,18.7000,2026-02-10T00:00:00,2026-02-10T01:00:11.717,3611717,5057.68,5062.25,5057.68,4.57,45.7000,0,5091.19,4990.41,33.51,3359.0923,8.0923,2026-02-10T01:12:30.389,4989.05,4990.34,4990.34,TP,0,0,738,0,0.0000,1,6734.0000,6725.9077,2.004708,0.002409,2.002299,67.34,19.60,2.004708,0.583491,19.82,60.23,41.09,45.03,52.54,REVERSAL,REVERSAL,REVERSAL,REVERSAL,REVERSAL,23,MONDAY,H17_24,GE5,NO_CALENDAR_OBSERVE_ONLY,0
H1,47710a2bb08b9635,A_RECLAIM_CONTROL,LONG,CLOSED,STOP,PSL,ebd1305aff23af31,0,0,NA,2026-02-10T01:00:00,2026-02-10T02:00:00,5057.68,5076.54,4987.40,5032.25,5014.01,5014.01,4987.40,26.61,18.24,266.1000,182.4000,2026-02-10T02:00:00,2026-02-10T02:00:00.042,42,5032.24,5032.98,5032.98,0.74,7.4000,1,4986.36,5126.47,46.62,4670.0528,8.0528,2026-02-12T18:13:26.084,4983.39,4984.37,4983.39,STOP,0,0,231206,4,428.6040,1,-4959.0000,-5395.6568,-1.061872,0.093501,-1.155374,86.19,49.59,1.845589,1.061872,-13.57,5.57,-0.65,13.99,-4.33,CONTINUATION,REVERSAL,CONTINUATION,REVERSAL,CONTINUATION,2,TUESDAY,H00_08,GE5,NO_CALENDAR_OBSERVE_ONLY,0
H1,47710a2bb08b9635,B_NEXT_BAR_CONFIRM,LONG,EXPIRED,CONFIRMATION_FAILED,PSL,ebd1305aff23af31,0,0,NA,2026-02-10T01:00:00,2026-02-10T02:00:00,5057.68,5076.54,4987.40,5032.25,5014.01,5014.01,4987.40,26.61,18.24,266.1000,182.4000,,,NA,NA,NA,NA,NA,NA,NA,NA,NA,NA,NA,NA,,NA,NA,NA,,NA,NA,NA,0,NA,1,NA,NA,NA,NA,NA,NA,NA,NA,NA,-13.57,5.57,-0.65,13.99,-4.33,CONTINUATION,REVERSAL,CONTINUATION,REVERSAL,CONTINUATION,2,TUESDAY,H00_08,NA,NO_CALENDAR_OBSERVE_ONLY,0
H1,71461fcc4188fc1e,A_RECLAIM_CONTROL,SHORT,CLOSED,STOP,SWING_HIGH,3758a312f3ba0457,0,0,2.108116,2026-02-10T11:00:00,2026-02-10T12:00:00,5039.36,5063.43,5038.79,5046.24,5056.36,5056.36,5063.43,7.07,10.12,70.7000,101.2000,2026-02-10T12:00:00,2026-02-10T12:00:00.265,265,5046.29,5046.87,5046.29,0.58,5.8000,1,5064.31,5010.00,18.02,1810.0741,8.0741,2026-02-10T16:16:38.097,5063.77,5064.37,5064.37,STOP,0,0,15397,0,0.0000,1,-1808.0000,-1816.0741,-0.998854,0.004461,-1.003315,25.77,18.08,1.423699,0.998854,-1.85,14.03,6.93,18.32,-17.70,CONTINUATION,REVERSAL,REVERSAL,REVERSAL,CONTINUATION,12,TUESDAY,H08_13,GE5,NO_CALENDAR_OBSERVE_ONLY,0
H1,71461fcc4188fc1e,B_NEXT_BAR_CONFIRM,SHORT,EXPIRED,CONFIRMATION_FAILED,SWING_HIGH,3758a312f3ba0457,0,0,2.108116,2026-02-10T11:00:00,2026-02-10T12:00:00,5039.36,5063.43,5038.79,5046.24,5056.36,5056.36,5063.43,7.07,10.12,70.7000,101.2000,,,NA,NA,NA,NA,NA,NA,NA,NA,NA,NA,NA,NA,,NA,NA,NA,,NA,NA,NA,0,NA,1,NA,NA,NA,NA,NA,NA,NA,NA,NA,-1.85,14.03,6.93,18.32,-17.70,CONTINUATION,REVERSAL,REVERSAL,REVERSAL,CONTINUATION,12,TUESDAY,H08_13,NA,NO_CALENDAR_OBSERVE_ONLY,0
H1,e565bf6ab505768c,A_RECLAIM_CONTROL,SHORT,CLOSED,STOP,SWING_HIGH,0dd1391c43d87cbe,0,0,1.836773,2026-02-10T16:00:00,2026-02-10T17:00:00,5049.74,5078.56,5020.84,5039.31,5063.43,5063.43,5078.56,15.13,24.12,151.3000,241.2000,2026-02-10T17:00:00,2026-02-10T17:00:00.123,123,5039.30,5039.90,5039.30,0.60,6.0000,1,5079.46,4958.73,40.16,4024.0629,8.0629,2026-02-11T12:41:04.334,5080.89,5082.81,5082.81,STOP,0,0,70864,1,46.9170,1,-4351.0000,-4405.9799,-1.081246,0.013663,-1.094908,39.97,43.51,0.993275,1.081246,19.43,12.94,11.39,-12.98,-73.00,REVERSAL,REVERSAL,REVERSAL,CONTINUATION,CONTINUATION,17,TUESDAY,H17_24,GE5,NO_CALENDAR_OBSERVE_ONLY,0
H1,e565bf6ab505768c,B_NEXT_BAR_CONFIRM,SHORT,EXPIRED,CONFIRMATION_CONFLICT,SWING_HIGH,0dd1391c43d87cbe,0,0,1.836773,2026-02-10T16:00:00,2026-02-10T17:00:00,5049.74,5078.56,5020.84,5039.31,5063.43,5063.43,5078.56,15.13,24.12,151.3000,241.2000,,,NA,NA,NA,NA,NA,NA,NA,NA,NA,NA,NA,NA,,NA,NA,NA,,NA,NA,NA,0,NA,1,NA,NA,NA,NA,NA,NA,NA,NA,NA,19.43,12.94,11.39,-12.98,-73.00,REVERSAL,REVERSAL,REVERSAL,CONTINUATION,CONTINUATION,17,TUESDAY,H17_24,NA,NO_CALENDAR_OBSERVE_ONLY,0
H1,3005bac5d3ec80a9,A_RECLAIM_CONTROL,LONG,CLOSED,TP,SWING_LOW,ed5bddef5c49c8f2,0,0,1.390850,2026-02-10T17:00:00,2026-02-10T18:00:00,5039.30,5048.01,4998.14,5019.88,5019.86,5019.86,4998.14,21.72,0.02,217.2000,0.2000,2026-02-10T18:00:00,2026-02-10T18:00:00.224,224,5019.89,5020.50,5020.50,0.61,6.1000,1,4997.23,5067.29,23.27,2335.0328,8.0328,2026-02-11T09:11:30.186,5067.29,5067.86,5067.29,TP,0,0,54689,1,107.1510,1,4679.0000,4563.8162,2.003826,0.049329,1.954498,46.79,15.67,2.003826,0.671083,2.85,-6.66,11.74,33.78,62.97,REVERSAL,CONTINUATION,REVERSAL,REVERSAL,REVERSAL,18,TUESDAY,H17_24,GE5,NO_CALENDAR_OBSERVE_ONLY,0
H1,3005bac5d3ec80a9,B_NEXT_BAR_CONFIRM,LONG,EXPIRED,CONFIRMATION_FAILED,SWING_LOW,ed5bddef5c49c8f2,0,0,1.390850,2026-02-10T17:00:00,2026-02-10T18:00:00,5039.30,5048.01,4998.14,5019.88,5019.86,5019.86,4998.14,21.72,0.02,217.2000,0.2000,,,NA,NA,NA,NA,NA,NA,NA,NA,NA,NA,NA,NA,,NA,NA,NA,,NA,NA,NA,0,NA,1,NA,NA,NA,NA,NA,NA,NA,NA,NA,2.85,-6.66,11.74,33.78,62.97,REVERSAL,CONTINUATION,REVERSAL,REVERSAL,REVERSAL,18,TUESDAY,H17_24,NA,NO_CALENDAR_OBSERVE_ONLY,0
H1,e3825dc48885cfaf,A_RECLAIM_CONTROL,SHORT,CLOSED,STOP,SWING_HIGH,fe2d034140310db2,0,0,1.807926,2026-02-11T04:00:00,2026-02-11T05:00:00,5052.29,5057.58,5032.51,5053.66,5054.54,5054.54,5057.58,3.04,0.88,30.4000,8.8000,2026-02-11T05:00:00,2026-02-11T05:00:00.030,30,5053.67,5054.40,5053.67,0.73,7.3000,1,5058.61,5043.54,4.94,502.0859,8.0859,2026-02-11T05:23:27.693,5057.92,5059.13,5059.13,STOP,0,0,1407,0,0.0000,1,-546.0000,-554.0859,-1.087463,0.016105,-1.103568,7.56,5.46,1.505719,1.087463,-0.74,1.77,-1.80,-29.19,-7.46,CONTINUATION,REVERSAL,CONTINUATION,CONTINUATION,CONTINUATION,5,WEDNESDAY,H00_08,GE5,NO_CALENDAR_OBSERVE_ONLY,0
H1,e3825dc48885cfaf,B_NEXT_BAR_CONFIRM,SHORT,EXPIRED,CONFIRMATION_FAILED,SWING_HIGH,fe2d034140310db2,0,0,1.807926,2026-02-11T04:00:00,2026-02-11T05:00:00,5052.29,5057.58,5032.51,5053.66,5054.54,5054.54,5057.58,3.04,0.88,30.4000,8.8000,,,NA,NA,NA,NA,NA,NA,NA,NA,NA,NA,NA,NA,,NA,NA,NA,,NA,NA,NA,0,NA,1,NA,NA,NA,NA,NA,NA,NA,NA,NA,-0.74,1.77,-1.80,-29.19,-7.46,CONTINUATION,REVERSAL,CONTINUATION,CONTINUATION,CONTINUATION,5,WEDNESDAY,H00_08,NA,NO_CALENDAR_OBSERVE_ONLY,0
H1,a6f6d32f506fefa1,A_RECLAIM_CONTROL,LONG,CLOSED,STOP,SWING_LOW,45606c0e89649b8e,0,0,0.359967,2026-02-11T15:00:00,2026-02-11T16:00:00,5082.84,5090.43,5019.17,5069.01,5045.65,5045.65,5019.17,26.48,23.36,264.8000,233.6000,2026-02-11T16:00:00,2026-02-11T16:00:00.103,103,5068.52,5069.09,5069.09,0.57,5.7000,1,5018.30,5170.92,50.79,5087.1105,8.1105,2026-02-12T18:11:39.629,5018.11,5019.31,5018.11,STOP,0,0,94299,3,321.4530,1,-5098.0000,-5427.5635,-1.002141,0.064784,-1.066925,31.31,50.98,0.615477,1.002141,-7.59,5.24,13.28,-6.08,-6.87,CONTINUATION,REVERSAL,REVERSAL,CONTINUATION,CONTINUATION,16,WEDNESDAY,H13_17,GE5,NO_CALENDAR_OBSERVE_ONLY,0
H1,a6f6d32f506fefa1,B_NEXT_BAR_CONFIRM,LONG,EXPIRED,CONFIRMATION_FAILED,SWING_LOW,45606c0e89649b8e,0,0,0.359967,2026-02-11T15:00:00,2026-02-11T16:00:00,5082.84,5090.43,5019.17,5069.01,5045.65,5045.65,5019.17,26.48,23.36,264.8000,233.6000,,,NA,NA,NA,NA,NA,NA,NA,NA,NA,NA,NA,NA,,NA,NA,NA,,NA,NA,NA,0,NA,1,NA,NA,NA,NA,NA,NA,NA,NA,NA,-7.59,5.24,13.28,-6.08,-6.87,CONTINUATION,REVERSAL,REVERSAL,CONTINUATION,CONTINUATION,16,WEDNESDAY,H13_17,NA,NO_CALENDAR_OBSERVE_ONLY,0
H1,3fde34c03c2a36fb,A_RECLAIM_CONTROL,SHORT,CLOSED,TP,PSH;SWING_HIGH,058085acba983220;17a3a62519bbf4ad,0,0,2.506387,2026-02-12T01:00:00,2026-02-12T02:00:00,5084.87,5100.40,5053.15,5061.12,5098.80,5098.80,5100.40,1.60,37.68,16.0000,376.8000,2026-02-12T02:00:00,2026-02-12T02:00:00.026,26,5061.07,5061.82,5061.07,0.75,7.5000,1,5101.45,4980.06,40.38,4046.0977,8.0977,2026-02-12T18:14:09.611,4978.56,4979.22,4979.22,TP,0,0,58449,0,0.0000,1,8185.0000,8176.9023,2.022937,0.002001,2.020935,81.85,23.26,2.022937,0.574875,-1.81,-5.00,-8.42,-12.10,115.76,CONTINUATION,CONTINUATION,CONTINUATION,CONTINUATION,REVERSAL,2,THURSDAY,H00_08,GE5,NO_CALENDAR_OBSERVE_ONLY,0
H1,3fde34c03c2a36fb,B_NEXT_BAR_CONFIRM,SHORT,EXPIRED,CONFIRMATION_FAILED,PSH;SWING_HIGH,058085acba983220;17a3a62519bbf4ad,0,0,2.506387,2026-02-12T01:00:00,2026-02-12T02:00:00,5084.87,5100.40,5053.15,5061.12,5098.80,5098.80,5100.40,1.60,37.68,16.0000,376.8000,,,NA,NA,NA,NA,NA,NA,NA,NA,NA,NA,NA,NA,,NA,NA,NA,,NA,NA,NA,0,NA,1,NA,NA,NA,NA,NA,NA,NA,NA,NA,-1.81,-5.00,-8.42,-12.10,115.76,CONTINUATION,CONTINUATION,CONTINUATION,CONTINUATION,REVERSAL,2,THURSDAY,H00_08,NA,NO_CALENDAR_OBSERVE_ONLY,0
H1,6599521cdbff6cb3,A_RECLAIM_CONTROL,SHORT,CLOSED,TP,SWING_HIGH,7921bbbe0d92f9ad,0,0,1.288228,2026-02-12T11:00:00,2026-02-12T12:00:00,5068.51,5080.84,5066.27,5073.22,5078.16,5078.16,5080.84,2.68,4.94,26.8000,49.4000,2026-02-12T12:00:00,2026-02-12T12:00:00.018,18,5073.23,5073.85,5073.23,0.62,6.2000,1,5081.76,5055.92,8.53,861.1172,8.1172,2026-02-12T14:44:09.906,5055.34,5055.89,5055.89,TP,0,0,9849,0,0.0000,1,1734.0000,1725.8828,2.013663,0.009426,2.004237,17.34,4.57,2.013663,0.530706,11.08,20.42,28.86,127.86,105.96,REVERSAL,REVERSAL,REVERSAL,REVERSAL,REVERSAL,12,THURSDAY,H08_13,GE5,NO_CALENDAR_OBSERVE_ONLY,0
H1,6599521cdbff6cb3,B_NEXT_BAR_CONFIRM,SHORT,CLOSED,STOP,SWING_HIGH,7921bbbe0d92f9ad,0,0,1.288228,2026-02-12T11:00:00,2026-02-12T12:00:00,5068.51,5080.84,5066.27,5073.22,5078.16,5078.16,5080.84,2.68,4.94,26.8000,49.4000,2026-02-12T13:00:00,2026-02-12T13:00:00.218,218,5062.05,5062.67,5062.05,0.62,6.2000,1,5081.76,5022.38,19.71,1979.0993,8.0993,2026-02-12T15:47:32.503,5081.41,5082.50,5082.50,STOP,0,0,10052,0,0.0000,1,-2045.0000,-2053.0993,-1.033298,0.004092,-1.037391,12.69,20.45,0.641201,1.033298,11.08,20.42,28.86,127.86,105.96,REVERSAL,REVERSAL,REVERSAL,REVERSAL,REVERSAL,12,THURSDAY,H08_13,GE5,NO_CALENDAR_OBSERVE_ONLY,0
H1,a0ef1b1c125578d3,A_RECLAIM_CONTROL,SHORT,CLOSED,TP,SWING_HIGH,5f5a001286fea7f2,0,0,1.448744,2026-02-12T15:00:00,2026-02-12T16:00:00,5052.75,5083.78,5051.49,5075.37,5080.84,5080.84,5083.78,2.94,5.47,29.4000,54.7000,2026-02-12T16:00:00,2026-02-12T16:00:00.106,106,5075.38,5075.93,5075.38,0.55,5.5000,1,5084.63,5056.63,9.25,933.1206,8.1206,2026-02-12T16:19:12.400,5055.57,5056.12,5056.12,TP,0,0,1152,0,0.0000,1,1926.0000,1917.8794,2.064042,0.008703,2.055339,19.26,3.01,2.064042,0.322574,31.01,119.72,139.78,147.25,125.42,REVERSAL,REVERSAL,REVERSAL,REVERSAL,REVERSAL,16,THURSDAY,H13_17,GE5,NO_CALENDAR_OBSERVE_ONLY,0
H1,a0ef1b1c125578d3,B_NEXT_BAR_CONFIRM,SHORT,CLOSED,TP,SWING_HIGH,5f5a001286fea7f2,0,0,1.448744,2026-02-12T15:00:00,2026-02-12T16:00:00,5052.75,5083.78,5051.49,5075.37,5080.84,5080.84,5083.78,2.94,5.47,29.4000,54.7000,2026-02-12T17:00:00,2026-02-12T17:00:00.047,47,5044.48,5045.04,5044.48,0.56,5.6000,1,5084.64,4963.91,40.16,4024.0712,8.0712,2026-02-12T18:14:30.248,4962.47,4963.41,4963.41,TP,0,0,4470,0,0.0000,1,8107.0000,8098.9288,2.014626,0.002006,2.012621,81.07,30.93,2.014626,0.768625,31.01,119.72,139.78,147.25,125.42,REVERSAL,REVERSAL,REVERSAL,REVERSAL,REVERSAL,16,THURSDAY,H13_17,GE5,NO_CALENDAR_OBSERVE_ONLY,0
H1,d84572f2c3af92c4,A_RECLAIM_CONTROL,LONG,CLOSED,STOP,SWING_LOW,a1a8bccbc4f59cc0,0,0,0.785607,2026-02-12T18:00:00,2026-02-12T19:00:00,5060.62,5068.29,4878.23,4955.65,4936.54,4936.54,4878.23,58.31,19.11,583.1000,191.1000,2026-02-12T19:00:00,2026-02-12T19:00:00.113,113,4955.73,4956.32,4956.32,0.59,5.9000,1,4877.34,5114.52,78.98,7905.9301,7.9301,2026-02-17T07:31:51.233,4876.04,4879.12,4876.04,STOP,0,0,390711,3,321.4530,1,-8028.0000,-8357.3831,-1.015440,0.041663,-1.057103,93.20,80.28,1.178862,1.015440,-14.56,-10.29,-33.75,25.86,31.39,CONTINUATION,CONTINUATION,CONTINUATION,REVERSAL,REVERSAL,19,THURSDAY,H17_24,GE5,NO_CALENDAR_OBSERVE_ONLY,0
H1,d84572f2c3af92c4,B_NEXT_BAR_CONFIRM,LONG,EXPIRED,CONFIRMATION_FAILED,SWING_LOW,a1a8bccbc4f59cc0,0,0,0.785607,2026-02-12T18:00:00,2026-02-12T19:00:00,5060.62,5068.29,4878.23,4955.65,4936.54,4936.54,4878.23,58.31,19.11,583.1000,191.1000,,,NA,NA,NA,NA,NA,NA,NA,NA,NA,NA,NA,NA,,NA,NA,NA,,NA,NA,NA,0,NA,1,NA,NA,NA,NA,NA,NA,NA,NA,NA,-14.56,-10.29,-33.75,25.86,31.39,CONTINUATION,CONTINUATION,CONTINUATION,REVERSAL,REVERSAL,19,THURSDAY,H17_24,NA,NO_CALENDAR_OBSERVE_ONLY,0
H1,01ae655a74aa5aef,A_RECLAIM_CONTROL,LONG,CLOSED,TP,SWING_LOW,856f415143e1d225,0,0,1.548457,2026-02-13T13:00:00,2026-02-13T14:00:00,4950.00,4955.57,4933.01,4954.24,4944.83,4944.83,4933.01,11.82,9.41,118.2000,94.1000,2026-02-13T14:00:00,2026-02-13T14:00:00.223,223,4953.94,4954.49,4954.49,0.55,5.5000,1,4932.16,4999.39,22.33,2240.9272,7.9272,2026-02-13T15:30:39.015,4999.54,5000.10,4999.54,TP,0,0,5438,0,0.0000,1,4505.0000,4497.0728,2.010329,0.003537,2.006791,45.05,1.94,2.010329,0.086571,15.24,41.36,53.69,88.56,53.78,REVERSAL,REVERSAL,REVERSAL,REVERSAL,REVERSAL,14,FRIDAY,H13_17,GE5,NO_CALENDAR_OBSERVE_ONLY,0
H1,01ae655a74aa5aef,B_NEXT_BAR_CONFIRM,LONG,CLOSED,TP,SWING_LOW,856f415143e1d225,0,0,1.548457,2026-02-13T13:00:00,2026-02-13T14:00:00,4950.00,4955.57,4933.01,4954.24,4944.83,4944.83,4933.01,11.82,9.41,118.2000,94.1000,2026-02-13T15:00:00,2026-02-13T15:00:00.393,393,4969.59,4970.14,4970.14,0.55,5.5000,1,4932.16,5046.34,37.98,3805.9522,7.9522,2026-02-16T01:00:07.102,5049.47,5053.06,5049.47,TP,0,0,208806,1,107.1510,1,7933.0000,7817.8968,2.084367,0.030243,2.054124,79.33,12.48,2.084367,0.327907,15.24,41.36,53.69,88.56,53.78,REVERSAL,REVERSAL,REVERSAL,REVERSAL,REVERSAL,14,FRIDAY,H13_17,GE5,NO_CALENDAR_OBSERVE_ONLY,0
H1,4aade42e1dcfe3cc,A_RECLAIM_CONTROL,SHORT,CLOSED,STOP,SWING_HIGH,a45393d0363a9858,0,0,1.392271,2026-02-13T15:00:00,2026-02-13T16:00:00,4969.59,4999.68,4957.66,4987.04,4989.57,4989.57,4999.68,10.11,2.53,101.1000,25.3000,2026-02-13T16:00:00,2026-02-13T16:00:00.436,436,4986.14,4986.81,4986.14,0.67,6.7000,1,5000.65,4956.88,14.51,1458.9778,7.9778,2026-02-13T16:13:12.589,4999.53,5000.72,5000.72,STOP,0,0,792,0,0.0000,1,-1458.0000,-1465.9778,-0.999330,0.005468,-1.004798,0.66,14.58,0.045237,0.999330,-8.56,-20.89,-44.03,-28.39,-19.19,CONTINUATION,CONTINUATION,CONTINUATION,CONTINUATION,CONTINUATION,16,FRIDAY,H13_17,GE5,NO_CALENDAR_OBSERVE_ONLY,0
H1,4aade42e1dcfe3cc,B_NEXT_BAR_CONFIRM,SHORT,EXPIRED,CONFIRMATION_FAILED,SWING_HIGH,a45393d0363a9858,0,0,1.392271,2026-02-13T15:00:00,2026-02-13T16:00:00,4969.59,4999.68,4957.66,4987.04,4989.57,4989.57,4999.68,10.11,2.53,101.1000,25.3000,,,NA,NA,NA,NA,NA,NA,NA,NA,NA,NA,NA,NA,,NA,NA,NA,,NA,NA,NA,0,NA,1,NA,NA,NA,NA,NA,NA,NA,NA,NA,-8.56,-20.89,-44.03,-28.39,-19.19,CONTINUATION,CONTINUATION,CONTINUATION,CONTINUATION,CONTINUATION,16,FRIDAY,H13_17,NA,NO_CALENDAR_OBSERVE_ONLY,0
H1,51b7d8d578c8ae91,A_RECLAIM_CONTROL,SHORT,CLOSED,TP,PDH;PSH;SWING_HIGH,2846bc2c35308047;6427b700074e6bcd;fc1a93eef6886100,0,0,3.746862,2026-02-16T01:00:00,2026-02-16T02:00:00,5035.89,5049.52,5009.49,5020.11,5046.07,5046.07,5049.52,3.45,25.96,34.5000,259.6000,2026-02-16T02:00:00,2026-02-16T02:00:00.266,266,5020.13,5020.87,5020.13,0.74,7.4000,1,5050.56,4959.02,30.43,3051.0322,8.0322,2026-02-17T02:52:16.159,4958.05,4958.82,4958.82,TP,0,0,89535,1,46.9170,1,6131.0000,6076.0508,2.009484,0.018010,1.991474,61.31,12.16,2.009484,0.398554,4.68,25.46,43.03,6.46,27.03,REVERSAL,REVERSAL,REVERSAL,REVERSAL,REVERSAL,2,MONDAY,H00_08,GE5,NO_CALENDAR_OBSERVE_ONLY,0
H1,51b7d8d578c8ae91,B_NEXT_BAR_CONFIRM,SHORT,EXPIRED,CONFIRMATION_FAILED,PDH;PSH;SWING_HIGH,2846bc2c35308047;6427b700074e6bcd;fc1a93eef6886100,0,0,3.746862,2026-02-16T01:00:00,2026-02-16T02:00:00,5035.89,5049.52,5009.49,5020.11,5046.07,5046.07,5049.52,3.45,25.96,34.5000,259.6000,,,NA,NA,NA,NA,NA,NA,NA,NA,NA,NA,NA,NA,,NA,NA,NA,,NA,NA,NA,0,NA,1,NA,NA,NA,NA,NA,NA,NA,NA,NA,4.68,25.46,43.03,6.46,27.03,REVERSAL,REVERSAL,REVERSAL,REVERSAL,REVERSAL,2,MONDAY,H00_08,NA,NO_CALENDAR_OBSERVE_ONLY,0
H1,82f56805a2e0039d,A_RECLAIM_CONTROL,SHORT,CLOSED,TP,PSH,4a39000ff686b5a9,0,0,NA,2026-02-17T01:00:00,2026-02-17T02:00:00,4994.67,5001.16,4985.08,4989.78,4997.55,4997.55,5001.16,3.61,7.77,36.1000,77.7000,2026-02-17T02:00:00,2026-02-17T02:00:00.248,248,4989.76,4990.48,4989.76,0.72,7.2000,1,5002.18,4964.68,12.42,1249.9836,7.9836,2026-02-17T02:52:15.957,4961.69,4962.79,4962.79,TP,0,0,3135,0,0.0000,1,2697.0000,2689.0164,2.157628,0.006387,2.151241,26.97,2.39,2.157628,0.191203,54.15,22.45,36.74,63.76,108.96,REVERSAL,REVERSAL,REVERSAL,REVERSAL,REVERSAL,2,TUESDAY,H00_08,GE5,NO_CALENDAR_OBSERVE_ONLY,0
H1,82f56805a2e0039d,B_NEXT_BAR_CONFIRM,SHORT,EXPIRED,CONFIRMATION_CONFLICT,PSH,4a39000ff686b5a9,0,0,NA,2026-02-17T01:00:00,2026-02-17T02:00:00,4994.67,5001.16,4985.08,4989.78,4997.55,4997.55,5001.16,3.61,7.77,36.1000,77.7000,,,NA,NA,NA,NA,NA,NA,NA,NA,NA,NA,NA,NA,,NA,NA,NA,,NA,NA,NA,0,NA,1,NA,NA,NA,NA,NA,NA,NA,NA,NA,54.15,22.45,36.74,63.76,108.96,REVERSAL,REVERSAL,REVERSAL,REVERSAL,REVERSAL,2,TUESDAY,H00_08,NA,NO_CALENDAR_OBSERVE_ONLY,0
H1,87829cce506b7355,A_RECLAIM_CONTROL,LONG,CLOSED,STOP,SWING_LOW,c67892b75e19d102,0,0,1.792771,2026-02-17T02:00:00,2026-02-17T03:00:00,4989.76,4991.43,4932.14,4935.63,4933.01,4933.01,4932.14,0.87,2.62,8.7000,26.2000,2026-02-17T03:00:00,2026-02-17T03:00:00.087,87,4936.12,4936.85,4936.85,0.73,7.3000,1,4931.11,4948.57,5.74,581.8990,7.8990,2026-02-17T03:03:17.932,4928.11,4928.84,4928.11,STOP,0,0,197,0,0.0000,1,-874.0000,-881.8990,-1.501979,0.013574,-1.515553,8.26,8.74,1.419490,1.501979,21.89,21.19,-46.68,-22.46,-57.43,REVERSAL,REVERSAL,CONTINUATION,CONTINUATION,CONTINUATION,3,TUESDAY,H00_08,GE5,NO_CALENDAR_OBSERVE_ONLY,0
H1,87829cce506b7355,B_NEXT_BAR_CONFIRM,LONG,EXPIRED,CONFIRMATION_FAILED,SWING_LOW,c67892b75e19d102,0,0,1.792771,2026-02-17T02:00:00,2026-02-17T03:00:00,4989.76,4991.43,4932.14,4935.63,4933.01,4933.01,4932.14,0.87,2.62,8.7000,26.2000,,,NA,NA,NA,NA,NA,NA,NA,NA,NA,NA,NA,NA,,NA,NA,NA,,NA,NA,NA,0,NA,1,NA,NA,NA,NA,NA,NA,NA,NA,NA,21.89,21.19,-46.68,-22.46,-57.43,REVERSAL,REVERSAL,CONTINUATION,CONTINUATION,CONTINUATION,3,TUESDAY,H00_08,NA,NO_CALENDAR_OBSERVE_ONLY,0
H1,6d688c502f09852e,A_RECLAIM_CONTROL,LONG,CLOSED,STOP,SWING_LOW,6a6b8ed249757cb8,0,0,5.185725,2026-02-17T07:00:00,2026-02-17T08:00:00,4952.84,4954.19,4858.70,4888.95,4885.90,4885.90,4858.70,27.20,3.05,272.0000,30.5000,2026-02-17T08:00:00,2026-02-17T08:00:00.574,574,4888.97,4889.53,4889.53,0.56,5.6000,1,4857.84,4953.15,31.69,3176.8232,7.8232,2026-02-17T16:01:18.845,4857.74,4858.31,4857.74,STOP,0,0,28878,0,0.0000,1,-3179.0000,-3186.8232,-1.000685,0.002463,-1.003148,55.02,31.79,1.731919,1.000685,21.38,31.75,24.22,-10.31,16.03,REVERSAL,REVERSAL,REVERSAL,CONTINUATION,REVERSAL,8,TUESDAY,H08_13,GE5,NO_CALENDAR_OBSERVE_ONLY,0
H1,6d688c502f09852e,B_NEXT_BAR_CONFIRM,LONG,EXPIRED,CONFIRMATION_FAILED,SWING_LOW,6a6b8ed249757cb8,0,0,5.185725,2026-02-17T07:00:00,2026-02-17T08:00:00,4952.84,4954.19,4858.70,4888.95,4885.90,4885.90,4858.70,27.20,3.05,272.0000,30.5000,,,NA,NA,NA,NA,NA,NA,NA,NA,NA,NA,NA,NA,,NA,NA,NA,,NA,NA,NA,0,NA,1,NA,NA,NA,NA,NA,NA,NA,NA,NA,21.38,31.75,24.22,-10.31,16.03,REVERSAL,REVERSAL,REVERSAL,CONTINUATION,REVERSAL,8,TUESDAY,H08_13,NA,NO_CALENDAR_OBSERVE_ONLY,0
H1,0772bbff73a1d91f,A_RECLAIM_CONTROL,LONG,CLOSED,TP,SWING_LOW,eeca3997ea98561b,0,0,5.379816,2026-02-17T16:00:00,2026-02-17T17:00:00,4870.66,4907.40,4841.62,4864.00,4858.70,4858.70,4841.62,17.08,5.30,170.8000,53.0000,2026-02-17T17:00:00,2026-02-17T17:00:00.094,94,4864.01,4864.58,4864.58,0.57,5.7000,1,4840.75,4912.48,23.83,2390.7833,7.7833,2026-02-18T05:04:53.952,4913.60,4914.33,4913.60,TP,0,0,43493,1,107.1510,1,4902.0000,4787.0657,2.050374,0.048074,2.002300,49.02,15.88,2.050374,0.664217,14.64,1.10,16.82,25.86,48.92,REVERSAL,REVERSAL,REVERSAL,REVERSAL,REVERSAL,17,TUESDAY,H17_24,GE5,NO_CALENDAR_OBSERVE_ONLY,0
H1,0772bbff73a1d91f,B_NEXT_BAR_CONFIRM,LONG,EXPIRED,CONFIRMATION_FAILED,SWING_LOW,eeca3997ea98561b,0,0,5.379816,2026-02-17T16:00:00,2026-02-17T17:00:00,4870.66,4907.40,4841.62,4864.00,4858.70,4858.70,4841.62,17.08,5.30,170.8000,53.0000,,,NA,NA,NA,NA,NA,NA,NA,NA,NA,NA,NA,NA,,NA,NA,NA,,NA,NA,NA,0,NA,1,NA,NA,NA,NA,NA,NA,NA,NA,NA,14.64,1.10,16.82,25.86,48.92,REVERSAL,REVERSAL,REVERSAL,REVERSAL,REVERSAL,17,TUESDAY,H17_24,NA,NO_CALENDAR_OBSERVE_ONLY,0
H1,47dbd78e467bcdf7,A_RECLAIM_CONTROL,SHORT,CLOSED,STOP,SWING_HIGH,989c5a5ea2e0b755,0,0,1.230063,2026-02-18T14:00:00,2026-02-18T15:00:00,4912.87,4947.40,4911.96,4942.36,4944.55,4944.55,4947.40,2.85,2.19,28.5000,21.9000,2026-02-18T15:00:00,2026-02-18T15:00:00.079,79,4942.44,4943.00,4942.44,0.56,5.6000,1,4948.26,4930.56,5.82,589.9079,7.9079,2026-02-18T15:00:34.415,4948.60,4949.16,4949.16,STOP,0,0,34,0,0.0000,1,-672.0000,-679.9079,-1.139161,0.013405,-1.152566,-0.56,6.72,-0.094930,1.139161,-11.99,-55.63,-56.55,-33.36,-53.40,CONTINUATION,CONTINUATION,CONTINUATION,CONTINUATION,CONTINUATION,15,WEDNESDAY,H13_17,GE5,NO_CALENDAR_OBSERVE_ONLY,0
H1,47dbd78e467bcdf7,B_NEXT_BAR_CONFIRM,SHORT,EXPIRED,CONFIRMATION_FAILED,SWING_HIGH,989c5a5ea2e0b755,0,0,1.230063,2026-02-18T14:00:00,2026-02-18T15:00:00,4912.87,4947.40,4911.96,4942.36,4944.55,4944.55,4947.40,2.85,2.19,28.5000,21.9000,,,NA,NA,NA,NA,NA,NA,NA,NA,NA,NA,NA,NA,,NA,NA,NA,,NA,NA,NA,0,NA,1,NA,NA,NA,NA,NA,NA,NA,NA,NA,-11.99,-55.63,-56.55,-33.36,-53.40,CONTINUATION,CONTINUATION,CONTINUATION,CONTINUATION,CONTINUATION,15,WEDNESDAY,H13_17,NA,NO_CALENDAR_OBSERVE_ONLY,0
H1,914d48fe4877273a,A_RECLAIM_CONTROL,SHORT,CLOSED,STOP,PDH;SWING_HIGH,ba7eacf4daea383f;cb0a1b79fada715e,0,0,1.388614,2026-02-18T17:00:00,2026-02-18T18:00:00,4991.84,5009.00,4991.49,4997.99,5001.16,5001.16,5009.00,7.84,3.17,78.4000,31.7000,2026-02-18T18:00:00,2026-02-18T18:00:00.100,100,4998.02,4998.60,4998.02,0.58,5.8000,1,5009.88,4974.06,11.86,1193.9968,7.9968,2026-02-18T18:47:59.301,5010.32,5010.88,5010.88,STOP,0,0,2879,0,0.0000,1,-1286.0000,-1293.9968,-1.077055,0.006698,-1.083752,6.03,12.86,0.505026,1.077055,-2.42,10.70,12.99,29.86,13.19,CONTINUATION,REVERSAL,REVERSAL,REVERSAL,REVERSAL,18,WEDNESDAY,H17_24,GE5,NO_CALENDAR_OBSERVE_ONLY,0
H1,914d48fe4877273a,B_NEXT_BAR_CONFIRM,SHORT,EXPIRED,CONFIRMATION_FAILED,PDH;SWING_HIGH,ba7eacf4daea383f;cb0a1b79fada715e,0,0,1.388614,2026-02-18T17:00:00,2026-02-18T18:00:00,4991.84,5009.00,4991.49,4997.99,5001.16,5001.16,5009.00,7.84,3.17,78.4000,31.7000,,,NA,NA,NA,NA,NA,NA,NA,NA,NA,NA,NA,NA,,NA,NA,NA,,NA,NA,NA,0,NA,1,NA,NA,NA,NA,NA,NA,NA,NA,NA,-2.42,10.70,12.99,29.86,13.19,CONTINUATION,REVERSAL,REVERSAL,REVERSAL,REVERSAL,18,WEDNESDAY,H17_24,NA,NO_CALENDAR_OBSERVE_ONLY,0
H1,55cf2286aa09643f,A_RECLAIM_CONTROL,LONG,CLOSED,TP,SWING_LOW,13883dede50af4b4,0,0,1.890078,2026-02-19T01:00:00,2026-02-19T02:00:00,4974.06,4988.92,4955.80,4975.72,4972.83,4972.83,4955.80,17.03,2.89,170.3000,28.9000,2026-02-19T02:00:00,2026-02-19T02:00:00.005,5,4976.07,4976.78,4976.78,0.71,7.1000,1,4954.79,5021.00,21.99,2206.9628,7.9628,2026-02-19T09:08:54.692,5021.12,5021.67,5021.12,TP,0,0,25734,0,0.0000,1,4434.0000,4426.0372,2.009096,0.003608,2.005488,44.34,16.31,2.009096,0.739025,-14.08,-7.59,8.55,20.04,12.19,CONTINUATION,CONTINUATION,REVERSAL,REVERSAL,REVERSAL,2,THURSDAY,H00_08,GE5,NO_CALENDAR_OBSERVE_ONLY,0
H1,55cf2286aa09643f,B_NEXT_BAR_CONFIRM,LONG,EXPIRED,CONFIRMATION_FAILED,SWING_LOW,13883dede50af4b4,0,0,1.890078,2026-02-19T01:00:00,2026-02-19T02:00:00,4974.06,4988.92,4955.80,4975.72,4972.83,4972.83,4955.80,17.03,2.89,170.3000,28.9000,,,NA,NA,NA,NA,NA,NA,NA,NA,NA,NA,NA,NA,,NA,NA,NA,,NA,NA,NA,0,NA,1,NA,NA,NA,NA,NA,NA,NA,NA,NA,-14.08,-7.59,8.55,20.04,12.19,CONTINUATION,CONTINUATION,REVERSAL,REVERSAL,REVERSAL,2,THURSDAY,H00_08,NA,NO_CALENDAR_OBSERVE_ONLY,0
H1,359689b356ddac38,A_RECLAIM_CONTROL,SHORT,CLOSED,TP,SWING_HIGH,c0694d63070be9a1,0,0,3.556004,2026-02-19T17:00:00,2026-02-19T18:00:00,5006.10,5022.37,4996.27,5014.01,5021.96,5021.96,5022.37,0.41,7.95,4.1000,79.5000,2026-02-19T18:00:00,2026-02-19T18:00:00.212,212,5014.02,5014.58,5014.02,0.56,5.6000,1,5023.23,4995.35,9.21,929.0224,8.0224,2026-02-19T18:27:56.246,4994.01,4994.57,4994.57,TP,0,0,1676,0,0.0000,1,1945.0000,1936.9776,2.093599,0.008635,2.084963,19.45,0.86,2.093599,0.092570,18.75,32.33,12.22,17.89,-11.36,REVERSAL,REVERSAL,REVERSAL,REVERSAL,CONTINUATION,18,THURSDAY,H17_24,GE5,NO_CALENDAR_OBSERVE_ONLY,0
H1,359689b356ddac38,B_NEXT_BAR_CONFIRM,SHORT,CLOSED,STOP,SWING_HIGH,c0694d63070be9a1,0,0,3.556004,2026-02-19T17:00:00,2026-02-19T18:00:00,5006.10,5022.37,4996.27,5014.01,5021.96,5021.96,5022.37,0.41,7.95,4.1000,79.5000,2026-02-19T19:00:00,2026-02-19T19:00:00.152,152,4995.27,4995.83,4995.27,0.56,5.6000,1,5023.23,4939.11,27.96,2803.9924,7.9924,2026-02-20T08:23:27.570,5022.46,5023.38,5023.38,STOP,0,0,48207,1,46.9170,1,-2811.0000,-2865.9094,-1.002499,0.019583,-1.022082,19.28,28.11,0.687591,1.002499,18.75,32.33,12.22,17.89,-11.36,REVERSAL,REVERSAL,REVERSAL,REVERSAL,CONTINUATION,18,THURSDAY,H17_24,GE5,NO_CALENDAR_OBSERVE_ONLY,0
H1,213e5cf5429bb363,A_RECLAIM_CONTROL,LONG,CLOSED,TP,SWING_LOW,94d3a4af0fef172a,0,0,1.922081,2026-02-20T05:00:00,2026-02-20T06:00:00,4996.17,4999.23,4981.68,4987.73,4985.42,4985.42,4981.68,3.74,2.31,37.4000,23.1000,2026-02-20T06:00:00,2026-02-20T06:00:00.018,18,4987.76,4988.48,4988.48,0.72,7.2000,1,4980.66,5004.36,7.82,789.9816,7.9816,2026-02-20T07:02:17.237,5004.38,5004.94,5004.38,TP,0,0,3737,0,0.0000,1,1590.0000,1582.0184,2.012705,0.010103,2.002602,15.90,1.69,2.012705,0.213929,12.28,32.93,41.22,56.20,156.81,REVERSAL,REVERSAL,REVERSAL,REVERSAL,REVERSAL,6,FRIDAY,H00_08,GE5,NO_CALENDAR_OBSERVE_ONLY,0
H1,213e5cf5429bb363,B_NEXT_BAR_CONFIRM,LONG,CLOSED,TP,SWING_LOW,94d3a4af0fef172a,0,0,1.922081,2026-02-20T05:00:00,2026-02-20T06:00:00,4996.17,4999.23,4981.68,4987.73,4985.42,4985.42,4981.68,3.74,2.31,37.4000,23.1000,2026-02-20T07:00:00,2026-02-20T07:00:00.644,644,4999.66,5000.21,5000.21,0.55,5.5000,1,4980.83,5039.22,19.38,1946.0003,8.0003,2026-02-20T11:10:10.692,5039.23,5039.79,5039.23,TP,0,0,15010,0,0.0000,1,3902.0000,3893.9997,2.005138,0.004111,2.001027,39.02,2.11,2.005138,0.108428,12.28,32.93,41.22,56.20,156.81,REVERSAL,REVERSAL,REVERSAL,REVERSAL,REVERSAL,6,FRIDAY,H00_08,GE5,NO_CALENDAR_OBSERVE_ONLY,0
H1,ddf688e1cf2751fa,A_RECLAIM_CONTROL,SHORT,CLOSED,STOP,PDH;PSH;SWING_HIGH,8f4bca422af8644a;9b29585e0de09726;b5c4fcc0f99e9baf,0,0,2.801681,2026-02-20T08:00:00,2026-02-20T09:00:00,5011.63,5030.07,5011.63,5020.66,5022.37,5022.37,5030.07,7.70,1.71,77.0000,17.1000,2026-02-20T09:00:00,2026-02-20T09:00:00.327,327,5020.65,5021.21,5020.65,0.56,5.6000,1,5030.93,4999.84,10.28,1036.0330,8.0330,2026-02-20T10:54:19.348,5030.45,5031.01,5031.01,STOP,0,0,6859,0,0.0000,1,-1036.0000,-1044.0330,-0.999968,0.007754,-1.007722,14.98,10.36,1.445900,0.999968,13.76,-7.26,2.80,-45.40,-146.14,REVERSAL,CONTINUATION,REVERSAL,CONTINUATION,CONTINUATION,9,FRIDAY,H08_13,GE5,NO_CALENDAR_OBSERVE_ONLY,0
H1,ddf688e1cf2751fa,B_NEXT_BAR_CONFIRM,SHORT,CLOSED,STOP,PDH;PSH;SWING_HIGH,8f4bca422af8644a;9b29585e0de09726;b5c4fcc0f99e9baf,0,0,2.801681,2026-02-20T08:00:00,2026-02-20T09:00:00,5011.63,5030.07,5011.63,5020.66,5022.37,5022.37,5030.07,7.70,1.71,77.0000,17.1000,2026-02-20T10:00:00,2026-02-20T10:00:01.047,1047,5006.87,5007.42,5006.87,0.55,5.5000,1,5030.92,4958.52,24.05,2413.0110,8.0110,2026-02-20T10:54:19.348,5030.45,5031.01,5031.01,STOP,0,0,3258,0,0.0000,1,-2414.0000,-2422.0110,-1.000410,0.003320,-1.003730,1.20,24.14,0.049730,1.000410,13.76,-7.26,2.80,-45.40,-146.14,REVERSAL,CONTINUATION,REVERSAL,CONTINUATION,CONTINUATION,9,FRIDAY,H08_13,GE5,NO_CALENDAR_OBSERVE_ONLY,0
H1,2cad13211566233d,A_RECLAIM_CONTROL,SHORT,CLOSED,STOP,SWING_HIGH,dd922cd158c53ee9,0,0,3.330487,2026-02-20T11:00:00,2026-02-20T12:00:00,5028.86,5042.50,5027.59,5027.92,5031.55,5031.55,5042.50,10.95,3.63,109.5000,36.3000,2026-02-20T12:00:00,2026-02-20T12:00:00.002,2,5027.87,5028.42,5027.87,0.55,5.5000,1,5043.35,4996.66,15.48,1556.0446,8.0446,2026-02-20T15:50:08.706,5042.99,5043.55,5043.55,STOP,0,0,13808,0,0.0000,1,-1568.0000,-1576.0446,-1.007683,0.005170,-1.012853,20.40,15.68,1.311016,1.007683,-6.78,2.55,-26.48,-51.78,-117.86,CONTINUATION,REVERSAL,CONTINUATION,CONTINUATION,CONTINUATION,12,FRIDAY,H08_13,GE5,NO_CALENDAR_OBSERVE_ONLY,0
H1,2cad13211566233d,B_NEXT_BAR_CONFIRM,SHORT,EXPIRED,CONFIRMATION_FAILED,SWING_HIGH,dd922cd158c53ee9,0,0,3.330487,2026-02-20T11:00:00,2026-02-20T12:00:00,5028.86,5042.50,5027.59,5027.92,5031.55,5031.55,5042.50,10.95,3.63,109.5000,36.3000,,,NA,NA,NA,NA,NA,NA,NA,NA,NA,NA,NA,NA,,NA,NA,NA,,NA,NA,NA,0,NA,1,NA,NA,NA,NA,NA,NA,NA,NA,NA,-6.78,2.55,-26.48,-51.78,-117.86,CONTINUATION,REVERSAL,CONTINUATION,CONTINUATION,CONTINUATION,12,FRIDAY,H08_13,NA,NO_CALENDAR_OBSERVE_ONLY,0
H1,9126c779e2c49d4f,A_RECLAIM_CONTROL,LONG,CLOSED,TP,SWING_LOW,5f5470e375a1ec8d,0,0,1.769575,2026-02-20T17:00:00,2026-02-20T18:00:00,5054.47,5064.27,4989.08,5042.41,5006.91,5006.91,4989.08,17.83,35.50,178.3000,355.0000,2026-02-20T18:00:00,2026-02-20T18:00:00.264,264,5042.38,5042.93,5042.93,0.55,5.5000,1,4988.23,5152.58,54.70,5478.0687,8.0687,2026-02-23T01:40:17.487,5152.78,5153.50,5152.78,TP,0,0,200417,1,107.1510,1,10985.0000,10869.7803,2.005269,0.021033,1.984236,109.85,4.00,2.005269,0.073018,23.65,29.02,54.26,131.17,121.75,REVERSAL,REVERSAL,REVERSAL,REVERSAL,REVERSAL,18,FRIDAY,H17_24,GE5,NO_CALENDAR_OBSERVE_ONLY,1
H1,9126c779e2c49d4f,B_NEXT_BAR_CONFIRM,LONG,CLOSED,TP,SWING_LOW,5f5470e375a1ec8d,0,0,1.769575,2026-02-20T17:00:00,2026-02-20T18:00:00,5054.47,5064.27,4989.08,5042.41,5006.91,5006.91,4989.08,17.83,35.50,178.3000,355.0000,2026-02-20T19:00:00,2026-02-20T19:00:00.125,125,5066.08,5066.63,5066.63,0.55,5.5000,1,4988.23,5223.68,78.40,7848.1066,8.1066,2026-02-23T22:10:59.606,5223.68,5224.86,5223.68,TP,0,0,270659,1,107.1510,1,15705.0000,15589.7424,2.001120,0.014686,1.986434,157.05,12.37,2.001120,0.157618,23.65,29.02,54.26,131.17,121.75,REVERSAL,REVERSAL,REVERSAL,REVERSAL,REVERSAL,18,FRIDAY,H17_24,GE5,NO_CALENDAR_OBSERVE_ONLY,1
H1,6318258a9eef2b2a,A_RECLAIM_CONTROL,SHORT,CLOSED,TP,PDH,47a881a70c1eba64,0,0,NA,2026-02-24T01:00:00,2026-02-24T02:00:00,5226.23,5249.88,5222.56,5235.72,5237.81,5237.81,5249.88,12.07,2.09,120.7000,20.9000,2026-02-24T02:00:00,2026-02-24T02:00:00.091,91,5235.76,5236.47,5235.76,0.71,7.1000,1,5250.89,5205.24,15.13,1521.3772,8.3772,2026-02-24T03:00:08.150,5204.04,5204.99,5204.99,TP,0,0,3608,0,0.0000,1,3077.0000,3068.6228,2.022510,0.005506,2.017003,30.77,3.14,2.022510,0.206392,12.01,45.85,67.49,64.23,81.77,REVERSAL,REVERSAL,REVERSAL,REVERSAL,REVERSAL,2,TUESDAY,H00_08,GE5,NO_CALENDAR_OBSERVE_ONLY,0
H1,6318258a9eef2b2a,B_NEXT_BAR_CONFIRM,SHORT,EXPIRED,CONFIRMATION_FAILED,PDH,47a881a70c1eba64,0,0,NA,2026-02-24T01:00:00,2026-02-24T02:00:00,5226.23,5249.88,5222.56,5235.72,5237.81,5237.81,5249.88,12.07,2.09,120.7000,20.9000,,,NA,NA,NA,NA,NA,NA,NA,NA,NA,NA,NA,NA,,NA,NA,NA,,NA,NA,NA,0,NA,1,NA,NA,NA,NA,NA,NA,NA,NA,NA,12.01,45.85,67.49,64.23,81.77,REVERSAL,REVERSAL,REVERSAL,REVERSAL,REVERSAL,2,TUESDAY,H00_08,NA,NO_CALENDAR_OBSERVE_ONLY,0
H1,89981b5981082ac9,A_RECLAIM_CONTROL,LONG,CLOSED,STOP,PSL,3a1e5b6d624831e8,0,0,NA,2026-02-24T03:00:00,2026-02-24T04:00:00,5223.68,5223.87,5145.52,5177.29,5164.95,5164.95,5145.52,19.43,12.34,194.3000,123.4000,2026-02-24T04:00:00,2026-02-24T04:00:00.008,8,5177.15,5177.87,5177.87,0.72,7.2000,1,5144.50,5244.86,33.37,3345.2846,8.2846,2026-02-24T15:39:38.960,5144.49,5145.05,5144.49,STOP,0,0,41978,0,0.0000,1,-3338.0000,-3346.2846,-0.997822,0.002476,-1.000299,14.06,33.38,0.420293,0.997822,12.58,-9.06,-3.77,-4.55,-36.10,REVERSAL,CONTINUATION,CONTINUATION,CONTINUATION,CONTINUATION,4,TUESDAY,H00_08,GE5,NO_CALENDAR_OBSERVE_ONLY,0
H1,89981b5981082ac9,B_NEXT_BAR_CONFIRM,LONG,EXPIRED,CONFIRMATION_FAILED,PSL,3a1e5b6d624831e8,0,0,NA,2026-02-24T03:00:00,2026-02-24T04:00:00,5223.68,5223.87,5145.52,5177.29,5164.95,5164.95,5145.52,19.43,12.34,194.3000,123.4000,,,NA,NA,NA,NA,NA,NA,NA,NA,NA,NA,NA,NA,,NA,NA,NA,,NA,NA,NA,0,NA,1,NA,NA,NA,NA,NA,NA,NA,NA,NA,12.58,-9.06,-3.77,-4.55,-36.10,REVERSAL,CONTINUATION,CONTINUATION,CONTINUATION,CONTINUATION,4,TUESDAY,H00_08,NA,NO_CALENDAR_OBSERVE_ONLY,0
H1,e58e08c209cb8f2c,A_RECLAIM_CONTROL,LONG,CLOSED,STOP,SWING_LOW,046c4ebb018ce84c,0,0,3.938340,2026-02-24T14:00:00,2026-02-24T15:00:00,5172.58,5173.51,5144.60,5150.94,5145.52,5145.52,5144.60,0.92,5.42,9.2000,54.2000,2026-02-24T15:00:00,2026-02-24T15:00:00.146,146,5150.86,5151.42,5151.42,0.56,5.6000,1,5143.74,5167.03,7.68,776.2423,8.2423,2026-02-24T15:39:42.326,5142.61,5143.17,5142.61,STOP,0,0,2382,0,0.0000,1,-881.0000,-889.2423,-1.134955,0.010618,-1.145573,9.68,8.81,1.247033,1.134955,-35.68,-0.63,12.79,-4.29,42.23,CONTINUATION,CONTINUATION,REVERSAL,CONTINUATION,REVERSAL,15,TUESDAY,H13_17,GE5,NO_CALENDAR_OBSERVE_ONLY,0
H1,e58e08c209cb8f2c,B_NEXT_BAR_CONFIRM,LONG,EXPIRED,CONFIRMATION_FAILED,SWING_LOW,046c4ebb018ce84c,0,0,3.938340,2026-02-24T14:00:00,2026-02-24T15:00:00,5172.58,5173.51,5144.60,5150.94,5145.52,5145.52,5144.60,0.92,5.42,9.2000,54.2000,,,NA,NA,NA,NA,NA,NA,NA,NA,NA,NA,NA,NA,,NA,NA,NA,,NA,NA,NA,0,NA,1,NA,NA,NA,NA,NA,NA,NA,NA,NA,-35.68,-0.63,12.79,-4.29,42.23,CONTINUATION,CONTINUATION,REVERSAL,CONTINUATION,REVERSAL,15,TUESDAY,H13_17,NA,NO_CALENDAR_OBSERVE_ONLY,0
H1,3d1b61de3c525c12,A_RECLAIM_CONTROL,LONG,CLOSED,TP,PDL,7ccff0495f255c91,0,0,NA,2026-02-24T16:00:00,2026-02-24T17:00:00,5115.27,5139.20,5092.51,5128.46,5098.34,5098.34,5092.51,5.83,30.12,58.3000,301.2000,2026-02-24T17:00:00,2026-02-24T17:00:00.045,45,5128.48,5129.04,5129.04,0.56,5.6000,1,5091.65,5204.07,37.39,3747.2065,8.2065,2026-02-25T07:44:19.631,5204.09,5204.64,5204.09,TP,0,0,53059,1,107.1510,1,7505.0000,7389.6425,2.002825,0.030785,1.972040,75.05,10.84,2.002825,0.289282,21.85,35.27,25.49,48.41,53.13,REVERSAL,REVERSAL,REVERSAL,REVERSAL,REVERSAL,17,TUESDAY,H17_24,GE5,NO_CALENDAR_OBSERVE_ONLY,0
H1,3d1b61de3c525c12,B_NEXT_BAR_CONFIRM,LONG,CLOSED,TP,PDL,7ccff0495f255c91,0,0,NA,2026-02-24T16:00:00,2026-02-24T17:00:00,5115.27,5139.20,5092.51,5128.46,5098.34,5098.34,5092.51,5.83,30.12,58.3000,301.2000,2026-02-24T18:00:00,2026-02-24T18:00:00.372,372,5150.79,5151.34,5151.34,0.55,5.5000,1,5091.66,5270.95,59.68,5976.2421,8.2421,2026-02-27T23:39:54.982,5271.11,5272.29,5271.11,TP,0,0,279594,5,535.7550,1,11977.0000,11433.0029,2.004102,0.091027,1.913076,119.77,29.34,2.004102,0.490944,21.85,35.27,25.49,48.41,53.13,REVERSAL,REVERSAL,REVERSAL,REVERSAL,REVERSAL,17,TUESDAY,H17_24,GE5,NO_CALENDAR_OBSERVE_ONLY,0
H1,6cf0f3c051d3302d,A_RECLAIM_CONTROL,SHORT,CLOSED,TP,PSH,07bc43d70058716c,0,0,NA,2026-02-24T22:00:00,2026-02-24T23:00:00,5153.96,5173.19,5146.52,5163.91,5170.11,5170.11,5173.19,3.08,6.20,30.8000,62.0000,2026-02-24T23:00:00,2026-02-24T23:00:00.070,70,5163.96,5165.13,5163.96,1.17,11.7000,0,5174.66,5142.31,10.70,1078.2623,8.2623,2026-02-24T23:50:37.884,5141.04,5142.22,5142.22,TP,0,0,3037,0,0.0000,1,2174.0000,2165.7377,2.016207,0.007663,2.008544,21.74,2.88,2.016207,0.267096,22.72,11.65,-16.81,-20.74,-43.00,REVERSAL,REVERSAL,CONTINUATION,CONTINUATION,CONTINUATION,23,TUESDAY,H17_24,GE5,NO_CALENDAR_OBSERVE_ONLY,0
H1,6cf0f3c051d3302d,B_NEXT_BAR_CONFIRM,SHORT,CLOSED,STOP,PSH,07bc43d70058716c,0,0,NA,2026-02-24T22:00:00,2026-02-24T23:00:00,5153.96,5173.19,5146.52,5163.91,5170.11,5170.11,5173.19,3.08,6.20,30.8000,62.0000,2026-02-25T00:00:00,2026-02-25T01:00:01.490,3601490,5142.31,5144.74,5142.31,2.43,24.3000,0,5175.92,5074.84,33.61,3369.2277,8.2277,2026-02-25T03:14:14.972,5175.22,5175.94,5175.94,STOP,0,0,8053,0,0.0000,1,-3363.0000,-3371.2277,-0.998152,0.002442,-1.000594,18.53,33.63,0.549978,0.998152,22.72,11.65,-16.81,-20.74,-43.00,REVERSAL,REVERSAL,CONTINUATION,CONTINUATION,CONTINUATION,23,TUESDAY,H17_24,GE5,NO_CALENDAR_OBSERVE_ONLY,0
H1,f1a6ae08d3d6f5e9,A_RECLAIM_CONTROL,SHORT,CLOSED,STOP,SWING_HIGH,cdfbb4c6ab45d052,0,0,2.290790,2026-02-26T06:00:00,2026-02-26T07:00:00,5192.49,5199.14,5190.81,5192.72,5198.44,5198.44,5199.14,0.70,5.72,7.0000,57.2000,2026-02-26T07:00:00,2026-02-26T07:00:00.304,304,5192.93,5193.48,5192.93,0.55,5.5000,1,5199.99,5178.56,7.06,714.3087,8.3087,2026-02-26T07:13:46.157,5199.68,5200.24,5200.24,STOP,0,0,825,0,0.0000,1,-731.0000,-739.3087,-1.023367,0.011632,-1.034999,2.44,7.31,0.341589,1.023367,-5.60,6.72,6.34,27.54,-1.16,CONTINUATION,REVERSAL,REVERSAL,REVERSAL,CONTINUATION,7,THURSDAY,H00_08,GE5,NO_CALENDAR_OBSERVE_ONLY,0
H1,f1a6ae08d3d6f5e9,B_NEXT_BAR_CONFIRM,SHORT,EXPIRED,CONFIRMATION_FAILED,SWING_HIGH,cdfbb4c6ab45d052,0,0,2.290790,2026-02-26T06:00:00,2026-02-26T07:00:00,5192.49,5199.14,5190.81,5192.72,5198.44,5198.44,5199.14,0.70,5.72,7.0000,57.2000,,,NA,NA,NA,NA,NA,NA,NA,NA,NA,NA,NA,NA,,NA,NA,NA,,NA,NA,NA,0,NA,1,NA,NA,NA,NA,NA,NA,NA,NA,NA,-5.60,6.72,6.34,27.54,-1.16,CONTINUATION,REVERSAL,REVERSAL,REVERSAL,CONTINUATION,7,THURSDAY,H00_08,NA,NO_CALENDAR_OBSERVE_ONLY,0
H1,3acda7853b5e552f,A_RECLAIM_CONTROL,LONG,CLOSED,STOP,SWING_LOW,925b93eceff221c6,0,0,3.048233,2026-02-26T16:00:00,2026-02-26T17:00:00,5166.43,5176.45,5139.54,5165.18,5145.58,5145.58,5139.54,6.04,19.60,60.4000,196.0000,2026-02-26T17:00:00,2026-02-26T17:00:00.033,33,5165.03,5165.58,5165.58,0.55,5.5000,1,5138.69,5219.61,26.89,2697.2649,8.2649,2026-02-26T17:27:45.680,5137.93,5138.49,5137.93,STOP,0,0,1665,0,0.0000,1,-2765.0000,-2773.2649,-1.025113,0.003064,-1.028177,6.85,27.65,0.253961,1.025113,20.53,2.12,21.79,28.70,20.53,REVERSAL,REVERSAL,REVERSAL,REVERSAL,REVERSAL,17,THURSDAY,H17_24,GE5,NO_CALENDAR_OBSERVE_ONLY,0
H1,3acda7853b5e552f,B_NEXT_BAR_CONFIRM,LONG,CLOSED,GAP_TP,SWING_LOW,925b93eceff221c6,0,0,3.048233,2026-02-26T16:00:00,2026-02-26T17:00:00,5166.43,5176.45,5139.54,5165.18,5145.58,5145.58,5139.54,6.04,19.60,60.4000,196.0000,2026-02-26T18:00:00,2026-02-26T18:00:00.072,72,5185.70,5186.25,5186.25,0.55,5.5000,1,5138.69,5281.62,47.56,4764.2980,8.2980,2026-03-02T01:00:12.362,5378.78,5381.25,5378.78,GAP_TP,1,0,284412,2,214.3020,1,19253.0000,19030.4000,4.041099,0.046723,3.994377,192.53,25.68,4.041099,0.539009,20.53,2.12,21.79,28.70,20.53,REVERSAL,REVERSAL,REVERSAL,REVERSAL,REVERSAL,17,THURSDAY,H17_24,GE5,NO_CALENDAR_OBSERVE_ONLY,0
H1,a4d71fc9e87fd6f1,A_RECLAIM_CONTROL,SHORT,CLOSED,STOP,SWING_HIGH,58ae8a1fdf8f5d32,0,0,1.931826,2026-02-26T21:00:00,2026-02-26T22:00:00,5180.63,5194.11,5179.58,5186.97,5192.90,5192.90,5194.11,1.21,5.93,12.1000,59.3000,2026-02-26T22:00:00,2026-02-26T22:00:00.081,81,5186.96,5188.13,5186.96,1.17,11.7000,0,5195.58,5169.47,8.62,870.2991,8.2991,2026-02-26T22:05:02.167,5194.41,5195.58,5195.58,STOP,0,0,302,0,0.0000,1,-862.0000,-870.2991,-0.990464,0.009536,-1.000000,-0.96,8.62,-0.110307,0.990464,-9.54,2.38,-6.91,1.37,-42.09,CONTINUATION,REVERSAL,CONTINUATION,REVERSAL,CONTINUATION,22,THURSDAY,H17_24,GE5,NO_CALENDAR_OBSERVE_ONLY,0
H1,a4d71fc9e87fd6f1,B_NEXT_BAR_CONFIRM,SHORT,EXPIRED,CONFIRMATION_FAILED,SWING_HIGH,58ae8a1fdf8f5d32,0,0,1.931826,2026-02-26T21:00:00,2026-02-26T22:00:00,5180.63,5194.11,5179.58,5186.97,5192.90,5192.90,5194.11,1.21,5.93,12.1000,59.3000,,,NA,NA,NA,NA,NA,NA,NA,NA,NA,NA,NA,NA,,NA,NA,NA,,NA,NA,NA,0,NA,1,NA,NA,NA,NA,NA,NA,NA,NA,NA,-9.54,2.38,-6.91,1.37,-42.09,CONTINUATION,REVERSAL,CONTINUATION,REVERSAL,CONTINUATION,22,THURSDAY,H17_24,NA,NO_CALENDAR_OBSERVE_ONLY,0
H1,868b2d82c1940833,A_RECLAIM_CONTROL,SHORT,CLOSED,TP,SWING_HIGH,d1b193c9328ecba6,0,0,1.566460,2026-02-27T07:00:00,2026-02-27T08:00:00,5181.63,5200.41,5181.39,5198.04,5199.70,5199.70,5200.41,0.71,1.66,7.1000,16.6000,2026-02-27T08:00:00,2026-02-27T08:00:00.424,424,5197.89,5198.45,5197.89,0.56,5.6000,1,5201.27,5190.88,3.38,346.3166,8.3166,2026-02-27T08:51:55.580,5190.27,5190.82,5190.82,TP,0,0,3115,0,0.0000,1,707.0000,698.6834,2.041484,0.024015,2.017470,7.07,1.93,2.041484,0.557293,12.44,19.29,20.46,-41.45,-148.52,REVERSAL,REVERSAL,REVERSAL,CONTINUATION,CONTINUATION,8,FRIDAY,H08_13,GE5,NO_CALENDAR_OBSERVE_ONLY,0
H1,868b2d82c1940833,B_NEXT_BAR_CONFIRM,SHORT,EXPIRED,CONFIRMATION_FAILED,SWING_HIGH,d1b193c9328ecba6,0,0,1.566460,2026-02-27T07:00:00,2026-02-27T08:00:00,5181.63,5200.41,5181.39,5198.04,5199.70,5199.70,5200.41,0.71,1.66,7.1000,16.6000,,,NA,NA,NA,NA,NA,NA,NA,NA,NA,NA,NA,NA,,NA,NA,NA,,NA,NA,NA,0,NA,1,NA,NA,NA,NA,NA,NA,NA,NA,NA,12.44,19.29,20.46,-41.45,-148.52,REVERSAL,REVERSAL,REVERSAL,CONTINUATION,CONTINUATION,8,FRIDAY,H08_13,NA,NO_CALENDAR_OBSERVE_ONLY,0
H1,62f122422d71e135,A_RECLAIM_CONTROL,SHORT,CLOSED,STOP,SWING_HIGH,2e49aed217bcf138,0,0,4.004944,2026-02-27T18:00:00,2026-02-27T19:00:00,5239.59,5257.75,5221.96,5229.06,5249.88,5249.88,5257.75,7.87,20.82,78.7000,208.2000,2026-02-27T19:00:00,2026-02-27T19:00:00.206,206,5229.14,5229.70,5229.14,0.56,5.6000,1,5258.61,5169.94,29.47,2955.3666,8.3666,2026-02-27T22:21:53.492,5257.51,5258.69,5258.69,STOP,0,0,12113,0,0.0000,1,-2955.0000,-2963.3666,-0.999876,0.002831,-1.002707,7.53,29.55,0.254791,0.999876,-5.66,-21.02,-49.47,-137.24,-164.92,CONTINUATION,CONTINUATION,CONTINUATION,CONTINUATION,CONTINUATION,19,FRIDAY,H17_24,GE5,NO_CALENDAR_OBSERVE_ONLY,0
H1,62f122422d71e135,B_NEXT_BAR_CONFIRM,SHORT,EXPIRED,CONFIRMATION_FAILED,SWING_HIGH,2e49aed217bcf138,0,0,4.004944,2026-02-27T18:00:00,2026-02-27T19:00:00,5239.59,5257.75,5221.96,5229.06,5249.88,5249.88,5257.75,7.87,20.82,78.7000,208.2000,,,NA,NA,NA,NA,NA,NA,NA,NA,NA,NA,NA,NA,,NA,NA,NA,,NA,NA,NA,0,NA,1,NA,NA,NA,NA,NA,NA,NA,NA,NA,-5.66,-21.02,-49.47,-137.24,-164.92,CONTINUATION,CONTINUATION,CONTINUATION,CONTINUATION,CONTINUATION,19,FRIDAY,H17_24,NA,NO_CALENDAR_OBSERVE_ONLY,0
H1,032956d9282eff5c,A_RECLAIM_CONTROL,SHORT,CLOSED,STOP,PSH,42445ad130feabd7,0,0,NA,2026-03-03T02:00:00,2026-03-03T03:00:00,5345.79,5362.23,5336.78,5350.24,5356.41,5356.41,5362.23,5.82,6.17,58.2000,61.7000,2026-03-03T03:00:00,2026-03-03T03:00:00.255,255,5350.27,5351.07,5350.27,0.80,8.0000,1,5363.33,5323.89,13.06,1314.5604,8.5604,2026-03-03T03:04:28.560,5362.84,5363.64,5363.64,STOP,0,0,268,0,0.0000,1,-1337.0000,-1345.5604,-1.017070,0.006512,-1.023582,2.21,13.37,0.168117,1.017070,11.43,-16.85,30.88,101.81,253.09,REVERSAL,CONTINUATION,REVERSAL,REVERSAL,REVERSAL,3,TUESDAY,H00_08,GE5,NO_CALENDAR_OBSERVE_ONLY,0
H1,032956d9282eff5c,B_NEXT_BAR_CONFIRM,SHORT,EXPIRED,CONFIRMATION_FAILED,PSH,42445ad130feabd7,0,0,NA,2026-03-03T02:00:00,2026-03-03T03:00:00,5345.79,5362.23,5336.78,5350.24,5356.41,5356.41,5362.23,5.82,6.17,58.2000,61.7000,,,NA,NA,NA,NA,NA,NA,NA,NA,NA,NA,NA,NA,,NA,NA,NA,,NA,NA,NA,0,NA,1,NA,NA,NA,NA,NA,NA,NA,NA,NA,11.43,-16.85,30.88,101.81,253.09,REVERSAL,CONTINUATION,REVERSAL,REVERSAL,REVERSAL,3,TUESDAY,H00_08,NA,NO_CALENDAR_OBSERVE_ONLY,0
H1,b3de7004fcf02df7,A_RECLAIM_CONTROL,LONG,CLOSED,STOP,PDL;PSL;SWING_LOW,3ee299ad715ebc13;5edc92a66c943e71;794afdfa29904cee,0,0,4.652784,2026-03-03T11:00:00,2026-03-03T12:00:00,5295.61,5303.74,5226.35,5275.37,5261.19,5261.19,5226.35,34.84,14.18,348.4000,141.8000,2026-03-03T12:00:00,2026-03-03T12:00:00.153,153,5275.34,5276.12,5276.12,0.78,7.8000,1,5225.27,5378.08,50.85,5093.4418,8.4418,2026-03-03T13:07:40.888,5225.16,5226.17,5225.16,STOP,0,0,4060,0,0.0000,1,-5096.0000,-5104.4418,-1.000502,0.001657,-1.002160,11.79,50.96,0.231474,1.000502,-26.94,-50.72,-236.75,-162.14,-114.65,CONTINUATION,CONTINUATION,CONTINUATION,CONTINUATION,CONTINUATION,12,TUESDAY,H08_13,GE5,NO_CALENDAR_OBSERVE_ONLY,0
H1,b3de7004fcf02df7,B_NEXT_BAR_CONFIRM,LONG,EXPIRED,CONFIRMATION_FAILED,PDL;PSL;SWING_LOW,3ee299ad715ebc13;5edc92a66c943e71;794afdfa29904cee,0,0,4.652784,2026-03-03T11:00:00,2026-03-03T12:00:00,5295.61,5303.74,5226.35,5275.37,5261.19,5261.19,5226.35,34.84,14.18,348.4000,141.8000,,,NA,NA,NA,NA,NA,NA,NA,NA,NA,NA,NA,NA,,NA,NA,NA,,NA,NA,NA,0,NA,1,NA,NA,NA,NA,NA,NA,NA,NA,NA,-26.94,-50.72,-236.75,-162.14,-114.65,CONTINUATION,CONTINUATION,CONTINUATION,CONTINUATION,CONTINUATION,12,TUESDAY,H08_13,NA,NO_CALENDAR_OBSERVE_ONLY,0
H1,ce9dcf892712eacb,A_RECLAIM_CONTROL,LONG,CLOSED,STOP,SWING_LOW,eef1fb697e478303,0,0,3.087982,2026-03-03T13:00:00,2026-03-03T14:00:00,5248.42,5264.12,5074.51,5144.85,5130.07,5130.07,5074.51,55.56,14.78,555.6000,147.8000,2026-03-03T14:00:00,2026-03-03T14:00:00.003,3,5144.73,5145.53,5145.53,0.80,8.0000,1,5073.41,5290.02,72.12,7220.2328,8.2328,2026-03-03T16:44:06.317,5072.39,5073.16,5072.39,STOP,0,0,9846,0,0.0000,1,-7314.0000,-7322.2328,-1.012987,0.001140,-1.014127,81.33,73.14,1.126418,1.012987,79.80,-106.23,-37.69,-55.40,23.17,REVERSAL,CONTINUATION,CONTINUATION,CONTINUATION,REVERSAL,14,TUESDAY,H13_17,GE5,NO_CALENDAR_OBSERVE_ONLY,0
H1,ce9dcf892712eacb,B_NEXT_BAR_CONFIRM,LONG,EXPIRED,CONFIRMATION_FAILED,SWING_LOW,eef1fb697e478303,0,0,3.087982,2026-03-03T13:00:00,2026-03-03T14:00:00,5248.42,5264.12,5074.51,5144.85,5130.07,5130.07,5074.51,55.56,14.78,555.6000,147.8000,,,NA,NA,NA,NA,NA,NA,NA,NA,NA,NA,NA,NA,,NA,NA,NA,,NA,NA,NA,0,NA,1,NA,NA,NA,NA,NA,NA,NA,NA,NA,79.80,-106.23,-37.69,-55.40,23.17,REVERSAL,CONTINUATION,CONTINUATION,CONTINUATION,REVERSAL,14,TUESDAY,H13_17,NA,NO_CALENDAR_OBSERVE_ONLY,0
H1,c36471e7ab265f28,A_RECLAIM_CONTROL,SHORT,CLOSED,STOP,SWING_HIGH,7bb8aa0c0a423c2d,0,0,2.160010,2026-03-04T12:00:00,2026-03-04T13:00:00,5182.30,5202.81,5179.97,5190.26,5190.78,5190.78,5202.81,12.03,0.52,120.3000,5.2000,2026-03-04T13:00:00,2026-03-04T13:00:00.265,265,5190.27,5191.04,5190.27,0.77,7.7000,1,5203.88,5162.80,13.61,1369.3044,8.3044,2026-03-04T14:03:59.489,5203.31,5204.08,5204.08,STOP,0,0,3839,0,0.0000,1,-1381.0000,-1389.3044,-1.008541,0.006065,-1.014606,1.47,13.81,0.107354,1.008541,-2.32,22.36,38.90,55.43,28.24,CONTINUATION,REVERSAL,REVERSAL,REVERSAL,REVERSAL,13,WEDNESDAY,H13_17,GE5,NO_CALENDAR_OBSERVE_ONLY,0
H1,c36471e7ab265f28,B_NEXT_BAR_CONFIRM,SHORT,EXPIRED,CONFIRMATION_FAILED,SWING_HIGH,7bb8aa0c0a423c2d,0,0,2.160010,2026-03-04T12:00:00,2026-03-04T13:00:00,5182.30,5202.81,5179.97,5190.26,5190.78,5190.78,5202.81,12.03,0.52,120.3000,5.2000,,,NA,NA,NA,NA,NA,NA,NA,NA,NA,NA,NA,NA,,NA,NA,NA,,NA,NA,NA,0,NA,1,NA,NA,NA,NA,NA,NA,NA,NA,NA,-2.32,22.36,38.90,55.43,28.24,CONTINUATION,REVERSAL,REVERSAL,REVERSAL,REVERSAL,13,WEDNESDAY,H13_17,NA,NO_CALENDAR_OBSERVE_ONLY,0
H1,a252224da3e9e099,A_RECLAIM_CONTROL,LONG,CLOSED,TP,SWING_LOW,0badb74970cfc9b3,0,0,1.603674,2026-03-04T20:00:00,2026-03-04T21:00:00,5141.43,5143.56,5108.78,5133.25,5120.18,5120.18,5108.78,11.40,13.07,114.0000,130.7000,2026-03-04T21:00:00,2026-03-04T21:00:00.051,51,5133.31,5134.16,5134.16,0.85,8.5000,1,5107.63,5187.47,26.53,2661.2147,8.2147,2026-03-05T04:23:29.820,5187.61,5188.41,5187.61,TP,0,0,26609,3,321.4530,1,5345.0000,5015.3323,2.008481,0.123879,1.884603,53.45,10.96,2.008481,0.411842,4.63,6.76,39.39,15.69,-30.20,REVERSAL,REVERSAL,REVERSAL,REVERSAL,CONTINUATION,21,WEDNESDAY,H17_24,GE5,NO_CALENDAR_OBSERVE_ONLY,0
H1,a252224da3e9e099,B_NEXT_BAR_CONFIRM,LONG,EXPIRED,CONFIRMATION_FAILED,SWING_LOW,0badb74970cfc9b3,0,0,1.603674,2026-03-04T20:00:00,2026-03-04T21:00:00,5141.43,5143.56,5108.78,5133.25,5120.18,5120.18,5108.78,11.40,13.07,114.0000,130.7000,,,NA,NA,NA,NA,NA,NA,NA,NA,NA,NA,NA,NA,,NA,NA,NA,,NA,NA,NA,0,NA,1,NA,NA,NA,NA,NA,NA,NA,NA,NA,4.63,6.76,39.39,15.69,-30.20,REVERSAL,REVERSAL,REVERSAL,REVERSAL,CONTINUATION,21,WEDNESDAY,H17_24,NA,NO_CALENDAR_OBSERVE_ONLY,0
H1,70c1a17f47a00164,A_RECLAIM_CONTROL,SHORT,CLOSED,STOP,PSH,5eaec330e4e6b1d5,0,0,NA,2026-03-05T03:00:00,2026-03-05T04:00:00,5172.63,5186.19,5167.46,5172.61,5185.35,5185.35,5186.19,0.84,12.74,8.4000,127.4000,2026-03-05T04:00:00,2026-03-05T04:00:00.389,389,5172.57,5173.37,5172.57,0.80,8.0000,1,5187.29,5142.88,14.72,1480.2761,8.2761,2026-03-05T04:22:34.345,5186.49,5187.32,5187.32,STOP,0,0,1353,0,0.0000,1,-1475.0000,-1483.2761,-0.996436,0.005591,-1.002027,0.12,14.75,0.008107,0.996436,-19.29,1.02,5.32,8.47,89.07,CONTINUATION,REVERSAL,REVERSAL,REVERSAL,REVERSAL,4,THURSDAY,H00_08,GE5,NO_CALENDAR_OBSERVE_ONLY,0
H1,70c1a17f47a00164,B_NEXT_BAR_CONFIRM,SHORT,EXPIRED,CONFIRMATION_FAILED,PSH,5eaec330e4e6b1d5,0,0,NA,2026-03-05T03:00:00,2026-03-05T04:00:00,5172.63,5186.19,5167.46,5172.61,5185.35,5185.35,5186.19,0.84,12.74,8.4000,127.4000,,,NA,NA,NA,NA,NA,NA,NA,NA,NA,NA,NA,NA,,NA,NA,NA,,NA,NA,NA,0,NA,1,NA,NA,NA,NA,NA,NA,NA,NA,NA,-19.29,1.02,5.32,8.47,89.07,CONTINUATION,REVERSAL,REVERSAL,REVERSAL,REVERSAL,4,THURSDAY,H00_08,NA,NO_CALENDAR_OBSERVE_ONLY,0
H1,b583ef12d7a41cba,A_RECLAIM_CONTROL,LONG,CLOSED,STOP,PSL;SWING_LOW,b8a2747a96261483;bf33513e64fbc591,0,0,2.771577,2026-03-05T15:00:00,2026-03-05T16:00:00,5162.86,5164.36,5081.93,5118.68,5108.78,5108.78,5081.93,26.85,9.90,268.5000,99.0000,2026-03-05T16:00:00,2026-03-05T16:00:00.019,19,5118.70,5118.98,5118.98,0.28,2.8000,1,5081.35,5194.49,37.63,3771.1904,8.1904,2026-03-05T17:08:39.514,5081.33,5082.10,5081.33,STOP,0,0,4119,0,0.0000,1,-3765.0000,-3773.1904,-0.998359,0.002172,-1.000530,10.99,37.65,0.291420,0.998359,-16.31,-40.82,-49.21,-33.98,-27.67,CONTINUATION,CONTINUATION,CONTINUATION,CONTINUATION,CONTINUATION,16,THURSDAY,H13_17,2_3,NO_CALENDAR_OBSERVE_ONLY,0
H1,b583ef12d7a41cba,B_NEXT_BAR_CONFIRM,LONG,EXPIRED,CONFIRMATION_FAILED,PSL;SWING_LOW,b8a2747a96261483;bf33513e64fbc591,0,0,2.771577,2026-03-05T15:00:00,2026-03-05T16:00:00,5162.86,5164.36,5081.93,5118.68,5108.78,5108.78,5081.93,26.85,9.90,268.5000,99.0000,,,NA,NA,NA,NA,NA,NA,NA,NA,NA,NA,NA,NA,,NA,NA,NA,,NA,NA,NA,0,NA,1,NA,NA,NA,NA,NA,NA,NA,NA,NA,-16.31,-40.82,-49.21,-33.98,-27.67,CONTINUATION,CONTINUATION,CONTINUATION,CONTINUATION,CONTINUATION,16,THURSDAY,H13_17,NA,NO_CALENDAR_OBSERVE_ONLY,0
H1,3b0f688d88120ad5,A_RECLAIM_CONTROL,LONG,CLOSED,TP,SWING_LOW,5d082dd0d7c228f8,0,0,3.361985,2026-03-06T13:00:00,2026-03-06T14:00:00,5091.03,5099.89,5062.36,5077.04,5066.71,5066.71,5062.36,4.35,10.33,43.5000,103.3000,2026-03-06T14:00:00,2026-03-06T14:00:00.144,144,5077.06,5077.84,5077.84,0.78,7.8000,1,5061.28,5111.21,16.56,1664.1245,8.1245,2026-03-06T15:30:10.336,5111.49,5111.77,5111.49,TP,0,0,5410,0,0.0000,1,3365.0000,3356.8755,2.022084,0.004882,2.017202,33.65,12.39,2.022084,0.744536,6.15,53.40,62.95,95.52,21.73,REVERSAL,REVERSAL,REVERSAL,REVERSAL,REVERSAL,14,FRIDAY,H13_17,GE5,NO_CALENDAR_OBSERVE_ONLY,0
H1,3b0f688d88120ad5,B_NEXT_BAR_CONFIRM,LONG,EXPIRED,CONFIRMATION_FAILED,SWING_LOW,5d082dd0d7c228f8,0,0,3.361985,2026-03-06T13:00:00,2026-03-06T14:00:00,5091.03,5099.89,5062.36,5077.04,5066.71,5066.71,5062.36,4.35,10.33,43.5000,103.3000,,,NA,NA,NA,NA,NA,NA,NA,NA,NA,NA,NA,NA,,NA,NA,NA,,NA,NA,NA,0,NA,1,NA,NA,NA,NA,NA,NA,NA,NA,NA,6.15,53.40,62.95,95.52,21.73,REVERSAL,REVERSAL,REVERSAL,REVERSAL,REVERSAL,14,FRIDAY,H13_17,NA,NO_CALENDAR_OBSERVE_ONLY,0
H1,f0d7b7561cd3cd55,A_RECLAIM_CONTROL,SHORT,CLOSED,STOP,SWING_HIGH,1ecc1cc0dee44097,0,0,2.169228,2026-03-06T15:00:00,2026-03-06T16:00:00,5083.16,5131.49,5065.45,5085.06,5123.10,5123.10,5131.49,8.39,38.04,83.9000,380.4000,2026-03-06T16:00:00,2026-03-06T16:00:00.026,26,5084.99,5085.77,5084.99,0.78,7.8000,1,5132.57,4989.58,47.58,4766.1360,8.1360,2026-03-06T16:59:52.117,5131.92,5132.66,5132.66,STOP,0,0,3592,0,0.0000,1,-4767.0000,-4775.1360,-1.000181,0.001707,-1.001888,3.13,47.67,0.065672,1.000181,-45.38,-54.93,-76.04,9.02,-20.24,CONTINUATION,CONTINUATION,CONTINUATION,REVERSAL,CONTINUATION,16,FRIDAY,H13_17,GE5,NO_CALENDAR_OBSERVE_ONLY,0
H1,f0d7b7561cd3cd55,B_NEXT_BAR_CONFIRM,SHORT,EXPIRED,CONFIRMATION_FAILED,SWING_HIGH,1ecc1cc0dee44097,0,0,2.169228,2026-03-06T15:00:00,2026-03-06T16:00:00,5083.16,5131.49,5065.45,5085.06,5123.10,5123.10,5131.49,8.39,38.04,83.9000,380.4000,,,NA,NA,NA,NA,NA,NA,NA,NA,NA,NA,NA,NA,,NA,NA,NA,,NA,NA,NA,0,NA,1,NA,NA,NA,NA,NA,NA,NA,NA,NA,-45.38,-54.93,-76.04,9.02,-20.24,CONTINUATION,CONTINUATION,CONTINUATION,REVERSAL,CONTINUATION,16,FRIDAY,H13_17,NA,NO_CALENDAR_OBSERVE_ONLY,0
H1,ed534b7d74e6d6aa,A_RECLAIM_CONTROL,SHORT,CLOSED,STOP,SWING_HIGH,6b1dedb241978113,0,0,2.973558,2026-03-06T17:00:00,2026-03-06T18:00:00,5130.42,5171.48,5127.89,5142.02,5143.66,5143.66,5171.48,27.82,1.64,278.2000,16.4000,2026-03-06T18:00:00,2026-03-06T18:00:00.056,56,5141.96,5142.70,5141.96,0.74,7.4000,1,5172.52,5080.59,30.56,3064.2271,8.2271,2026-03-06T21:14:55.697,5171.26,5172.57,5172.57,STOP,0,0,11695,0,0.0000,1,-3061.0000,-3069.2271,-0.998947,0.002685,-1.001632,15.28,30.61,0.498658,0.998947,2.03,-19.08,-11.45,71.99,54.06,REVERSAL,CONTINUATION,CONTINUATION,REVERSAL,REVERSAL,18,FRIDAY,H17_24,GE5,NO_CALENDAR_OBSERVE_ONLY,0
H1,ed534b7d74e6d6aa,B_NEXT_BAR_CONFIRM,SHORT,EXPIRED,CONFIRMATION_FAILED,SWING_HIGH,6b1dedb241978113,0,0,2.973558,2026-03-06T17:00:00,2026-03-06T18:00:00,5130.42,5171.48,5127.89,5142.02,5143.66,5143.66,5171.48,27.82,1.64,278.2000,16.4000,,,NA,NA,NA,NA,NA,NA,NA,NA,NA,NA,NA,NA,,NA,NA,NA,,NA,NA,NA,0,NA,1,NA,NA,NA,NA,NA,NA,NA,NA,NA,2.03,-19.08,-11.45,71.99,54.06,REVERSAL,CONTINUATION,CONTINUATION,REVERSAL,REVERSAL,18,FRIDAY,H17_24,NA,NO_CALENDAR_OBSERVE_ONLY,0
H1,e9d58e4f7cfb44a6,A_RECLAIM_CONTROL,SHORT,CLOSED,STOP,SWING_HIGH;EQUAL_HIGHS,b1b44b91e1797e5b;b2c77819ad50dbe9;c4bf2135b048053d,0,0,1.645750,2026-03-06T21:00:00,2026-03-06T22:00:00,5161.13,5174.88,5156.53,5159.82,5171.48,5171.70,5174.88,3.18,11.66,31.8000,116.6000,2026-03-06T22:00:00,2026-03-06T22:00:00.119,119,5159.87,5161.18,5159.87,1.31,13.1000,0,5176.49,5126.38,16.62,1670.2558,8.2558,2026-03-06T23:57:02.452,5173.55,5177.09,5177.09,STOP,0,0,7022,0,0.0000,1,-1722.0000,-1730.2558,-1.030980,0.004943,-1.035923,9.34,17.22,0.559196,1.030980,6.35,29.60,109.75,35.58,60.17,REVERSAL,REVERSAL,REVERSAL,REVERSAL,REVERSAL,22,FRIDAY,H17_24,GE5,NO_CALENDAR_OBSERVE_ONLY,0
H1,e9d58e4f7cfb44a6,B_NEXT_BAR_CONFIRM,SHORT,CLOSED,STOP,SWING_HIGH;EQUAL_HIGHS,b1b44b91e1797e5b;b2c77819ad50dbe9;c4bf2135b048053d,0,0,1.645750,2026-03-06T21:00:00,2026-03-06T22:00:00,5161.13,5174.88,5156.53,5159.82,5171.48,5171.70,5174.88,3.18,11.66,31.8000,116.6000,2026-03-06T23:00:00,2026-03-06T23:00:00.008,8,5153.51,5154.82,5153.51,1.31,13.1000,0,5176.49,5107.30,22.98,2306.2456,8.2456,2026-03-06T23:57:02.452,5173.55,5177.09,5177.09,STOP,0,0,3422,0,0.0000,1,-2358.0000,-2366.2456,-1.022441,0.003575,-1.026016,1.81,23.58,0.078483,1.022441,6.35,29.60,109.75,35.58,60.17,REVERSAL,REVERSAL,REVERSAL,REVERSAL,REVERSAL,22,FRIDAY,H17_24,GE5,NO_CALENDAR_OBSERVE_ONLY,0
H1,3142683c23958f04,A_RECLAIM_CONTROL,SHORT,CLOSED,STOP,PSH,e63e5cecca6f9778,0,0,NA,2026-03-06T23:00:00,2026-03-07T00:00:00,5153.51,5177.31,5150.80,5172.56,5174.88,5174.88,5177.31,2.43,2.32,24.3000,23.2000,2026-03-07T00:00:00,2026-03-09T01:00:00.914,176400914,5178.78,5180.66,5178.78,1.88,18.8000,0,5179.49,5177.11,0.71,79.2860,8.2860,2026-03-09T01:00:00.914,5178.77,5180.13,5180.13,STOP,0,0,0,0,0.0000,1,-135.0000,-143.2860,-1.702696,0.104508,-1.807204,-1.35,1.88,-1.702696,2.371161,42.34,122.49,77.70,73.79,76.73,REVERSAL,REVERSAL,REVERSAL,REVERSAL,REVERSAL,0,SATURDAY,H00_08,GE5,NO_CALENDAR_OBSERVE_ONLY,0
H1,3142683c23958f04,B_NEXT_BAR_CONFIRM,SHORT,CLOSED,TP,PSH,e63e5cecca6f9778,0,0,NA,2026-03-06T23:00:00,2026-03-07T00:00:00,5153.51,5177.31,5150.80,5172.56,5174.88,5174.88,5177.31,2.43,2.32,24.3000,23.2000,2026-03-09T02:00:00,2026-03-09T02:00:00.224,224,5130.17,5131.07,5130.17,0.90,9.0000,1,5178.51,5033.24,48.34,4842.2083,8.2083,2026-03-09T03:13:55.882,5029.31,5030.35,5030.35,TP,0,0,4435,0,0.0000,1,9982.0000,9973.7917,2.061456,0.001695,2.059761,99.82,6.31,2.061456,0.130312,42.34,122.49,77.70,73.79,76.73,REVERSAL,REVERSAL,REVERSAL,REVERSAL,REVERSAL,0,SATURDAY,H00_08,GE5,NO_CALENDAR_OBSERVE_ONLY,0
H1,811bd98fa08d9358,A_RECLAIM_CONTROL,SHORT,CLOSED,STOP,SWING_HIGH,1c00da5dcd1d4130,0,0,2.182594,2026-03-09T01:00:00,2026-03-09T02:00:00,5178.78,5200.90,5103.52,5130.22,5180.60,5180.60,5200.90,20.30,50.38,203.0000,503.8000,2026-03-09T02:00:00,2026-03-09T02:00:00.224,224,5130.17,5131.07,5130.17,0.90,9.0000,1,5202.10,4986.06,71.93,7201.2083,8.2083,2026-03-10T16:08:45.171,5201.34,5202.15,5202.15,STOP,0,0,137324,1,46.9170,1,-7198.0000,-7253.1253,-0.999554,0.007655,-1.007209,114.38,71.98,1.588345,0.999554,54.18,60.19,38.90,33.71,7.06,REVERSAL,REVERSAL,REVERSAL,REVERSAL,REVERSAL,2,MONDAY,H00_08,GE5,NO_CALENDAR_OBSERVE_ONLY,0
H1,811bd98fa08d9358,B_NEXT_BAR_CONFIRM,SHORT,EXPIRED,CONFIRMATION_CONFLICT,SWING_HIGH,1c00da5dcd1d4130,0,0,2.182594,2026-03-09T01:00:00,2026-03-09T02:00:00,5178.78,5200.90,5103.52,5130.22,5180.60,5180.60,5200.90,20.30,50.38,203.0000,503.8000,,,NA,NA,NA,NA,NA,NA,NA,NA,NA,NA,NA,NA,,NA,NA,NA,,NA,NA,NA,0,NA,1,NA,NA,NA,NA,NA,NA,NA,NA,NA,54.18,60.19,38.90,33.71,7.06,REVERSAL,REVERSAL,REVERSAL,REVERSAL,REVERSAL,2,MONDAY,H00_08,NA,NO_CALENDAR_OBSERVE_ONLY,0
H1,f5dfd62f811e4169,A_RECLAIM_CONTROL,LONG,CLOSED,STOP,PDL;SWING_LOW,626958d0fc4aa15d;82ac6ead040b0231,0,0,2.080681,2026-03-09T02:00:00,2026-03-09T03:00:00,5130.17,5135.57,5044.30,5076.04,5062.36,5062.36,5044.30,18.06,13.68,180.6000,136.8000,2026-03-09T03:00:00,2026-03-09T03:00:00.106,106,5076.15,5076.95,5076.95,0.80,8.0000,1,5043.20,5144.70,33.75,3383.1231,8.1231,2026-03-09T03:13:24.894,5042.80,5043.64,5042.80,STOP,0,0,804,0,0.0000,1,-3415.0000,-3423.1231,-1.009422,0.002401,-1.011823,3.93,34.15,0.116165,1.009422,-25.97,18.82,14.09,29.26,64.99,CONTINUATION,REVERSAL,REVERSAL,REVERSAL,REVERSAL,3,MONDAY,H00_08,GE5,NO_CALENDAR_OBSERVE_ONLY,0
H1,f5dfd62f811e4169,B_NEXT_BAR_CONFIRM,LONG,EXPIRED,CONFIRMATION_FAILED,PDL;SWING_LOW,626958d0fc4aa15d;82ac6ead040b0231,0,0,2.080681,2026-03-09T02:00:00,2026-03-09T03:00:00,5130.17,5135.57,5044.30,5076.04,5062.36,5062.36,5044.30,18.06,13.68,180.6000,136.8000,,,NA,NA,NA,NA,NA,NA,NA,NA,NA,NA,NA,NA,,NA,NA,NA,,NA,NA,NA,0,NA,1,NA,NA,NA,NA,NA,NA,NA,NA,NA,-25.97,18.82,14.09,29.26,64.99,CONTINUATION,REVERSAL,REVERSAL,REVERSAL,REVERSAL,3,MONDAY,H00_08,NA,NO_CALENDAR_OBSERVE_ONLY,0
H1,fb24928c9c45e795,A_RECLAIM_CONTROL,LONG,CLOSED,TP,SWING_LOW,220bf15d92a90359,0,0,3.172298,2026-03-09T14:00:00,2026-03-09T15:00:00,5088.30,5097.32,5079.96,5087.96,5080.85,5080.85,5079.96,0.89,7.11,8.9000,71.1000,2026-03-09T15:00:00,2026-03-09T15:00:00.023,23,5087.95,5088.73,5088.73,0.78,7.8000,1,5078.88,5108.68,9.85,993.1420,8.1420,2026-03-09T15:29:00.542,5108.83,5109.55,5108.83,TP,0,0,1740,0,0.0000,1,2010.0000,2001.8580,2.023880,0.008198,2.015682,20.10,0.78,2.023880,0.078539,6.98,5.96,16.75,64.87,95.57,REVERSAL,REVERSAL,REVERSAL,REVERSAL,REVERSAL,15,MONDAY,H13_17,GE5,NO_CALENDAR_OBSERVE_ONLY,0
H1,fb24928c9c45e795,B_NEXT_BAR_CONFIRM,LONG,EXPIRED,CONFIRMATION_FAILED,SWING_LOW,220bf15d92a90359,0,0,3.172298,2026-03-09T14:00:00,2026-03-09T15:00:00,5088.30,5097.32,5079.96,5087.96,5080.85,5080.85,5079.96,0.89,7.11,8.9000,71.1000,,,NA,NA,NA,NA,NA,NA,NA,NA,NA,NA,NA,NA,,NA,NA,NA,,NA,NA,NA,0,NA,1,NA,NA,NA,NA,NA,NA,NA,NA,NA,6.98,5.96,16.75,64.87,95.57,REVERSAL,REVERSAL,REVERSAL,REVERSAL,REVERSAL,15,MONDAY,H13_17,NA,NO_CALENDAR_OBSERVE_ONLY,0
H1,30d369e48fdb54e7,A_RECLAIM_CONTROL,SHORT,CLOSED,TP,SWING_HIGH,82f59c746ed968df,0,0,2.142750,2026-03-10T11:00:00,2026-03-10T12:00:00,5181.00,5195.10,5174.98,5183.53,5186.82,5186.82,5195.10,8.28,3.29,82.8000,32.9000,2026-03-10T12:00:00,2026-03-10T12:00:00.170,170,5183.51,5184.23,5183.51,0.72,7.2000,1,5196.12,5158.04,12.61,1269.2936,8.2936,2026-03-10T13:39:43.760,5157.13,5157.88,5157.88,TP,0,0,5983,0,0.0000,1,2563.0000,2554.7064,2.019233,0.006534,2.012699,25.63,6.59,2.019233,0.519186,0.94,8.40,-22.15,-8.04,-15.89,REVERSAL,REVERSAL,CONTINUATION,CONTINUATION,CONTINUATION,12,TUESDAY,H08_13,GE5,NO_CALENDAR_OBSERVE_ONLY,0
H1,30d369e48fdb54e7,B_NEXT_BAR_CONFIRM,SHORT,EXPIRED,CONFIRMATION_FAILED,SWING_HIGH,82f59c746ed968df,0,0,2.142750,2026-03-10T11:00:00,2026-03-10T12:00:00,5181.00,5195.10,5174.98,5183.53,5186.82,5186.82,5195.10,8.28,3.29,82.8000,32.9000,,,NA,NA,NA,NA,NA,NA,NA,NA,NA,NA,NA,NA,,NA,NA,NA,,NA,NA,NA,0,NA,1,NA,NA,NA,NA,NA,NA,NA,NA,NA,0.94,8.40,-22.15,-8.04,-15.89,REVERSAL,REVERSAL,CONTINUATION,CONTINUATION,CONTINUATION,12,TUESDAY,H08_13,NA,NO_CALENDAR_OBSERVE_ONLY,0
H1,25d5079f3b28aefc,A_RECLAIM_CONTROL,LONG,CLOSED,TP,SWING_LOW,f55cf4078819518c,0,0,1.143347,2026-03-10T13:00:00,2026-03-10T14:00:00,5182.57,5184.01,5156.54,5177.20,5158.54,5158.54,5156.54,2.00,18.66,20.0000,186.6000,2026-03-10T14:00:00,2026-03-10T14:00:00.471,471,5177.51,5178.24,5178.24,0.73,7.3000,1,5155.51,5223.95,22.73,2281.2852,8.2852,2026-03-10T16:25:54.636,5224.06,5224.82,5224.06,TP,0,0,8754,0,0.0000,1,4582.0000,4573.7148,2.008517,0.003632,2.004885,45.82,15.78,2.008517,0.691715,-2.07,28.48,51.48,13.25,18.49,CONTINUATION,REVERSAL,REVERSAL,REVERSAL,REVERSAL,14,TUESDAY,H13_17,GE5,NO_CALENDAR_OBSERVE_ONLY,0
H1,25d5079f3b28aefc,B_NEXT_BAR_CONFIRM,LONG,EXPIRED,CONFIRMATION_FAILED,SWING_LOW,f55cf4078819518c,0,0,1.143347,2026-03-10T13:00:00,2026-03-10T14:00:00,5182.57,5184.01,5156.54,5177.20,5158.54,5158.54,5156.54,2.00,18.66,20.0000,186.6000,,,NA,NA,NA,NA,NA,NA,NA,NA,NA,NA,NA,NA,,NA,NA,NA,,NA,NA,NA,0,NA,1,NA,NA,NA,NA,NA,NA,NA,NA,NA,-2.07,28.48,51.48,13.25,18.49,CONTINUATION,REVERSAL,REVERSAL,REVERSAL,REVERSAL,14,TUESDAY,H13_17,NA,NO_CALENDAR_OBSERVE_ONLY,0
H1,5177920ae20558fa,A_RECLAIM_CONTROL,SHORT,CLOSED,STOP,SWING_HIGH,f0098033a435c7b9,0,0,2.172671,2026-03-10T16:00:00,2026-03-10T17:00:00,5186.99,5228.83,5185.93,5205.68,5206.41,5206.41,5228.83,22.42,0.73,224.2000,7.3000,2026-03-10T17:00:00,2026-03-10T17:00:00.111,111,5205.67,5206.42,5205.67,0.75,7.5000,1,5229.88,5157.00,24.21,2429.3291,8.3291,2026-03-10T18:31:33.517,5229.30,5230.04,5230.04,STOP,0,0,5493,0,0.0000,1,-2437.0000,-2445.3291,-1.003158,0.003429,-1.006586,19.51,24.37,0.803102,1.003158,-1.11,-21.95,14.11,-9.84,19.63,CONTINUATION,CONTINUATION,REVERSAL,CONTINUATION,REVERSAL,17,TUESDAY,H17_24,GE5,NO_CALENDAR_OBSERVE_ONLY,0
H1,5177920ae20558fa,B_NEXT_BAR_CONFIRM,SHORT,EXPIRED,CONFIRMATION_FAILED,SWING_HIGH,f0098033a435c7b9,0,0,2.172671,2026-03-10T16:00:00,2026-03-10T17:00:00,5186.99,5228.83,5185.93,5205.68,5206.41,5206.41,5228.83,22.42,0.73,224.2000,7.3000,,,NA,NA,NA,NA,NA,NA,NA,NA,NA,NA,NA,NA,,NA,NA,NA,,NA,NA,NA,0,NA,1,NA,NA,NA,NA,NA,NA,NA,NA,NA,-1.11,-21.95,14.11,-9.84,19.63,CONTINUATION,CONTINUATION,REVERSAL,CONTINUATION,REVERSAL,17,TUESDAY,H17_24,NA,NO_CALENDAR_OBSERVE_ONLY,0
H1,40cffb83e8b9ade2,A_RECLAIM_CONTROL,LONG,CLOSED,STOP,SWING_LOW,6ec9a61bb3e5c424,0,0,1.623720,2026-03-11T14:00:00,2026-03-11T15:00:00,5186.07,5193.66,5175.48,5181.40,5175.52,5175.52,5175.48,0.04,5.88,0.4000,58.8000,2026-03-11T15:00:00,2026-03-11T15:00:00.004,4,5181.37,5182.12,5182.12,0.75,7.5000,1,5174.43,5197.75,7.69,777.2914,8.2914,2026-03-11T15:36:49.885,5174.06,5174.85,5174.06,STOP,0,0,2209,0,0.0000,1,-806.0000,-814.2914,-1.036934,0.010667,-1.047601,14.59,8.06,1.877031,1.036934,-13.85,1.78,-5.76,-42.47,-3.24,CONTINUATION,REVERSAL,CONTINUATION,CONTINUATION,CONTINUATION,15,WEDNESDAY,H13_17,GE5,NO_CALENDAR_OBSERVE_ONLY,0
H1,40cffb83e8b9ade2,B_NEXT_BAR_CONFIRM,LONG,EXPIRED,CONFIRMATION_FAILED,SWING_LOW,6ec9a61bb3e5c424,0,0,1.623720,2026-03-11T14:00:00,2026-03-11T15:00:00,5186.07,5193.66,5175.48,5181.40,5175.52,5175.52,5175.48,0.04,5.88,0.4000,58.8000,,,NA,NA,NA,NA,NA,NA,NA,NA,NA,NA,NA,NA,,NA,NA,NA,,NA,NA,NA,0,NA,1,NA,NA,NA,NA,NA,NA,NA,NA,NA,-13.85,1.78,-5.76,-42.47,-3.24,CONTINUATION,REVERSAL,CONTINUATION,CONTINUATION,CONTINUATION,15,WEDNESDAY,H13_17,NA,NO_CALENDAR_OBSERVE_ONLY,0
H1,13633c36f3606e19,A_RECLAIM_CONTROL,LONG,CLOSED,STOP,PSL;SWING_LOW,449caafd46ae87f8;b77a616ea2733699,0,0,2.942304,2026-03-11T16:00:00,2026-03-11T17:00:00,5167.54,5183.15,5149.03,5176.88,5160.67,5160.67,5149.03,11.64,16.21,116.4000,162.1000,2026-03-11T17:00:00,2026-03-11T17:00:00.305,305,5176.84,5177.53,5177.53,0.69,6.9000,1,5148.04,5236.76,29.49,2957.2840,8.2840,2026-03-12T01:56:24.903,5147.98,5148.88,5147.98,STOP,0,0,32184,3,321.4530,1,-2955.0000,-3284.7370,-0.999228,0.111500,-1.110728,18.70,29.55,0.632337,0.999228,6.30,-1.24,-4.41,-23.94,5.48,REVERSAL,CONTINUATION,CONTINUATION,CONTINUATION,REVERSAL,17,WEDNESDAY,H17_24,GE5,NO_CALENDAR_OBSERVE_ONLY,0
H1,13633c36f3606e19,B_NEXT_BAR_CONFIRM,LONG,CLOSED,STOP,PSL;SWING_LOW,449caafd46ae87f8;b77a616ea2733699,0,0,2.942304,2026-03-11T16:00:00,2026-03-11T17:00:00,5167.54,5183.15,5149.03,5176.88,5160.67,5160.67,5149.03,11.64,16.21,116.4000,162.1000,2026-03-11T18:00:00,2026-03-11T18:00:00.273,273,5183.24,5184.03,5184.03,0.79,7.9000,1,5147.94,5256.46,36.09,3617.2944,8.2944,2026-03-12T01:56:24.914,5147.27,5148.87,5147.27,STOP,0,0,28584,3,321.4530,1,-3676.0000,-4005.7474,-1.016229,0.091159,-1.107388,1.70,36.76,0.046996,1.016229,6.30,-1.24,-4.41,-23.94,5.48,REVERSAL,CONTINUATION,CONTINUATION,CONTINUATION,REVERSAL,17,WEDNESDAY,H17_24,GE5,NO_CALENDAR_OBSERVE_ONLY,0
H1,6f7c4f4c91607045,A_RECLAIM_CONTROL,SHORT,CLOSED,STOP,SWING_HIGH,f5a37705556468b1,0,0,1.237204,2026-03-12T10:00:00,2026-03-12T11:00:00,5166.29,5185.13,5164.52,5182.01,5183.81,5183.81,5185.13,1.32,1.80,13.2000,18.0000,2026-03-12T11:00:00,2026-03-12T11:00:00.041,41,5182.00,5182.75,5182.00,0.75,7.5000,1,5186.18,5173.39,4.18,426.2912,8.2912,2026-03-12T11:00:40.513,5185.44,5186.19,5186.19,STOP,0,0,40,0,0.0000,1,-419.0000,-427.2912,-0.982896,0.019450,-1.002346,-0.30,4.19,-0.070374,0.982896,3.85,-0.35,0.60,76.71,77.72,REVERSAL,CONTINUATION,REVERSAL,REVERSAL,REVERSAL,11,THURSDAY,H08_13,GE5,NO_CALENDAR_OBSERVE_ONLY,0
H1,6f7c4f4c91607045,B_NEXT_BAR_CONFIRM,SHORT,EXPIRED,CONFIRMATION_FAILED,SWING_HIGH,f5a37705556468b1,0,0,1.237204,2026-03-12T10:00:00,2026-03-12T11:00:00,5166.29,5185.13,5164.52,5182.01,5183.81,5183.81,5185.13,1.32,1.80,13.2000,18.0000,,,NA,NA,NA,NA,NA,NA,NA,NA,NA,NA,NA,NA,,NA,NA,NA,,NA,NA,NA,0,NA,1,NA,NA,NA,NA,NA,NA,NA,NA,NA,3.85,-0.35,0.60,76.71,77.72,REVERSAL,CONTINUATION,REVERSAL,REVERSAL,REVERSAL,11,THURSDAY,H08_13,NA,NO_CALENDAR_OBSERVE_ONLY,0
H1,7c2fd4830f754d9f,A_RECLAIM_CONTROL,LONG,CLOSED,STOP,SWING_LOW,a0da25ba8691c60a,0,0,2.446373,2026-03-12T18:00:00,2026-03-12T19:00:00,5142.98,5144.87,5109.46,5132.38,5125.47,5125.47,5109.46,16.01,6.91,160.1000,69.1000,2026-03-12T19:00:00,2026-03-12T19:00:00.233,233,5132.39,5133.09,5133.09,0.70,7.0000,1,5108.46,5182.60,24.63,2471.2129,8.2129,2026-03-12T20:41:55.943,5108.09,5108.78,5108.09,STOP,0,0,6115,0,0.0000,1,-2500.0000,-2508.2129,-1.011649,0.003323,-1.014972,4.96,25.00,0.200711,1.011649,-8.80,-38.20,-52.31,-20.36,-14.06,CONTINUATION,CONTINUATION,CONTINUATION,CONTINUATION,CONTINUATION,19,THURSDAY,H17_24,GE5,NO_CALENDAR_OBSERVE_ONLY,0
H1,7c2fd4830f754d9f,B_NEXT_BAR_CONFIRM,LONG,EXPIRED,CONFIRMATION_FAILED,SWING_LOW,a0da25ba8691c60a,0,0,2.446373,2026-03-12T18:00:00,2026-03-12T19:00:00,5142.98,5144.87,5109.46,5132.38,5125.47,5125.47,5109.46,16.01,6.91,160.1000,69.1000,,,NA,NA,NA,NA,NA,NA,NA,NA,NA,NA,NA,NA,,NA,NA,NA,,NA,NA,NA,0,NA,1,NA,NA,NA,NA,NA,NA,NA,NA,NA,-8.80,-38.20,-52.31,-20.36,-14.06,CONTINUATION,CONTINUATION,CONTINUATION,CONTINUATION,CONTINUATION,19,THURSDAY,H17_24,NA,NO_CALENDAR_OBSERVE_ONLY,0
H1,c2833488f2d7d3d4,A_RECLAIM_CONTROL,LONG,CLOSED,STOP,SWING_LOW,98f4af63eea8dc41,0,0,2.117883,2026-03-12T23:00:00,2026-03-13T00:00:00,5084.71,5090.86,5054.76,5080.07,5060.43,5060.43,5054.76,5.67,19.64,56.7000,196.4000,2026-03-13T00:00:00,2026-03-13T01:00:00.597,3600597,5079.20,5082.91,5082.91,3.71,37.1000,0,5050.75,5147.48,32.16,3224.1327,8.1327,2026-03-13T17:55:24.534,5050.70,5052.53,5050.70,STOP,0,0,60923,0,0.0000,1,-3221.0000,-3229.1327,-0.999028,0.002522,-1.001551,45.38,32.21,1.407510,0.999028,15.76,33.65,31.95,5.07,-33.73,REVERSAL,REVERSAL,REVERSAL,REVERSAL,CONTINUATION,0,FRIDAY,H00_08,GE5,NO_CALENDAR_OBSERVE_ONLY,0
H1,c2833488f2d7d3d4,B_NEXT_BAR_CONFIRM,LONG,CLOSED,STOP,SWING_LOW,98f4af63eea8dc41,0,0,2.117883,2026-03-12T23:00:00,2026-03-13T00:00:00,5084.71,5090.86,5054.76,5080.07,5060.43,5060.43,5054.76,5.67,19.64,56.7000,196.4000,2026-03-13T02:00:00,2026-03-13T02:00:00.138,138,5095.94,5096.84,5096.84,0.90,9.0000,1,5053.56,5183.65,43.28,4336.1549,8.1549,2026-03-13T17:55:24.282,5052.95,5054.27,5052.95,STOP,0,0,57324,0,0.0000,1,-4389.0000,-4397.1549,-1.012187,0.001881,-1.014068,31.45,43.89,0.725297,1.012187,15.76,33.65,31.95,5.07,-33.73,REVERSAL,REVERSAL,REVERSAL,REVERSAL,CONTINUATION,0,FRIDAY,H00_08,GE5,NO_CALENDAR_OBSERVE_ONLY,0
H1,87df57bc1532bcb6,A_RECLAIM_CONTROL,LONG,CLOSED,GAP_STOP,SWING_LOW,6fc33db763c8605a,0,0,4.661075,2026-03-13T22:00:00,2026-03-13T23:00:00,5046.32,5049.97,5009.57,5016.29,5014.98,5014.98,5009.57,5.41,1.31,54.1000,13.1000,2026-03-13T23:00:00,2026-03-13T23:00:00.013,13,5016.21,5017.06,5017.06,0.85,8.5000,0,5008.42,5034.59,8.64,872.0273,8.0273,2026-03-16T01:00:00.755,5004.67,5008.65,5004.67,GAP_STOP,1,0,180000,1,107.1510,1,-1239.0000,-1354.1783,-1.420827,0.132081,-1.552908,8.26,12.39,0.947218,1.420827,2.83,-18.72,-0.36,-4.11,-25.73,REVERSAL,CONTINUATION,CONTINUATION,CONTINUATION,CONTINUATION,23,FRIDAY,H17_24,GE5,NO_CALENDAR_OBSERVE_ONLY,0
H1,87df57bc1532bcb6,B_NEXT_BAR_CONFIRM,LONG,EXPIRED,CONFIRMATION_FAILED,SWING_LOW,6fc33db763c8605a,0,0,4.661075,2026-03-13T22:00:00,2026-03-13T23:00:00,5046.32,5049.97,5009.57,5016.29,5014.98,5014.98,5009.57,5.41,1.31,54.1000,13.1000,,,NA,NA,NA,NA,NA,NA,NA,NA,NA,NA,NA,NA,,NA,NA,NA,,NA,NA,NA,0,NA,1,NA,NA,NA,NA,NA,NA,NA,NA,NA,2.83,-18.72,-0.36,-4.11,-25.73,REVERSAL,CONTINUATION,CONTINUATION,CONTINUATION,CONTINUATION,23,FRIDAY,H17_24,NA,NO_CALENDAR_OBSERVE_ONLY,0
H1,3615b0ee8d448ac7,A_RECLAIM_CONTROL,LONG,CLOSED,STOP,SWING_LOW,548fc94899fb47f0,0,0,5.510849,2026-03-16T02:00:00,2026-03-16T03:00:00,5024.94,5026.03,4967.28,4997.57,4996.28,4996.28,4967.28,29.00,1.29,290.0000,12.9000,2026-03-16T03:00:00,2026-03-16T03:00:00.029,29,4997.55,4998.33,4998.33,0.78,7.8000,1,4966.20,5062.83,32.13,3220.9973,7.9973,2026-03-18T13:35:38.250,4966.14,4967.12,4966.14,STOP,0,0,210938,2,214.3020,1,-3219.0000,-3441.2993,-0.999380,0.069016,-1.068396,46.14,32.19,1.432476,0.999380,28.10,5.97,15.20,-22.26,15.65,REVERSAL,REVERSAL,REVERSAL,CONTINUATION,REVERSAL,3,MONDAY,H00_08,GE5,NO_CALENDAR_OBSERVE_ONLY,0
H1,3615b0ee8d448ac7,B_NEXT_BAR_CONFIRM,LONG,EXPIRED,CONFIRMATION_FAILED,SWING_LOW,548fc94899fb47f0,0,0,5.510849,2026-03-16T02:00:00,2026-03-16T03:00:00,5024.94,5026.03,4967.28,4997.57,4996.28,4996.28,4967.28,29.00,1.29,290.0000,12.9000,,,NA,NA,NA,NA,NA,NA,NA,NA,NA,NA,NA,NA,,NA,NA,NA,,NA,NA,NA,0,NA,1,NA,NA,NA,NA,NA,NA,NA,NA,NA,28.10,5.97,15.20,-22.26,15.65,REVERSAL,REVERSAL,REVERSAL,CONTINUATION,REVERSAL,3,MONDAY,H00_08,NA,NO_CALENDAR_OBSERVE_ONLY,0
H1,fc3f55170991efb9,A_RECLAIM_CONTROL,SHORT,CLOSED,STOP,SWING_HIGH,baa390947e274676,0,0,2.206728,2026-03-16T09:00:00,2026-03-16T10:00:00,5017.21,5036.07,5005.40,5012.18,5030.90,5030.90,5036.07,5.17,18.72,51.7000,187.2000,2026-03-16T10:00:00,2026-03-16T10:00:00.035,35,5012.17,5012.91,5012.17,0.74,7.4000,1,5037.11,4962.04,24.94,2502.0195,8.0195,2026-03-16T17:08:41.904,5036.69,5037.38,5037.38,STOP,0,0,25721,0,0.0000,1,-2521.0000,-2529.0195,-1.007586,0.003205,-1.010791,41.25,25.21,1.648668,1.007586,16.92,36.87,15.09,21.62,-15.34,REVERSAL,REVERSAL,REVERSAL,REVERSAL,CONTINUATION,10,MONDAY,H08_13,GE5,NO_CALENDAR_OBSERVE_ONLY,0
H1,fc3f55170991efb9,B_NEXT_BAR_CONFIRM,SHORT,CLOSED,STOP,SWING_HIGH,baa390947e274676,0,0,2.206728,2026-03-16T09:00:00,2026-03-16T10:00:00,5017.21,5036.07,5005.40,5012.18,5030.90,5030.90,5036.07,5.17,18.72,51.7000,187.2000,2026-03-16T11:00:00,2026-03-16T11:00:00.126,126,4995.29,4996.04,4995.29,0.75,7.5000,1,5037.12,4911.39,41.83,4190.9925,7.9925,2026-03-16T17:08:41.904,5036.69,5037.38,5037.38,STOP,0,0,22121,0,0.0000,1,-4209.0000,-4216.9925,-1.004297,0.001907,-1.006204,24.37,42.09,0.581485,1.004297,16.92,36.87,15.09,21.62,-15.34,REVERSAL,REVERSAL,REVERSAL,REVERSAL,CONTINUATION,10,MONDAY,H08_13,GE5,NO_CALENDAR_OBSERVE_ONLY,0
H1,0546dbc634f34daa,A_RECLAIM_CONTROL,SHORT,CLOSED,STOP,SWING_HIGH,1c02857ad3f56bc2,0,0,2.630141,2026-03-16T17:00:00,2026-03-16T18:00:00,5029.84,5037.99,4987.93,4995.48,5036.07,5036.07,5037.99,1.92,40.59,19.2000,405.9000,2026-03-16T18:00:00,2026-03-16T18:00:00.000,0,4995.56,4996.83,4995.56,1.27,12.7000,1,5039.56,4907.32,44.00,4407.9929,7.9929,2026-03-17T07:44:46.146,5038.80,5039.63,5039.63,STOP,0,0,49486,1,46.9170,1,-4407.0000,-4461.9099,-0.999775,0.012457,-1.012232,20.85,44.07,0.473004,0.999775,8.52,4.18,-17.74,-32.32,-7.78,REVERSAL,REVERSAL,CONTINUATION,CONTINUATION,CONTINUATION,18,MONDAY,H17_24,GE5,NO_CALENDAR_OBSERVE_ONLY,0
H1,0546dbc634f34daa,B_NEXT_BAR_CONFIRM,SHORT,CLOSED,STOP,SWING_HIGH,1c02857ad3f56bc2,0,0,2.630141,2026-03-16T17:00:00,2026-03-16T18:00:00,5029.84,5037.99,4987.93,4995.48,5036.07,5036.07,5037.99,1.92,40.59,19.2000,405.9000,2026-03-16T19:00:00,2026-03-16T19:00:00.043,43,4986.98,4987.72,4986.98,0.74,7.4000,1,5039.03,4882.64,52.05,5212.9792,7.9792,2026-03-17T07:44:45.143,5038.42,5039.20,5039.20,STOP,0,0,45885,1,46.9170,1,-5222.0000,-5276.8962,-1.001730,0.010531,-1.012261,12.27,52.22,0.235374,1.001730,8.52,4.18,-17.74,-32.32,-7.78,REVERSAL,REVERSAL,CONTINUATION,CONTINUATION,CONTINUATION,18,MONDAY,H17_24,GE5,NO_CALENDAR_OBSERVE_ONLY,0
H1,42ef73179fcb4ac3,A_RECLAIM_CONTROL,SHORT,CLOSED,STOP,PDH;PSH;SWING_HIGH,3f0126ad18250264;7efcc6ad57719662;9bb45ff63fd27522,0,0,2.492863,2026-03-17T07:00:00,2026-03-17T08:00:00,5027.49,5041.96,5026.13,5037.96,5037.99,5037.99,5041.96,3.97,0.03,39.7000,0.3000,2026-03-17T08:00:00,2026-03-17T08:00:00.471,471,5037.91,5038.69,5037.91,0.78,7.8000,1,5043.04,5027.40,5.13,521.0607,8.0607,2026-03-17T08:16:02.391,5042.51,5043.29,5043.29,STOP,0,0,961,0,0.0000,1,-538.0000,-546.0607,-1.032509,0.015470,-1.047979,4.66,5.38,0.894330,1.032509,17.09,16.74,27.32,30.30,39.45,REVERSAL,REVERSAL,REVERSAL,REVERSAL,REVERSAL,8,TUESDAY,H08_13,GE5,NO_CALENDAR_OBSERVE_ONLY,0
H1,42ef73179fcb4ac3,B_NEXT_BAR_CONFIRM,SHORT,CLOSED,TP,PDH;PSH;SWING_HIGH,3f0126ad18250264;7efcc6ad57719662;9bb45ff63fd27522,0,0,2.492863,2026-03-17T07:00:00,2026-03-17T08:00:00,5027.49,5041.96,5026.13,5037.96,5037.99,5037.99,5041.96,3.97,0.03,39.7000,0.3000,2026-03-17T09:00:00,2026-03-17T09:00:00.013,13,5020.78,5021.56,5020.78,0.78,7.8000,1,5043.04,4976.01,22.26,2234.0332,8.0332,2026-03-17T18:41:46.453,4974.95,4975.71,4975.71,TP,0,0,34906,0,0.0000,1,4507.0000,4498.9668,2.017427,0.003596,2.013832,45.07,11.39,2.017427,0.509840,17.09,16.74,27.32,30.30,39.45,REVERSAL,REVERSAL,REVERSAL,REVERSAL,REVERSAL,8,TUESDAY,H08_13,GE5,NO_CALENDAR_OBSERVE_ONLY,0
H1,831a1729044e1faf,A_RECLAIM_CONTROL,LONG,CLOSED,TP,SWING_LOW,55beb61838a68392,0,0,1.209701,2026-03-17T13:00:00,2026-03-17T14:00:00,5010.62,5016.47,4992.00,5000.19,4994.76,4994.76,4992.00,2.76,5.43,27.6000,54.3000,2026-03-17T14:00:00,2026-03-17T14:00:00.146,146,5000.18,5000.93,5000.93,0.75,7.5000,1,4990.95,5021.14,9.98,1006.0015,8.0015,2026-03-17T15:30:57.326,5021.15,5021.91,5021.15,TP,0,0,5457,0,0.0000,1,2022.0000,2013.9985,2.009937,0.007954,2.001984,20.22,4.19,2.009937,0.416500,3.07,16.49,-2.41,6.07,-5.13,REVERSAL,REVERSAL,CONTINUATION,REVERSAL,CONTINUATION,14,TUESDAY,H13_17,GE5,NO_CALENDAR_OBSERVE_ONLY,0
H1,831a1729044e1faf,B_NEXT_BAR_CONFIRM,LONG,EXPIRED,CONFIRMATION_FAILED,SWING_LOW,55beb61838a68392,0,0,1.209701,2026-03-17T13:00:00,2026-03-17T14:00:00,5010.62,5016.47,4992.00,5000.19,4994.76,4994.76,4992.00,2.76,5.43,27.6000,54.3000,,,NA,NA,NA,NA,NA,NA,NA,NA,NA,NA,NA,NA,,NA,NA,NA,,NA,NA,NA,0,NA,1,NA,NA,NA,NA,NA,NA,NA,NA,NA,3.07,16.49,-2.41,6.07,-5.13,REVERSAL,REVERSAL,CONTINUATION,REVERSAL,CONTINUATION,14,TUESDAY,H13_17,NA,NO_CALENDAR_OBSERVE_ONLY,0
H1,0ba0f2774c39d52b,A_RECLAIM_CONTROL,SHORT,CLOSED,TP,SWING_HIGH,951aa7c52b246c51,0,0,1.184495,2026-03-17T16:00:00,2026-03-17T17:00:00,5011.75,5031.45,5005.49,5016.68,5029.58,5029.58,5031.45,1.87,12.90,18.7000,129.0000,2026-03-17T17:00:00,2026-03-17T17:00:00.116,116,5016.74,5017.43,5016.74,0.69,6.9000,1,5032.44,4985.09,15.70,1578.0268,8.0268,2026-03-17T18:36:38.228,4984.31,4985.06,4985.06,TP,0,0,5798,0,0.0000,1,3168.0000,3159.9732,2.007570,0.005087,2.002484,31.68,4.56,2.007570,0.288968,9.02,14.74,12.94,12.41,48.79,REVERSAL,REVERSAL,REVERSAL,REVERSAL,REVERSAL,17,TUESDAY,H17_24,GE5,NO_CALENDAR_OBSERVE_ONLY,0
H1,0ba0f2774c39d52b,B_NEXT_BAR_CONFIRM,SHORT,EXPIRED,CONFIRMATION_FAILED,SWING_HIGH,951aa7c52b246c51,0,0,1.184495,2026-03-17T16:00:00,2026-03-17T17:00:00,5011.75,5031.45,5005.49,5016.68,5029.58,5029.58,5031.45,1.87,12.90,18.7000,129.0000,,,NA,NA,NA,NA,NA,NA,NA,NA,NA,NA,NA,NA,,NA,NA,NA,,NA,NA,NA,0,NA,1,NA,NA,NA,NA,NA,NA,NA,NA,NA,9.02,14.74,12.94,12.41,48.79,REVERSAL,REVERSAL,REVERSAL,REVERSAL,REVERSAL,17,TUESDAY,H17_24,NA,NO_CALENDAR_OBSERVE_ONLY,0
H1,f686d519aede8ac6,A_RECLAIM_CONTROL,LONG,CLOSED,STOP,SWING_LOW,eec1d70d7ce3487b,0,0,1.825271,2026-03-17T18:00:00,2026-03-17T19:00:00,5007.48,5017.55,4973.56,4997.78,4992.00,4992.00,4973.56,18.44,5.78,184.4000,57.8000,2026-03-17T19:00:00,2026-03-17T19:00:00.054,54,4997.77,4998.51,4998.51,0.74,7.4000,1,4972.52,5050.73,25.99,2606.9976,7.9976,2026-03-18T13:35:34.734,4972.02,4972.82,4972.02,STOP,0,0,66934,1,107.1510,1,-2649.0000,-2764.1486,-1.016111,0.044169,-1.060280,17.81,26.49,0.683161,1.016111,4.16,5.96,8.48,-5.82,-116.12,REVERSAL,REVERSAL,REVERSAL,CONTINUATION,CONTINUATION,19,TUESDAY,H17_24,GE5,NO_CALENDAR_OBSERVE_ONLY,0
H1,f686d519aede8ac6,B_NEXT_BAR_CONFIRM,LONG,EXPIRED,CONFIRMATION_FAILED,SWING_LOW,eec1d70d7ce3487b,0,0,1.825271,2026-03-17T18:00:00,2026-03-17T19:00:00,5007.48,5017.55,4973.56,4997.78,4992.00,4992.00,4973.56,18.44,5.78,184.4000,57.8000,,,NA,NA,NA,NA,NA,NA,NA,NA,NA,NA,NA,NA,,NA,NA,NA,,NA,NA,NA,0,NA,1,NA,NA,NA,NA,NA,NA,NA,NA,NA,4.16,5.96,8.48,-5.82,-116.12,REVERSAL,REVERSAL,REVERSAL,CONTINUATION,CONTINUATION,19,TUESDAY,H17_24,NA,NO_CALENDAR_OBSERVE_ONLY,0
H1,d05912eaa43b7f58,A_RECLAIM_CONTROL,SHORT,CLOSED,STOP,SWING_HIGH,ea0c572fdf5c5f57,0,0,1.902780,2026-03-18T03:00:00,2026-03-18T04:00:00,5002.78,5012.44,5000.22,5004.27,5008.99,5008.99,5012.44,3.45,4.72,34.5000,47.2000,2026-03-18T04:00:00,2026-03-18T04:00:00.257,257,5004.26,5005.02,5004.26,0.76,7.6000,1,5013.50,4985.53,9.24,932.0068,8.0068,2026-03-18T04:10:01.205,5012.90,5013.68,5013.68,STOP,0,0,600,0,0.0000,1,-942.0000,-950.0068,-1.010722,0.008591,-1.019313,5.56,9.42,0.596562,1.010722,5.76,13.11,6.85,36.38,185.58,REVERSAL,REVERSAL,REVERSAL,REVERSAL,REVERSAL,4,WEDNESDAY,H00_08,GE5,NO_CALENDAR_OBSERVE_ONLY,0
H1,d05912eaa43b7f58,B_NEXT_BAR_CONFIRM,SHORT,EXPIRED,CONFIRMATION_CONFLICT,SWING_HIGH,ea0c572fdf5c5f57,0,0,1.902780,2026-03-18T03:00:00,2026-03-18T04:00:00,5002.78,5012.44,5000.22,5004.27,5008.99,5008.99,5012.44,3.45,4.72,34.5000,47.2000,,,NA,NA,NA,NA,NA,NA,NA,NA,NA,NA,NA,NA,,NA,NA,NA,,NA,NA,NA,0,NA,1,NA,NA,NA,NA,NA,NA,NA,NA,NA,5.76,13.11,6.85,36.38,185.58,REVERSAL,REVERSAL,REVERSAL,REVERSAL,REVERSAL,4,WEDNESDAY,H00_08,NA,NO_CALENDAR_OBSERVE_ONLY,0
H1,cb97e31648dddfc6,A_RECLAIM_CONTROL,LONG,CLOSED,STOP,SWING_LOW,6ca69a3e6a515a8a,0,0,0.925683,2026-03-18T04:00:00,2026-03-18T05:00:00,5004.26,5016.11,4990.99,4998.51,4993.28,4993.28,4990.99,2.29,5.23,22.9000,52.3000,2026-03-18T05:00:00,2026-03-18T05:00:00.045,45,4998.54,4999.29,4999.29,0.75,7.5000,1,4989.94,5018.23,9.35,942.9989,7.9989,2026-03-18T06:04:22.071,4989.05,4989.85,4989.05,STOP,0,0,3862,0,0.0000,1,-1024.0000,-1031.9989,-1.085897,0.008482,-1.094380,7.66,10.24,0.812302,1.085897,-6.55,-11.51,10.90,-68.30,-163.97,CONTINUATION,CONTINUATION,REVERSAL,CONTINUATION,CONTINUATION,5,WEDNESDAY,H00_08,GE5,NO_CALENDAR_OBSERVE_ONLY,0
H1,cb97e31648dddfc6,B_NEXT_BAR_CONFIRM,LONG,EXPIRED,CONFIRMATION_FAILED,SWING_LOW,6ca69a3e6a515a8a,0,0,0.925683,2026-03-18T04:00:00,2026-03-18T05:00:00,5004.26,5016.11,4990.99,4998.51,4993.28,4993.28,4990.99,2.29,5.23,22.9000,52.3000,,,NA,NA,NA,NA,NA,NA,NA,NA,NA,NA,NA,NA,,NA,NA,NA,,NA,NA,NA,0,NA,1,NA,NA,NA,NA,NA,NA,NA,NA,NA,-6.55,-11.51,10.90,-68.30,-163.97,CONTINUATION,CONTINUATION,REVERSAL,CONTINUATION,CONTINUATION,5,WEDNESDAY,H00_08,NA,NO_CALENDAR_OBSERVE_ONLY,0
H1,ac4e1b1708235784,A_RECLAIM_CONTROL,SHORT,CLOSED,TP,SWING_HIGH,55cd0cf6e60c1e98,0,0,1.339592,2026-03-18T09:00:00,2026-03-18T10:00:00,4997.21,5016.32,4996.37,5009.41,5016.11,5016.11,5016.32,0.21,6.70,2.1000,67.0000,2026-03-18T10:00:00,2026-03-18T10:00:00.025,25,5009.42,5010.11,5009.42,0.69,6.9000,1,5017.31,4993.39,7.89,797.0151,8.0151,2026-03-18T10:51:02.299,4992.63,4993.39,4993.39,TP,0,0,3062,0,0.0000,1,1603.0000,1594.9849,2.011254,0.010056,2.001198,16.03,6.25,2.011254,0.784176,14.35,17.28,79.20,122.19,158.57,REVERSAL,REVERSAL,REVERSAL,REVERSAL,REVERSAL,10,WEDNESDAY,H08_13,GE5,NO_CALENDAR_OBSERVE_ONLY,0
H1,ac4e1b1708235784,B_NEXT_BAR_CONFIRM,SHORT,CLOSED,TP,SWING_HIGH,55cd0cf6e60c1e98,0,0,1.339592,2026-03-18T09:00:00,2026-03-18T10:00:00,4997.21,5016.32,4996.37,5009.41,5016.11,5016.11,5016.32,0.21,6.70,2.1000,67.0000,2026-03-18T11:00:00,2026-03-18T11:00:00.236,236,4995.07,4995.82,4995.07,0.75,7.5000,1,5017.37,4950.23,22.30,2237.9921,7.9921,2026-03-18T14:27:30.363,4949.39,4950.20,4950.20,TP,0,0,12450,0,0.0000,1,4487.0000,4479.0079,2.004922,0.003571,2.001351,44.87,2.73,2.004922,0.121984,14.35,17.28,79.20,122.19,158.57,REVERSAL,REVERSAL,REVERSAL,REVERSAL,REVERSAL,10,WEDNESDAY,H08_13,GE5,NO_CALENDAR_OBSERVE_ONLY,0
H1,ff1b29a5e308976b,A_RECLAIM_CONTROL,LONG,CLOSED,STOP,SWING_LOW,3db456bbe3bd46bb,0,0,2.018801,2026-03-18T11:00:00,2026-03-18T12:00:00,4995.07,4997.05,4977.40,4987.54,4981.81,4981.81,4977.40,4.41,5.73,44.1000,57.3000,2026-03-18T12:00:00,2026-03-18T12:00:00.143,143,4987.55,4988.30,4988.30,0.75,7.5000,1,4976.35,5012.44,11.95,1202.9813,7.9813,2026-03-18T13:35:33.955,4975.73,4976.49,4975.73,STOP,0,0,5733,0,0.0000,1,-1257.0000,-1264.9813,-1.044904,0.006635,-1.051539,7.29,12.57,0.605994,1.044904,4.59,-57.33,-109.07,-134.60,-160.05,REVERSAL,CONTINUATION,CONTINUATION,CONTINUATION,CONTINUATION,12,WEDNESDAY,H08_13,GE5,NO_CALENDAR_OBSERVE_ONLY,0
H1,ff1b29a5e308976b,B_NEXT_BAR_CONFIRM,LONG,EXPIRED,CONFIRMATION_FAILED,SWING_LOW,3db456bbe3bd46bb,0,0,2.018801,2026-03-18T11:00:00,2026-03-18T12:00:00,4995.07,4997.05,4977.40,4987.54,4981.81,4981.81,4977.40,4.41,5.73,44.1000,57.3000,,,NA,NA,NA,NA,NA,NA,NA,NA,NA,NA,NA,NA,,NA,NA,NA,,NA,NA,NA,0,NA,1,NA,NA,NA,NA,NA,NA,NA,NA,NA,4.59,-57.33,-109.07,-134.60,-160.05,REVERSAL,CONTINUATION,CONTINUATION,CONTINUATION,CONTINUATION,12,WEDNESDAY,H08_13,NA,NO_CALENDAR_OBSERVE_ONLY,0
H1,efb0d990eba0d2be,A_RECLAIM_CONTROL,LONG,CLOSED,STOP,SWING_LOW,4c2a8fce311ec62c,0,0,5.247536,2026-03-18T13:00:00,2026-03-18T14:00:00,4992.14,4992.15,4958.84,4967.89,4967.28,4967.28,4958.84,8.44,0.61,84.4000,6.1000,2026-03-18T14:00:00,2026-03-18T14:00:00.120,120,4967.89,4969.40,4969.40,1.51,15.1000,1,4957.03,4994.38,12.37,1244.9510,7.9510,2026-03-18T14:05:11.814,4957.03,4957.83,4957.03,STOP,0,0,311,0,0.0000,1,-1237.0000,-1244.9510,-0.993613,0.006387,-1.000000,0.34,12.37,0.027310,0.993613,-37.68,-89.42,-105.44,-149.20,-240.01,CONTINUATION,CONTINUATION,CONTINUATION,CONTINUATION,CONTINUATION,14,WEDNESDAY,H13_17,GE5,NO_CALENDAR_OBSERVE_ONLY,0
H1,efb0d990eba0d2be,B_NEXT_BAR_CONFIRM,LONG,EXPIRED,CONFIRMATION_FAILED,SWING_LOW,4c2a8fce311ec62c,0,0,5.247536,2026-03-18T13:00:00,2026-03-18T14:00:00,4992.14,4992.15,4958.84,4967.89,4967.28,4967.28,4958.84,8.44,0.61,84.4000,6.1000,,,NA,NA,NA,NA,NA,NA,NA,NA,NA,NA,NA,NA,,NA,NA,NA,,NA,NA,NA,0,NA,1,NA,NA,NA,NA,NA,NA,NA,NA,NA,-37.68,-89.42,-105.44,-149.20,-240.01,CONTINUATION,CONTINUATION,CONTINUATION,CONTINUATION,CONTINUATION,14,WEDNESDAY,H13_17,NA,NO_CALENDAR_OBSERVE_ONLY,0
H1,fc20c96d1be8eacd,A_RECLAIM_CONTROL,LONG,CLOSED,STOP,SWING_LOW,8f3fdb1a0573d52d,0,0,2.108549,2026-03-18T16:00:00,2026-03-18T17:00:00,4881.59,4885.43,4834.26,4878.47,4853.64,4853.64,4834.26,19.38,24.83,193.8000,248.3000,2026-03-18T17:00:00,2026-03-18T17:00:00.058,58,4878.39,4879.08,4879.08,0.69,6.9000,1,4833.27,4970.94,45.81,4588.8065,7.8065,2026-03-18T23:11:50.698,4833.26,4836.25,4833.26,STOP,0,0,22310,0,0.0000,1,-4582.0000,-4589.8065,-0.998517,0.001701,-1.000218,20.08,45.82,0.437587,0.998517,-8.90,8.75,-25.53,-37.30,-199.34,CONTINUATION,REVERSAL,CONTINUATION,CONTINUATION,CONTINUATION,17,WEDNESDAY,H17_24,GE5,NO_CALENDAR_OBSERVE_ONLY,0
H1,fc20c96d1be8eacd,B_NEXT_BAR_CONFIRM,LONG,EXPIRED,CONFIRMATION_FAILED,SWING_LOW,8f3fdb1a0573d52d,0,0,2.108549,2026-03-18T16:00:00,2026-03-18T17:00:00,4881.59,4885.43,4834.26,4878.47,4853.64,4853.64,4834.26,19.38,24.83,193.8000,248.3000,,,NA,NA,NA,NA,NA,NA,NA,NA,NA,NA,NA,NA,,NA,NA,NA,,NA,NA,NA,0,NA,1,NA,NA,NA,NA,NA,NA,NA,NA,NA,-8.90,8.75,-25.53,-37.30,-199.34,CONTINUATION,REVERSAL,CONTINUATION,CONTINUATION,CONTINUATION,17,WEDNESDAY,H17_24,NA,NO_CALENDAR_OBSERVE_ONLY,0
H1,3b61abc38c3e6605,A_RECLAIM_CONTROL,LONG,CLOSED,STOP,PDL,37a96467e2098484,0,0,NA,2026-03-19T01:00:00,2026-03-19T02:00:00,4823.09,4839.10,4803.98,4834.54,4806.67,4806.67,4803.98,2.69,27.87,26.9000,278.7000,2026-03-19T02:00:00,2026-03-19T02:00:00.284,284,4834.56,4835.46,4835.46,0.90,9.0000,1,4802.78,4901.06,32.68,3275.7367,7.7367,2026-03-19T09:35:11.382,4802.72,4803.47,4802.72,STOP,0,0,27311,0,0.0000,1,-3274.0000,-3281.7367,-0.999470,0.002362,-1.001832,31.69,32.74,0.967416,0.999470,2.11,15.39,16.30,-125.56,-211.65,REVERSAL,REVERSAL,REVERSAL,CONTINUATION,CONTINUATION,2,THURSDAY,H00_08,GE5,NO_CALENDAR_OBSERVE_ONLY,0
H1,3b61abc38c3e6605,B_NEXT_BAR_CONFIRM,LONG,EXPIRED,CONFIRMATION_FAILED,PDL,37a96467e2098484,0,0,NA,2026-03-19T01:00:00,2026-03-19T02:00:00,4823.09,4839.10,4803.98,4834.54,4806.67,4806.67,4803.98,2.69,27.87,26.9000,278.7000,,,NA,NA,NA,NA,NA,NA,NA,NA,NA,NA,NA,NA,,NA,NA,NA,,NA,NA,NA,0,NA,1,NA,NA,NA,NA,NA,NA,NA,NA,NA,2.11,15.39,16.30,-125.56,-211.65,REVERSAL,REVERSAL,REVERSAL,CONTINUATION,CONTINUATION,2,THURSDAY,H00_08,NA,NO_CALENDAR_OBSERVE_ONLY,0
H1,3eecdfdf976fe7ef,A_RECLAIM_CONTROL,SHORT,CLOSED,STOP,PSH,996191f12c8edbf0,0,0,NA,2026-03-19T22:00:00,2026-03-19T23:00:00,4622.90,4663.29,4622.89,4643.85,4649.13,4649.13,4663.29,14.16,5.28,141.6000,52.8000,2026-03-19T23:00:00,2026-03-19T23:00:00.030,30,4644.06,4645.36,4644.06,1.30,13.0000,0,4664.89,4602.17,20.83,2090.4305,7.4305,2026-03-20T01:06:36.953,4663.93,4665.23,4665.23,STOP,0,0,7596,1,46.9170,1,-2117.0000,-2171.3475,-1.012710,0.025998,-1.038708,0.34,21.17,0.016265,1.012710,-6.08,0.31,-33.43,-25.44,60.51,CONTINUATION,REVERSAL,CONTINUATION,CONTINUATION,REVERSAL,23,THURSDAY,H17_24,GE5,NO_CALENDAR_OBSERVE_ONLY,0
H1,3eecdfdf976fe7ef,B_NEXT_BAR_CONFIRM,SHORT,EXPIRED,CONFIRMATION_FAILED,PSH,996191f12c8edbf0,0,0,NA,2026-03-19T22:00:00,2026-03-19T23:00:00,4622.90,4663.29,4622.89,4643.85,4649.13,4649.13,4663.29,14.16,5.28,141.6000,52.8000,,,NA,NA,NA,NA,NA,NA,NA,NA,NA,NA,NA,NA,,NA,NA,NA,,NA,NA,NA,0,NA,1,NA,NA,NA,NA,NA,NA,NA,NA,NA,-6.08,0.31,-33.43,-25.44,60.51,CONTINUATION,REVERSAL,CONTINUATION,CONTINUATION,REVERSAL,23,THURSDAY,H17_24,NA,NO_CALENDAR_OBSERVE_ONLY,0
H1,58e64d3bb66a1382,A_RECLAIM_CONTROL,LONG,CLOSED,STOP,SWING_LOW,5b33483a09173ac0,0,0,1.813437,2026-03-20T12:00:00,2026-03-20T13:00:00,4693.61,4700.39,4659.78,4667.51,4661.34,4661.34,4659.78,1.56,6.17,15.6000,61.7000,2026-03-20T13:00:00,2026-03-20T13:00:00.300,300,4667.58,4668.33,4668.33,0.75,7.5000,1,4658.73,4687.76,9.60,967.4693,7.4693,2026-03-20T13:01:27.842,4658.68,4659.43,4658.68,STOP,0,0,87,0,0.0000,1,-965.0000,-972.4693,-0.997448,0.007720,-1.005168,1.67,9.65,0.172615,0.997448,-22.23,10.79,-103.34,-165.96,-447.02,CONTINUATION,REVERSAL,CONTINUATION,CONTINUATION,CONTINUATION,13,FRIDAY,H13_17,GE5,NO_CALENDAR_OBSERVE_ONLY,0
H1,58e64d3bb66a1382,B_NEXT_BAR_CONFIRM,LONG,EXPIRED,CONFIRMATION_FAILED,SWING_LOW,5b33483a09173ac0,0,0,1.813437,2026-03-20T12:00:00,2026-03-20T13:00:00,4693.61,4700.39,4659.78,4667.51,4661.34,4661.34,4659.78,1.56,6.17,15.6000,61.7000,,,NA,NA,NA,NA,NA,NA,NA,NA,NA,NA,NA,NA,,NA,NA,NA,,NA,NA,NA,0,NA,1,NA,NA,NA,NA,NA,NA,NA,NA,NA,-22.23,10.79,-103.34,-165.96,-447.02,CONTINUATION,REVERSAL,CONTINUATION,CONTINUATION,CONTINUATION,13,FRIDAY,H13_17,NA,NO_CALENDAR_OBSERVE_ONLY,0
H1,99cb241fbbdf30f7,A_RECLAIM_CONTROL,LONG,CLOSED,STOP,SWING_LOW,58a469817f3f1ac6,0,0,5.868742,2026-03-23T08:00:00,2026-03-23T09:00:00,4367.53,4380.08,4302.37,4310.30,4309.86,4309.86,4302.37,7.49,0.44,74.9000,4.4000,2026-03-23T09:00:00,2026-03-23T09:00:00.597,597,4310.04,4310.79,4310.79,0.75,7.5000,1,4301.32,4329.94,9.47,953.8973,6.8973,2026-03-23T09:01:19.927,4301.31,4302.05,4301.31,STOP,0,0,79,0,0.0000,1,-948.0000,-954.8973,-0.993818,0.007231,-1.001048,-0.38,9.48,-0.039837,0.993818,-89.81,-59.05,-41.25,53.48,55.80,CONTINUATION,CONTINUATION,CONTINUATION,REVERSAL,REVERSAL,9,MONDAY,H08_13,GE5,NO_CALENDAR_OBSERVE_ONLY,0
H1,99cb241fbbdf30f7,B_NEXT_BAR_CONFIRM,LONG,EXPIRED,CONFIRMATION_FAILED,SWING_LOW,58a469817f3f1ac6,0,0,5.868742,2026-03-23T08:00:00,2026-03-23T09:00:00,4367.53,4380.08,4302.37,4310.30,4309.86,4309.86,4302.37,7.49,0.44,74.9000,4.4000,,,NA,NA,NA,NA,NA,NA,NA,NA,NA,NA,NA,NA,,NA,NA,NA,,NA,NA,NA,0,NA,1,NA,NA,NA,NA,NA,NA,NA,NA,NA,-89.81,-59.05,-41.25,53.48,55.80,CONTINUATION,CONTINUATION,CONTINUATION,REVERSAL,REVERSAL,9,MONDAY,H08_13,NA,NO_CALENDAR_OBSERVE_ONLY,0
H1,5d94a846b4064ab0,A_RECLAIM_CONTROL,LONG,CLOSED,STOP,PSL;SWING_LOW,7842b1182c26abad;f7f0f642b4028eca,0,0,1.981694,2026-03-24T03:00:00,2026-03-24T04:00:00,4441.12,4446.61,4331.51,4364.87,4350.58,4350.58,4331.51,19.07,14.29,190.7000,142.9000,2026-03-24T04:00:00,2026-03-24T04:00:00.022,22,4364.88,4365.65,4365.65,0.77,7.7000,1,4330.44,4436.28,35.21,3527.9850,6.9850,2026-03-24T04:14:31.657,4330.30,4331.07,4330.30,STOP,0,0,871,0,0.0000,1,-3535.0000,-3541.9850,-1.001988,0.001980,-1.003968,8.59,35.35,0.243482,1.001988,-42.78,-17.72,-17.48,73.56,111.43,CONTINUATION,CONTINUATION,CONTINUATION,REVERSAL,REVERSAL,4,TUESDAY,H00_08,GE5,NO_CALENDAR_OBSERVE_ONLY,0
H1,5d94a846b4064ab0,B_NEXT_BAR_CONFIRM,LONG,EXPIRED,CONFIRMATION_FAILED,PSL;SWING_LOW,7842b1182c26abad;f7f0f642b4028eca,0,0,1.981694,2026-03-24T03:00:00,2026-03-24T04:00:00,4441.12,4446.61,4331.51,4364.87,4350.58,4350.58,4331.51,19.07,14.29,190.7000,142.9000,,,NA,NA,NA,NA,NA,NA,NA,NA,NA,NA,NA,NA,,NA,NA,NA,,NA,NA,NA,0,NA,1,NA,NA,NA,NA,NA,NA,NA,NA,NA,-42.78,-17.72,-17.48,73.56,111.43,CONTINUATION,CONTINUATION,CONTINUATION,REVERSAL,REVERSAL,4,TUESDAY,H00_08,NA,NO_CALENDAR_OBSERVE_ONLY,0
H1,20a3f6aea677e591,A_RECLAIM_CONTROL,LONG,CLOSED,STOP,SWING_LOW,446476781d758b16,0,0,1.734219,2026-03-25T12:00:00,2026-03-25T13:00:00,4556.10,4567.53,4527.58,4551.73,4533.09,4533.09,4527.58,5.51,18.64,55.1000,186.4000,2026-03-25T13:00:00,2026-03-25T13:00:00.016,16,4551.72,4552.47,4552.47,0.75,7.5000,1,4526.53,4604.57,25.94,2601.2840,7.2840,2026-03-25T15:31:43.527,4525.40,4526.15,4525.40,STOP,0,0,9103,0,0.0000,1,-2707.0000,-2714.2840,-1.040640,0.002800,-1.043440,33.32,27.07,1.280906,1.040640,7.11,-7.66,15.28,-20.86,-95.38,REVERSAL,CONTINUATION,REVERSAL,CONTINUATION,CONTINUATION,13,WEDNESDAY,H13_17,GE5,NO_CALENDAR_OBSERVE_ONLY,0
H1,20a3f6aea677e591,B_NEXT_BAR_CONFIRM,LONG,EXPIRED,CONFIRMATION_FAILED,SWING_LOW,446476781d758b16,0,0,1.734219,2026-03-25T12:00:00,2026-03-25T13:00:00,4556.10,4567.53,4527.58,4551.73,4533.09,4533.09,4527.58,5.51,18.64,55.1000,186.4000,,,NA,NA,NA,NA,NA,NA,NA,NA,NA,NA,NA,NA,,NA,NA,NA,,NA,NA,NA,0,NA,1,NA,NA,NA,NA,NA,NA,NA,NA,NA,7.11,-7.66,15.28,-20.86,-95.38,REVERSAL,CONTINUATION,REVERSAL,CONTINUATION,CONTINUATION,13,WEDNESDAY,H13_17,NA,NO_CALENDAR_OBSERVE_ONLY,0
H1,911e3a2faf073887,A_RECLAIM_CONTROL,LONG,CLOSED,STOP,SWING_LOW,af3087349f2e123c,0,0,1.072433,2026-03-25T15:00:00,2026-03-25T16:00:00,4578.86,4583.60,4521.68,4544.07,4527.58,4527.58,4521.68,5.90,16.49,59.0000,164.9000,2026-03-25T16:00:00,2026-03-25T16:00:00.017,17,4544.13,4544.88,4544.88,0.75,7.5000,1,4520.63,4593.60,24.25,2432.2718,7.2718,2026-03-25T22:08:48.917,4519.48,4521.20,4519.48,STOP,0,0,22128,0,0.0000,1,-2540.0000,-2547.2718,-1.044291,0.002990,-1.047281,34.35,25.40,1.412260,1.044291,0.55,14.97,6.77,-45.84,-120.44,REVERSAL,REVERSAL,REVERSAL,CONTINUATION,CONTINUATION,16,WEDNESDAY,H13_17,GE5,NO_CALENDAR_OBSERVE_ONLY,0
H1,911e3a2faf073887,B_NEXT_BAR_CONFIRM,LONG,EXPIRED,CONFIRMATION_FAILED,SWING_LOW,af3087349f2e123c,0,0,1.072433,2026-03-25T15:00:00,2026-03-25T16:00:00,4578.86,4583.60,4521.68,4544.07,4527.58,4527.58,4521.68,5.90,16.49,59.0000,164.9000,,,NA,NA,NA,NA,NA,NA,NA,NA,NA,NA,NA,NA,,NA,NA,NA,,NA,NA,NA,0,NA,1,NA,NA,NA,NA,NA,NA,NA,NA,NA,0.55,14.97,6.77,-45.84,-120.44,REVERSAL,REVERSAL,REVERSAL,CONTINUATION,CONTINUATION,16,WEDNESDAY,H13_17,NA,NO_CALENDAR_OBSERVE_ONLY,0
H1,186a2b45ffa624cd,A_RECLAIM_CONTROL,LONG,CLOSED,STOP,PSL;SWING_LOW,45974cb29732517a;bc5062edb7d84ee5,0,0,1.636281,2026-03-25T22:00:00,2026-03-25T23:00:00,4538.43,4539.58,4486.87,4530.87,4525.00,4525.00,4486.87,38.13,5.87,381.3000,58.7000,2026-03-25T23:00:00,2026-03-25T23:00:00.019,19,4530.80,4532.10,4532.10,1.30,13.0000,0,4485.27,4625.98,46.83,4690.2514,7.2514,2026-03-26T08:30:06.514,4485.10,4485.87,4485.10,STOP,0,0,34206,3,321.4530,1,-4700.0000,-5028.7044,-1.002078,0.070082,-1.072161,12.38,47.00,0.263952,1.002078,-25.06,-32.64,4.69,-74.52,-141.58,CONTINUATION,CONTINUATION,REVERSAL,CONTINUATION,CONTINUATION,23,WEDNESDAY,H17_24,GE5,NO_CALENDAR_OBSERVE_ONLY,0
H1,186a2b45ffa624cd,B_NEXT_BAR_CONFIRM,LONG,EXPIRED,CONFIRMATION_FAILED,PSL;SWING_LOW,45974cb29732517a;bc5062edb7d84ee5,0,0,1.636281,2026-03-25T22:00:00,2026-03-25T23:00:00,4538.43,4539.58,4486.87,4530.87,4525.00,4525.00,4486.87,38.13,5.87,381.3000,58.7000,,,NA,NA,NA,NA,NA,NA,NA,NA,NA,NA,NA,NA,,NA,NA,NA,,NA,NA,NA,0,NA,1,NA,NA,NA,NA,NA,NA,NA,NA,NA,-25.06,-32.64,4.69,-74.52,-141.58,CONTINUATION,CONTINUATION,REVERSAL,CONTINUATION,CONTINUATION,23,WEDNESDAY,H17_24,NA,NO_CALENDAR_OBSERVE_ONLY,0
H1,fa64a541397c601c,A_RECLAIM_CONTROL,LONG,CLOSED,STOP,SWING_LOW,92e8a63f4c4f2bf8,0,0,1.221904,2026-03-26T19:00:00,2026-03-26T20:00:00,4438.28,4442.67,4366.61,4389.29,4372.32,4372.32,4366.61,5.71,16.97,57.1000,169.7000,2026-03-26T20:00:00,2026-03-26T20:00:00.102,102,4389.27,4389.97,4389.97,0.70,7.0000,1,4365.61,4438.91,24.36,2443.0240,7.0240,2026-03-26T22:54:43.582,4364.84,4365.69,4364.84,STOP,0,0,10483,0,0.0000,1,-2513.0000,-2520.0240,-1.028643,0.002875,-1.031518,12.60,25.13,0.515754,1.028643,-7.75,-25.11,22.27,48.30,42.39,CONTINUATION,CONTINUATION,REVERSAL,REVERSAL,REVERSAL,20,THURSDAY,H17_24,GE5,NO_CALENDAR_OBSERVE_ONLY,0
H1,fa64a541397c601c,B_NEXT_BAR_CONFIRM,LONG,EXPIRED,CONFIRMATION_FAILED,SWING_LOW,92e8a63f4c4f2bf8,0,0,1.221904,2026-03-26T19:00:00,2026-03-26T20:00:00,4438.28,4442.67,4366.61,4389.29,4372.32,4372.32,4366.61,5.71,16.97,57.1000,169.7000,,,NA,NA,NA,NA,NA,NA,NA,NA,NA,NA,NA,NA,,NA,NA,NA,,NA,NA,NA,0,NA,1,NA,NA,NA,NA,NA,NA,NA,NA,NA,-7.75,-25.11,22.27,48.30,42.39,CONTINUATION,CONTINUATION,REVERSAL,REVERSAL,REVERSAL,20,THURSDAY,H17_24,NA,NO_CALENDAR_OBSERVE_ONLY,0
H1,f19f583f7a3955ca,A_RECLAIM_CONTROL,LONG,CLOSED,TP,SWING_LOW,25a0599431b1581b,0,0,1.633379,2026-03-26T23:00:00,2026-03-27T00:00:00,4364.20,4421.02,4351.05,4381.72,4351.23,4351.23,4351.05,0.18,30.49,1.8000,304.9000,2026-03-27T00:00:00,2026-03-27T01:00:01.948,3601948,4387.06,4387.96,4387.96,0.90,9.0000,0,4349.85,4464.40,38.11,3818.0207,7.0207,2026-03-27T08:35:16.608,4464.55,4465.35,4464.55,TP,0,0,27314,0,0.0000,1,7659.0000,7651.9793,2.006013,0.001839,2.004174,76.59,16.61,2.006013,0.435042,29.84,-3.10,50.32,65.92,105.27,REVERSAL,CONTINUATION,REVERSAL,REVERSAL,REVERSAL,0,FRIDAY,H00_08,GE5,NO_CALENDAR_OBSERVE_ONLY,0
H1,f19f583f7a3955ca,B_NEXT_BAR_CONFIRM,LONG,EXPIRED,CONFIRMATION_FAILED,SWING_LOW,25a0599431b1581b,0,0,1.633379,2026-03-26T23:00:00,2026-03-27T00:00:00,4364.20,4421.02,4351.05,4381.72,4351.23,4351.23,4351.05,0.18,30.49,1.8000,304.9000,,,NA,NA,NA,NA,NA,NA,NA,NA,NA,NA,NA,NA,,NA,NA,NA,,NA,NA,NA,0,NA,1,NA,NA,NA,NA,NA,NA,NA,NA,NA,29.84,-3.10,50.32,65.92,105.27,REVERSAL,CONTINUATION,REVERSAL,REVERSAL,REVERSAL,0,FRIDAY,H00_08,NA,NO_CALENDAR_OBSERVE_ONLY,0
H1,2a3d21f18dd3cbc9,A_RECLAIM_CONTROL,SHORT,CLOSED,TP,PDH;SWING_HIGH,3ca19376296866ca;dca90b0a01f92bf9,0,0,1.579629,2026-03-27T18:00:00,2026-03-27T19:00:00,4509.83,4555.44,4501.64,4524.08,4544.48,4544.48,4555.44,10.96,20.40,109.6000,204.0000,2026-03-27T19:00:00,2026-03-27T19:00:00.007,7,4524.10,4524.83,4524.10,0.73,7.3000,1,4556.47,4459.14,32.37,3244.2386,7.2386,2026-03-30T02:32:19.809,4458.12,4459.02,4459.02,TP,0,0,199939,1,46.9170,1,6508.0000,6453.8444,2.006018,0.016693,1.989325,65.08,10.45,2.006018,0.322109,7.93,7.24,30.16,42.86,-45.27,REVERSAL,REVERSAL,REVERSAL,REVERSAL,CONTINUATION,19,FRIDAY,H17_24,GE5,NO_CALENDAR_OBSERVE_ONLY,0
H1,2a3d21f18dd3cbc9,B_NEXT_BAR_CONFIRM,SHORT,EXPIRED,CONFIRMATION_FAILED,PDH;SWING_HIGH,3ca19376296866ca;dca90b0a01f92bf9,0,0,1.579629,2026-03-27T18:00:00,2026-03-27T19:00:00,4509.83,4555.44,4501.64,4524.08,4544.48,4544.48,4555.44,10.96,20.40,109.6000,204.0000,,,NA,NA,NA,NA,NA,NA,NA,NA,NA,NA,NA,NA,,NA,NA,NA,,NA,NA,NA,0,NA,1,NA,NA,NA,NA,NA,NA,NA,NA,NA,7.93,7.24,30.16,42.86,-45.27,REVERSAL,REVERSAL,REVERSAL,REVERSAL,CONTINUATION,19,FRIDAY,H17_24,NA,NO_CALENDAR_OBSERVE_ONLY,0
H1,c01c19758a6d2299,A_RECLAIM_CONTROL,SHORT,CLOSED,TP,SWING_HIGH,03f0a3c49583b09f,0,0,1.127931,2026-03-30T14:00:00,2026-03-30T15:00:00,4532.41,4580.86,4525.58,4559.56,4568.98,4568.98,4580.86,11.88,9.42,118.8000,94.2000,2026-03-30T15:00:00,2026-03-30T15:00:00.021,21,4559.57,4560.32,4559.57,0.75,7.5000,1,4581.91,4514.67,22.34,2241.2953,7.2953,2026-03-30T17:21:39.447,4513.85,4514.59,4514.59,TP,0,0,8499,0,0.0000,1,4498.0000,4490.7047,2.006875,0.003255,2.003620,44.98,19.82,2.006875,0.884310,-9.79,21.00,19.64,48.69,-9.10,CONTINUATION,REVERSAL,REVERSAL,REVERSAL,CONTINUATION,15,MONDAY,H13_17,GE5,NO_CALENDAR_OBSERVE_ONLY,0
H1,c01c19758a6d2299,B_NEXT_BAR_CONFIRM,SHORT,EXPIRED,CONFIRMATION_FAILED,SWING_HIGH,03f0a3c49583b09f,0,0,1.127931,2026-03-30T14:00:00,2026-03-30T15:00:00,4532.41,4580.86,4525.58,4559.56,4568.98,4568.98,4580.86,11.88,9.42,118.8000,94.2000,,,NA,NA,NA,NA,NA,NA,NA,NA,NA,NA,NA,NA,,NA,NA,NA,,NA,NA,NA,0,NA,1,NA,NA,NA,NA,NA,NA,NA,NA,NA,-9.79,21.00,19.64,48.69,-9.10,CONTINUATION,REVERSAL,REVERSAL,REVERSAL,CONTINUATION,15,MONDAY,H13_17,NA,NO_CALENDAR_OBSERVE_ONLY,0
H1,1afe6f7f64c74392,A_RECLAIM_CONTROL,LONG,CLOSED,STOP,SWING_LOW,af254c0c0c6d7e20,0,0,2.078626,2026-03-30T20:00:00,2026-03-30T21:00:00,4539.91,4542.24,4511.45,4515.07,4512.53,4512.53,4511.45,1.08,2.54,10.8000,25.4000,2026-03-30T21:00:00,2026-03-30T21:00:00.036,36,4515.10,4515.78,4515.78,0.68,6.8000,1,4510.47,4526.62,5.31,538.2252,7.2252,2026-03-30T21:54:16.356,4509.54,4510.39,4509.54,STOP,0,0,3256,0,0.0000,1,-624.0000,-631.2252,-1.159366,0.013424,-1.172790,7.33,6.24,1.361883,1.159366,-16.15,-3.98,-1.46,49.66,84.18,CONTINUATION,CONTINUATION,CONTINUATION,REVERSAL,REVERSAL,21,MONDAY,H17_24,GE5,NO_CALENDAR_OBSERVE_ONLY,0
H1,1afe6f7f64c74392,B_NEXT_BAR_CONFIRM,LONG,EXPIRED,CONFIRMATION_FAILED,SWING_LOW,af254c0c0c6d7e20,0,0,2.078626,2026-03-30T20:00:00,2026-03-30T21:00:00,4539.91,4542.24,4511.45,4515.07,4512.53,4512.53,4511.45,1.08,2.54,10.8000,25.4000,,,NA,NA,NA,NA,NA,NA,NA,NA,NA,NA,NA,NA,,NA,NA,NA,,NA,NA,NA,0,NA,1,NA,NA,NA,NA,NA,NA,NA,NA,NA,-16.15,-3.98,-1.46,49.66,84.18,CONTINUATION,CONTINUATION,CONTINUATION,REVERSAL,REVERSAL,21,MONDAY,H17_24,NA,NO_CALENDAR_OBSERVE_ONLY,0
H1,ba9f60d0c970fad0,A_RECLAIM_CONTROL,LONG,CLOSED,STOP,SWING_LOW,91825dbac6cc4c6c,0,0,2.936204,2026-03-31T02:00:00,2026-03-31T03:00:00,4510.81,4521.62,4492.58,4513.61,4493.00,4493.00,4492.58,0.42,20.61,4.2000,206.1000,2026-03-31T03:00:00,2026-03-31T03:00:00.268,268,4513.65,4514.42,4514.42,0.77,7.7000,1,4491.51,4560.46,22.91,2298.2231,7.2231,2026-03-31T03:20:15.052,4490.92,4491.69,4490.92,STOP,0,0,1214,0,0.0000,1,-2350.0000,-2357.2231,-1.022529,0.003143,-1.025672,13.94,23.50,0.606556,1.022529,34.02,54.85,51.12,41.98,169.08,REVERSAL,REVERSAL,REVERSAL,REVERSAL,REVERSAL,3,TUESDAY,H00_08,GE5,NO_CALENDAR_OBSERVE_ONLY,0
H1,ba9f60d0c970fad0,B_NEXT_BAR_CONFIRM,LONG,CLOSED,TP,SWING_LOW,91825dbac6cc4c6c,0,0,2.936204,2026-03-31T02:00:00,2026-03-31T03:00:00,4510.81,4521.62,4492.58,4513.61,4493.00,4493.00,4492.58,0.42,20.61,4.2000,206.1000,2026-03-31T04:00:00,2026-03-31T04:00:00.002,2,4547.71,4548.48,4548.48,0.77,7.7000,1,4491.51,4662.64,56.97,5704.2776,7.2776,2026-03-31T20:42:45.490,4664.23,4665.00,4664.23,TP,0,0,60165,0,0.0000,1,11575.0000,11567.7224,2.029179,0.001276,2.027903,115.75,18.97,2.029179,0.332557,34.02,54.85,51.12,41.98,169.08,REVERSAL,REVERSAL,REVERSAL,REVERSAL,REVERSAL,3,TUESDAY,H00_08,GE5,NO_CALENDAR_OBSERVE_ONLY,0
H1,e51e4f1398468253,A_RECLAIM_CONTROL,LONG,CLOSED,TP,SWING_LOW,e1d3513f8464848e,0,0,1.263646,2026-03-31T13:00:00,2026-03-31T14:00:00,4555.56,4561.80,4529.51,4546.96,4543.36,4543.36,4529.51,13.85,3.60,138.5000,36.0000,2026-03-31T14:00:00,2026-03-31T14:00:00.137,137,4546.95,4547.69,4547.69,0.74,7.4000,1,4528.47,4586.35,19.22,1929.2763,7.2763,2026-03-31T14:39:07.034,4586.35,4587.10,4586.35,TP,0,0,2346,0,0.0000,1,3866.0000,3858.7237,2.003860,0.003772,2.000089,38.66,6.59,2.003860,0.341579,35.41,60.62,62.49,121.94,166.04,REVERSAL,REVERSAL,REVERSAL,REVERSAL,REVERSAL,14,TUESDAY,H13_17,GE5,NO_CALENDAR_OBSERVE_ONLY,0
H1,e51e4f1398468253,B_NEXT_BAR_CONFIRM,LONG,CLOSED,TP,SWING_LOW,e1d3513f8464848e,0,0,1.263646,2026-03-31T13:00:00,2026-03-31T14:00:00,4555.56,4561.80,4529.51,4546.96,4543.36,4543.36,4529.51,13.85,3.60,138.5000,36.0000,2026-03-31T15:00:00,2026-03-31T15:00:00.357,357,4582.38,4583.11,4583.11,0.73,7.3000,1,4528.48,4692.59,54.63,5470.3330,7.3330,2026-04-01T01:38:30.602,4692.62,4693.96,4692.62,TP,0,0,38310,1,107.1510,1,10951.0000,10836.5160,2.001889,0.020928,1.980961,109.51,15.19,2.001889,0.277680,35.41,60.62,62.49,121.94,166.04,REVERSAL,REVERSAL,REVERSAL,REVERSAL,REVERSAL,14,TUESDAY,H13_17,GE5,NO_CALENDAR_OBSERVE_ONLY,0
H1,53775521bde3c570,A_RECLAIM_CONTROL,SHORT,CLOSED,STOP,SWING_HIGH,a92ce92a117f5aa4,0,0,3.799769,2026-03-31T17:00:00,2026-03-31T18:00:00,4607.59,4630.36,4594.91,4599.25,4619.51,4619.51,4630.36,10.85,20.26,108.5000,202.6000,2026-03-31T18:00:00,2026-03-31T18:00:00.011,11,4599.23,4599.96,4599.23,0.73,7.3000,1,4631.39,4534.68,32.16,3223.3588,7.3588,2026-03-31T19:39:56.872,4630.86,4631.60,4631.60,STOP,0,0,5996,0,0.0000,1,-3237.0000,-3244.3588,-1.004232,0.002283,-1.006515,-0.58,32.37,-0.017994,1.004232,-10.20,-55.85,-83.44,-93.42,-153.22,CONTINUATION,CONTINUATION,CONTINUATION,CONTINUATION,CONTINUATION,18,TUESDAY,H17_24,GE5,NO_CALENDAR_OBSERVE_ONLY,0
H1,53775521bde3c570,B_NEXT_BAR_CONFIRM,SHORT,EXPIRED,CONFIRMATION_FAILED,SWING_HIGH,a92ce92a117f5aa4,0,0,3.799769,2026-03-31T17:00:00,2026-03-31T18:00:00,4607.59,4630.36,4594.91,4599.25,4619.51,4619.51,4630.36,10.85,20.26,108.5000,202.6000,,,NA,NA,NA,NA,NA,NA,NA,NA,NA,NA,NA,NA,,NA,NA,NA,,NA,NA,NA,0,NA,1,NA,NA,NA,NA,NA,NA,NA,NA,NA,-10.20,-55.85,-83.44,-93.42,-153.22,CONTINUATION,CONTINUATION,CONTINUATION,CONTINUATION,CONTINUATION,18,TUESDAY,H17_24,NA,NO_CALENDAR_OBSERVE_ONLY,0
H1,0e7dfb2abfa40775,A_RECLAIM_CONTROL,SHORT,CLOSED,STOP,PDH,661c90a20e684866,0,0,NA,2026-04-01T01:00:00,2026-04-01T02:00:00,4671.46,4696.66,4661.66,4680.61,4687.32,4687.32,4696.66,9.34,6.71,93.4000,67.1000,2026-04-01T02:00:00,2026-04-01T02:00:00.006,6,4680.69,4681.59,4680.69,0.90,9.0000,1,4697.86,4646.12,17.17,1724.4891,7.4891,2026-04-01T02:55:32.704,4697.66,4698.43,4698.43,STOP,0,0,3332,0,0.0000,1,-1774.0000,-1781.4891,-1.028710,0.004343,-1.033053,7.85,17.74,0.455207,1.028710,-15.73,-12.06,-1.23,-48.01,-72.34,CONTINUATION,CONTINUATION,CONTINUATION,CONTINUATION,CONTINUATION,2,WEDNESDAY,H00_08,GE5,NO_CALENDAR_OBSERVE_ONLY,0
H1,0e7dfb2abfa40775,B_NEXT_BAR_CONFIRM,SHORT,EXPIRED,CONFIRMATION_FAILED,PDH,661c90a20e684866,0,0,NA,2026-04-01T01:00:00,2026-04-01T02:00:00,4671.46,4696.66,4661.66,4680.61,4687.32,4687.32,4696.66,9.34,6.71,93.4000,67.1000,,,NA,NA,NA,NA,NA,NA,NA,NA,NA,NA,NA,NA,,NA,NA,NA,,NA,NA,NA,0,NA,1,NA,NA,NA,NA,NA,NA,NA,NA,NA,-15.73,-12.06,-1.23,-48.01,-72.34,CONTINUATION,CONTINUATION,CONTINUATION,CONTINUATION,CONTINUATION,2,WEDNESDAY,H00_08,NA,NO_CALENDAR_OBSERVE_ONLY,0
H1,3f534243e72a6d5b,A_RECLAIM_CONTROL,SHORT,CLOSED,STOP,SWING_HIGH,c97893a320817fff,0,0,1.816813,2026-04-01T10:00:00,2026-04-01T11:00:00,4730.55,4747.65,4709.59,4713.00,4734.69,4734.69,4747.65,12.96,21.69,129.6000,216.9000,2026-04-01T11:00:00,2026-04-01T11:00:00.297,297,4712.99,4713.77,4712.99,0.78,7.8000,1,4748.73,4641.28,35.74,3581.5408,7.5408,2026-04-01T14:30:49.663,4748.03,4748.74,4748.74,STOP,0,0,12649,0,0.0000,1,-3575.0000,-3582.5408,-0.998174,0.002105,-1.000279,1.84,35.75,0.051375,0.998174,-15.62,-18.30,-11.72,-61.36,40.43,CONTINUATION,CONTINUATION,CONTINUATION,CONTINUATION,REVERSAL,11,WEDNESDAY,H08_13,GE5,NO_CALENDAR_OBSERVE_ONLY,0
H1,3f534243e72a6d5b,B_NEXT_BAR_CONFIRM,SHORT,EXPIRED,CONFIRMATION_FAILED,SWING_HIGH,c97893a320817fff,0,0,1.816813,2026-04-01T10:00:00,2026-04-01T11:00:00,4730.55,4747.65,4709.59,4713.00,4734.69,4734.69,4747.65,12.96,21.69,129.6000,216.9000,,,NA,NA,NA,NA,NA,NA,NA,NA,NA,NA,NA,NA,,NA,NA,NA,,NA,NA,NA,0,NA,1,NA,NA,NA,NA,NA,NA,NA,NA,NA,-15.62,-18.30,-11.72,-61.36,40.43,CONTINUATION,CONTINUATION,CONTINUATION,CONTINUATION,REVERSAL,11,WEDNESDAY,H08_13,NA,NO_CALENDAR_OBSERVE_ONLY,0
H1,31b41028080e0182,A_RECLAIM_CONTROL,SHORT,CLOSED,STOP,SWING_HIGH,031dc410ebdddc74,0,0,3.206413,2026-04-01T17:00:00,2026-04-01T18:00:00,4738.17,4768.72,4724.01,4760.76,4763.01,4763.01,4768.72,5.71,2.25,57.1000,22.5000,2026-04-01T18:00:00,2026-04-01T18:00:00.120,120,4760.75,4761.48,4760.75,0.73,7.3000,1,4769.75,4742.52,9.00,907.6172,7.6172,2026-04-01T18:03:47.358,4769.04,4769.82,4769.82,STOP,0,0,227,0,0.0000,1,-907.0000,-914.6172,-0.999320,0.008393,-1.007713,1.51,9.07,0.166370,0.999320,-25.67,-13.60,-5.41,64.15,160.65,CONTINUATION,CONTINUATION,CONTINUATION,REVERSAL,REVERSAL,18,WEDNESDAY,H17_24,GE5,NO_CALENDAR_OBSERVE_ONLY,0
H1,31b41028080e0182,B_NEXT_BAR_CONFIRM,SHORT,EXPIRED,CONFIRMATION_FAILED,SWING_HIGH,031dc410ebdddc74,0,0,3.206413,2026-04-01T17:00:00,2026-04-01T18:00:00,4738.17,4768.72,4724.01,4760.76,4763.01,4763.01,4768.72,5.71,2.25,57.1000,22.5000,,,NA,NA,NA,NA,NA,NA,NA,NA,NA,NA,NA,NA,,NA,NA,NA,,NA,NA,NA,0,NA,1,NA,NA,NA,NA,NA,NA,NA,NA,NA,-25.67,-13.60,-5.41,64.15,160.65,CONTINUATION,CONTINUATION,CONTINUATION,REVERSAL,REVERSAL,18,WEDNESDAY,H17_24,NA,NO_CALENDAR_OBSERVE_ONLY,0
H1,a6da68bf5502b810,A_RECLAIM_CONTROL,SHORT,CLOSED,TP,PDH;PSH;SWING_HIGH,0311d34acf5da4c0;57bad221ea1faebf;73321e90bd512a91,0,0,2.625832,2026-04-02T02:00:00,2026-04-02T03:00:00,4776.39,4800.41,4773.61,4784.08,4792.83,4792.83,4800.41,7.58,8.75,75.8000,87.5000,2026-04-02T03:00:00,2026-04-02T03:00:00.270,270,4784.05,4784.82,4784.05,0.77,7.7000,1,4801.48,4748.96,17.43,1750.6545,7.6545,2026-04-02T04:03:57.021,4748.18,4748.95,4748.95,TP,0,0,3836,0,0.0000,1,3510.0000,3502.3455,2.004964,0.004372,2.000592,35.10,15.53,2.004964,0.887097,-0.54,97.26,111.51,162.31,111.95,CONTINUATION,REVERSAL,REVERSAL,REVERSAL,REVERSAL,3,THURSDAY,H00_08,GE5,NO_CALENDAR_OBSERVE_ONLY,0
H1,a6da68bf5502b810,B_NEXT_BAR_CONFIRM,SHORT,EXPIRED,CONFIRMATION_FAILED,PDH;PSH;SWING_HIGH,0311d34acf5da4c0;57bad221ea1faebf;73321e90bd512a91,0,0,2.625832,2026-04-02T02:00:00,2026-04-02T03:00:00,4776.39,4800.41,4773.61,4784.08,4792.83,4792.83,4800.41,7.58,8.75,75.8000,87.5000,,,NA,NA,NA,NA,NA,NA,NA,NA,NA,NA,NA,NA,,NA,NA,NA,,NA,NA,NA,0,NA,1,NA,NA,NA,NA,NA,NA,NA,NA,NA,-0.54,97.26,111.51,162.31,111.95,CONTINUATION,REVERSAL,REVERSAL,REVERSAL,REVERSAL,3,THURSDAY,H00_08,NA,NO_CALENDAR_OBSERVE_ONLY,0
H1,79d4927e1903a9c0,A_RECLAIM_CONTROL,LONG,CLOSED,STOP,SWING_LOW,6c7e6fc10d302f24,0,0,1.891178,2026-04-02T04:00:00,2026-04-02T05:00:00,4784.59,4786.69,4649.66,4696.61,4667.03,4667.03,4649.66,17.37,29.58,173.7000,295.8000,2026-04-02T05:00:00,2026-04-02T05:00:00.015,15,4696.67,4697.44,4697.44,0.77,7.7000,1,4648.59,4795.37,48.85,4892.5159,7.5159,2026-04-02T08:33:52.428,4647.54,4648.31,4647.54,STOP,0,0,12832,0,0.0000,1,-4990.0000,-4997.5159,-1.019925,0.001536,-1.021461,6.75,49.90,0.137966,1.019925,-9.79,-24.04,-97.40,-96.50,-50.81,CONTINUATION,CONTINUATION,CONTINUATION,CONTINUATION,CONTINUATION,5,THURSDAY,H00_08,GE5,NO_CALENDAR_OBSERVE_ONLY,0
H1,79d4927e1903a9c0,B_NEXT_BAR_CONFIRM,LONG,EXPIRED,CONFIRMATION_FAILED,SWING_LOW,6c7e6fc10d302f24,0,0,1.891178,2026-04-02T04:00:00,2026-04-02T05:00:00,4784.59,4786.69,4649.66,4696.61,4667.03,4667.03,4649.66,17.37,29.58,173.7000,295.8000,,,NA,NA,NA,NA,NA,NA,NA,NA,NA,NA,NA,NA,,NA,NA,NA,,NA,NA,NA,0,NA,1,NA,NA,NA,NA,NA,NA,NA,NA,NA,-9.79,-24.04,-97.40,-96.50,-50.81,CONTINUATION,CONTINUATION,CONTINUATION,CONTINUATION,CONTINUATION,5,THURSDAY,H00_08,NA,NO_CALENDAR_OBSERVE_ONLY,0
H1,ffcefc391d930410,A_RECLAIM_CONTROL,SHORT,CLOSED,STOP,SWING_HIGH,86657dbc03263eaa,0,0,2.014783,2026-04-06T08:00:00,2026-04-06T09:00:00,4659.01,4678.66,4651.30,4652.50,4671.87,4671.87,4678.66,6.79,19.37,67.9000,193.7000,2026-04-06T09:00:00,2026-04-06T09:00:00.276,276,4652.51,4653.27,4652.51,0.76,7.6000,1,4679.72,4597.86,27.21,2728.4440,7.4440,2026-04-06T10:51:20.170,4679.16,4679.79,4679.79,STOP,0,0,6679,0,0.0000,1,-2728.0000,-2735.4440,-0.999837,0.002728,-1.002566,8.46,27.28,0.310067,0.999837,-13.51,-43.40,-37.20,-15.58,2.03,CONTINUATION,CONTINUATION,CONTINUATION,CONTINUATION,REVERSAL,9,MONDAY,H08_13,GE5,NO_CALENDAR_OBSERVE_ONLY,0
H1,ffcefc391d930410,B_NEXT_BAR_CONFIRM,SHORT,EXPIRED,CONFIRMATION_FAILED,SWING_HIGH,86657dbc03263eaa,0,0,2.014783,2026-04-06T08:00:00,2026-04-06T09:00:00,4659.01,4678.66,4651.30,4652.50,4671.87,4671.87,4678.66,6.79,19.37,67.9000,193.7000,,,NA,NA,NA,NA,NA,NA,NA,NA,NA,NA,NA,NA,,NA,NA,NA,,NA,NA,NA,0,NA,1,NA,NA,NA,NA,NA,NA,NA,NA,NA,-13.51,-43.40,-37.20,-15.58,2.03,CONTINUATION,CONTINUATION,CONTINUATION,CONTINUATION,REVERSAL,9,MONDAY,H08_13,NA,NO_CALENDAR_OBSERVE_ONLY,0
H1,d4ab786ea1f31e92,A_RECLAIM_CONTROL,SHORT,CLOSED,TP,PSH;SWING_HIGH,350dc3c18d39b9b2;d727067b8a1574a1,0,0,2.923889,2026-04-06T12:00:00,2026-04-06T13:00:00,4695.91,4706.62,4690.87,4693.59,4700.12,4700.12,4706.62,6.50,6.53,65.0000,65.3000,2026-04-06T13:00:00,2026-04-06T13:00:00.252,252,4693.57,4694.20,4693.57,0.63,6.3000,1,4707.55,4665.38,13.98,1405.5097,7.5097,2026-04-06T15:22:00.303,4664.61,4665.24,4665.24,TP,0,0,8520,0,0.0000,1,2833.0000,2825.4903,2.015639,0.005343,2.010296,28.33,4.60,2.015639,0.327283,3.89,17.72,10.68,38.20,40.15,REVERSAL,REVERSAL,REVERSAL,REVERSAL,REVERSAL,13,MONDAY,H13_17,GE5,NO_CALENDAR_OBSERVE_ONLY,0
H1,d4ab786ea1f31e92,B_NEXT_BAR_CONFIRM,SHORT,CLOSED,TP,PSH;SWING_HIGH,350dc3c18d39b9b2;d727067b8a1574a1,0,0,2.923889,2026-04-06T12:00:00,2026-04-06T13:00:00,4695.91,4706.62,4690.87,4693.59,4700.12,4700.12,4706.62,6.50,6.53,65.0000,65.3000,2026-04-06T14:00:00,2026-04-06T14:00:00.541,541,4689.73,4690.35,4689.73,0.62,6.2000,1,4707.54,4653.88,17.81,1788.5036,7.5036,2026-04-06T18:39:17.096,4653.24,4653.87,4653.87,TP,0,0,16756,0,0.0000,1,3586.0000,3578.4964,2.005028,0.004195,2.000833,35.86,8.65,2.005028,0.483645,3.89,17.72,10.68,38.20,40.15,REVERSAL,REVERSAL,REVERSAL,REVERSAL,REVERSAL,13,MONDAY,H13_17,GE5,NO_CALENDAR_OBSERVE_ONLY,0
H1,13d7ac28819c52c9,A_RECLAIM_CONTROL,LONG,CLOSED,STOP,PSL,5cc59f15f4c0ef95,0,0,NA,2026-04-06T22:00:00,2026-04-06T23:00:00,4658.38,4659.46,4645.47,4655.39,4645.88,4645.88,4645.47,0.41,9.51,4.1000,95.1000,2026-04-06T23:00:00,2026-04-06T23:00:00.028,28,4655.32,4656.17,4656.17,0.85,8.5000,0,4644.32,4680.10,11.85,1192.4499,7.4499,2026-04-07T04:00:02.923,4642.88,4643.58,4642.88,STOP,0,0,18002,1,107.1510,1,-1329.0000,-1443.6009,-1.114512,0.096105,-1.210618,11.92,13.29,0.999623,1.114512,-6.55,3.43,-28.49,-1.95,1.68,CONTINUATION,REVERSAL,CONTINUATION,CONTINUATION,REVERSAL,23,MONDAY,H17_24,GE5,NO_CALENDAR_OBSERVE_ONLY,0
H1,13d7ac28819c52c9,B_NEXT_BAR_CONFIRM,LONG,EXPIRED,CONFIRMATION_FAILED,PSL,5cc59f15f4c0ef95,0,0,NA,2026-04-06T22:00:00,2026-04-06T23:00:00,4658.38,4659.46,4645.47,4655.39,4645.88,4645.88,4645.47,0.41,9.51,4.1000,95.1000,,,NA,NA,NA,NA,NA,NA,NA,NA,NA,NA,NA,NA,,NA,NA,NA,,NA,NA,NA,0,NA,1,NA,NA,NA,NA,NA,NA,NA,NA,NA,-6.55,3.43,-28.49,-1.95,1.68,CONTINUATION,REVERSAL,CONTINUATION,CONTINUATION,REVERSAL,23,MONDAY,H17_24,NA,NO_CALENDAR_OBSERVE_ONLY,0
H1,2ceb14aa65f0628d,A_RECLAIM_CONTROL,LONG,CLOSED,TP,SWING_LOW,4eade3e7fefd92d6,0,0,2.394812,2026-04-07T17:00:00,2026-04-07T18:00:00,4644.10,4661.74,4607.51,4633.22,4628.80,4628.80,4607.51,21.29,4.42,212.9000,44.2000,2026-04-07T18:00:00,2026-04-07T18:00:00.006,6,4633.27,4633.87,4633.87,0.60,6.0000,1,4606.61,4688.62,27.26,2733.4142,7.4142,2026-04-07T22:19:35.999,4689.07,4690.39,4689.07,TP,0,0,15575,0,0.0000,1,5520.0000,5512.5858,2.019452,0.002712,2.016740,55.20,8.80,2.019452,0.321942,22.37,42.68,67.32,177.02,165.16,REVERSAL,REVERSAL,REVERSAL,REVERSAL,REVERSAL,18,TUESDAY,H17_24,GE5,NO_CALENDAR_OBSERVE_ONLY,0
H1,2ceb14aa65f0628d,B_NEXT_BAR_CONFIRM,LONG,EXPIRED,CONFIRMATION_FAILED,SWING_LOW,4eade3e7fefd92d6,0,0,2.394812,2026-04-07T17:00:00,2026-04-07T18:00:00,4644.10,4661.74,4607.51,4633.22,4628.80,4628.80,4607.51,21.29,4.42,212.9000,44.2000,,,NA,NA,NA,NA,NA,NA,NA,NA,NA,NA,NA,NA,,NA,NA,NA,,NA,NA,NA,0,NA,1,NA,NA,NA,NA,NA,NA,NA,NA,NA,22.37,42.68,67.32,177.02,165.16,REVERSAL,REVERSAL,REVERSAL,REVERSAL,REVERSAL,18,TUESDAY,H17_24,NA,NO_CALENDAR_OBSERVE_ONLY,0
H1,dcd36fe6f3e18611,A_RECLAIM_CONTROL,SHORT,CLOSED,GAP_STOP,PDH;SWING_HIGH,4ecb0fa11ae1f014;e34ecfe3327f7ce3,0,0,3.519012,2026-04-07T22:00:00,2026-04-07T23:00:00,4662.15,4718.77,4660.68,4700.54,4706.62,4706.62,4718.77,12.15,6.08,121.5000,60.8000,2026-04-07T23:00:00,2026-04-07T23:00:00.001,1,4700.79,4701.64,4700.79,0.85,8.5000,0,4719.92,4662.30,19.13,1920.5213,7.5213,2026-04-08T01:00:01.245,4721.40,4722.30,4722.30,GAP_STOP,1,0,7201,1,46.9170,1,-2151.0000,-2205.4383,-1.120008,0.028346,-1.148354,2.56,21.51,0.133297,1.120008,-6.04,-132.93,-109.70,-119.95,-59.99,CONTINUATION,CONTINUATION,CONTINUATION,CONTINUATION,CONTINUATION,23,TUESDAY,H17_24,GE5,NO_CALENDAR_OBSERVE_ONLY,0
H1,dcd36fe6f3e18611,B_NEXT_BAR_CONFIRM,SHORT,EXPIRED,CONFIRMATION_FAILED,PDH;SWING_HIGH,4ecb0fa11ae1f014;e34ecfe3327f7ce3,0,0,3.519012,2026-04-07T22:00:00,2026-04-07T23:00:00,4662.15,4718.77,4660.68,4700.54,4706.62,4706.62,4718.77,12.15,6.08,121.5000,60.8000,,,NA,NA,NA,NA,NA,NA,NA,NA,NA,NA,NA,NA,,NA,NA,NA,,NA,NA,NA,0,NA,1,NA,NA,NA,NA,NA,NA,NA,NA,NA,-6.04,-132.93,-109.70,-119.95,-59.99,CONTINUATION,CONTINUATION,CONTINUATION,CONTINUATION,CONTINUATION,23,TUESDAY,H17_24,NA,NO_CALENDAR_OBSERVE_ONLY,0
H1,07c982e971a19554,A_RECLAIM_CONTROL,LONG,CLOSED,STOP,SWING_LOW,d694edb32ebf4db2,0,0,2.313192,2026-04-08T20:00:00,2026-04-08T21:00:00,4760.52,4764.40,4731.48,4733.87,4732.18,4732.18,4731.48,0.70,1.69,7.0000,16.9000,2026-04-08T21:00:00,2026-04-08T21:00:00.099,99,4733.88,4734.43,4734.43,0.55,5.5000,1,4730.63,4742.26,3.80,387.5751,7.5751,2026-04-08T21:00:27.869,4730.52,4731.37,4730.52,STOP,0,0,27,0,0.0000,1,-391.0000,-398.5751,-1.008837,0.019545,-1.028382,0.20,3.91,0.051603,1.008837,-28.51,-14.37,-18.39,-13.01,34.76,CONTINUATION,CONTINUATION,CONTINUATION,CONTINUATION,REVERSAL,21,WEDNESDAY,H17_24,GE5,NO_CALENDAR_OBSERVE_ONLY,0
H1,07c982e971a19554,B_NEXT_BAR_CONFIRM,LONG,EXPIRED,CONFIRMATION_FAILED,SWING_LOW,d694edb32ebf4db2,0,0,2.313192,2026-04-08T20:00:00,2026-04-08T21:00:00,4760.52,4764.40,4731.48,4733.87,4732.18,4732.18,4731.48,0.70,1.69,7.0000,16.9000,,,NA,NA,NA,NA,NA,NA,NA,NA,NA,NA,NA,NA,,NA,NA,NA,,NA,NA,NA,0,NA,1,NA,NA,NA,NA,NA,NA,NA,NA,NA,-28.51,-14.37,-18.39,-13.01,34.76,CONTINUATION,CONTINUATION,CONTINUATION,CONTINUATION,REVERSAL,21,WEDNESDAY,H17_24,NA,NO_CALENDAR_OBSERVE_ONLY,0
H1,45a00fa900e98ccc,A_RECLAIM_CONTROL,LONG,CLOSED,TP,PDL;SWING_LOW,26b305fd21860cc2;f148a277d4a4105e,0,0,3.405007,2026-04-09T03:00:00,2026-04-09T04:00:00,4715.55,4719.23,4698.93,4706.84,4699.31,4699.31,4698.93,0.38,7.53,3.8000,75.3000,2026-04-09T04:00:00,2026-04-09T04:00:00.292,292,4706.98,4707.65,4707.65,0.67,6.7000,1,4697.96,4727.26,9.69,976.5322,7.5322,2026-04-09T04:57:52.872,4727.26,4727.93,4727.26,TP,0,0,3472,0,0.0000,1,1961.0000,1953.4678,2.008126,0.007713,2.000413,19.61,8.12,2.008126,0.831514,20.52,4.70,6.38,34.31,59.34,REVERSAL,REVERSAL,REVERSAL,REVERSAL,REVERSAL,4,THURSDAY,H00_08,GE5,NO_CALENDAR_OBSERVE_ONLY,0
H1,45a00fa900e98ccc,B_NEXT_BAR_CONFIRM,LONG,CLOSED,TP,PDL;SWING_LOW,26b305fd21860cc2;f148a277d4a4105e,0,0,3.405007,2026-04-09T03:00:00,2026-04-09T04:00:00,4715.55,4719.23,4698.93,4706.84,4699.31,4699.31,4698.93,0.38,7.53,3.8000,75.3000,2026-04-09T05:00:00,2026-04-09T05:00:00.273,273,4727.37,4728.04,4728.04,0.67,6.7000,1,4697.96,4788.43,30.08,3015.5649,7.5649,2026-04-09T18:32:45.876,4788.49,4789.09,4788.49,TP,0,0,48765,0,0.0000,1,6045.0000,6037.4351,2.004600,0.002509,2.002091,60.45,24.48,2.004600,0.811788,20.52,4.70,6.38,34.31,59.34,REVERSAL,REVERSAL,REVERSAL,REVERSAL,REVERSAL,4,THURSDAY,H00_08,GE5,NO_CALENDAR_OBSERVE_ONLY,0
H1,d011fab17284e9de,A_RECLAIM_CONTROL,SHORT,CLOSED,STOP,SWING_HIGH,ccca8951d310dc1a,0,0,1.269487,2026-04-09T11:00:00,2026-04-09T12:00:00,4724.43,4733.04,4719.88,4726.30,4732.96,4732.96,4733.04,0.08,6.66,0.8000,66.6000,2026-04-09T12:00:00,2026-04-09T12:00:00.042,42,4726.28,4726.86,4726.28,0.58,5.8000,1,4733.92,4710.77,7.64,771.5620,7.5620,2026-04-09T12:28:03.872,4733.47,4734.02,4734.02,STOP,0,0,1683,0,0.0000,1,-774.0000,-781.5620,-1.003160,0.009801,-1.012961,2.77,7.74,0.359012,1.003160,-2.94,-30.28,-38.17,-45.76,-39.58,CONTINUATION,CONTINUATION,CONTINUATION,CONTINUATION,CONTINUATION,12,THURSDAY,H08_13,GE5,NO_CALENDAR_OBSERVE_ONLY,0
H1,d011fab17284e9de,B_NEXT_BAR_CONFIRM,SHORT,EXPIRED,CONFIRMATION_FAILED,SWING_HIGH,ccca8951d310dc1a,0,0,1.269487,2026-04-09T11:00:00,2026-04-09T12:00:00,4724.43,4733.04,4719.88,4726.30,4732.96,4732.96,4733.04,0.08,6.66,0.8000,66.6000,,,NA,NA,NA,NA,NA,NA,NA,NA,NA,NA,NA,NA,,NA,NA,NA,,NA,NA,NA,0,NA,1,NA,NA,NA,NA,NA,NA,NA,NA,NA,-2.94,-30.28,-38.17,-45.76,-39.58,CONTINUATION,CONTINUATION,CONTINUATION,CONTINUATION,CONTINUATION,12,THURSDAY,H08_13,NA,NO_CALENDAR_OBSERVE_ONLY,0
H1,b032ea48b7192ae5,A_RECLAIM_CONTROL,SHORT,CLOSED,STOP,PSH,9b3d04ddf8e359e3,0,0,NA,2026-04-09T18:00:00,2026-04-09T19:00:00,4768.64,4798.04,4761.20,4792.85,4794.86,4794.86,4798.04,3.18,2.01,31.8000,20.1000,2026-04-09T19:00:00,2026-04-09T19:00:00.138,138,4792.87,4793.42,4792.87,0.55,5.5000,1,4798.89,4780.59,6.02,609.6686,7.6686,2026-04-09T19:02:31.348,4798.30,4798.89,4798.89,STOP,0,0,151,0,0.0000,1,-602.0000,-609.6686,-0.987422,0.012578,-1.000000,0.82,6.02,0.134499,0.987422,3.96,20.79,26.67,39.92,20.96,REVERSAL,REVERSAL,REVERSAL,REVERSAL,REVERSAL,19,THURSDAY,H17_24,GE5,NO_CALENDAR_OBSERVE_ONLY,0
H1,b032ea48b7192ae5,B_NEXT_BAR_CONFIRM,SHORT,EXPIRED,CONFIRMATION_FAILED,PSH,9b3d04ddf8e359e3,0,0,NA,2026-04-09T18:00:00,2026-04-09T19:00:00,4768.64,4798.04,4761.20,4792.85,4794.86,4794.86,4798.04,3.18,2.01,31.8000,20.1000,,,NA,NA,NA,NA,NA,NA,NA,NA,NA,NA,NA,NA,,NA,NA,NA,,NA,NA,NA,0,NA,1,NA,NA,NA,NA,NA,NA,NA,NA,NA,3.96,20.79,26.67,39.92,20.96,REVERSAL,REVERSAL,REVERSAL,REVERSAL,REVERSAL,19,THURSDAY,H17_24,NA,NO_CALENDAR_OBSERVE_ONLY,0
H1,8281a4974dd770d4,A_RECLAIM_CONTROL,LONG,CLOSED,STOP,PSL,00825b5572959e1d,0,0,NA,2026-04-10T05:00:00,2026-04-10T06:00:00,4764.52,4765.51,4738.08,4752.93,4747.30,4747.30,4738.08,9.22,5.63,92.2000,56.3000,2026-04-10T06:00:00,2026-04-10T06:00:00.152,152,4752.97,4753.64,4753.64,0.67,6.7000,1,4737.11,4786.93,16.53,1660.6058,7.6058,2026-04-10T11:47:30.642,4736.13,4736.73,4736.13,STOP,0,0,20850,0,0.0000,1,-1751.0000,-1758.6058,-1.054434,0.004580,-1.059015,17.14,17.51,1.032153,1.054434,13.71,12.95,-3.39,18.96,-81.38,REVERSAL,REVERSAL,CONTINUATION,REVERSAL,CONTINUATION,6,FRIDAY,H00_08,GE5,NO_CALENDAR_OBSERVE_ONLY,0
H1,8281a4974dd770d4,B_NEXT_BAR_CONFIRM,LONG,CLOSED,STOP,PSL,00825b5572959e1d,0,0,NA,2026-04-10T05:00:00,2026-04-10T06:00:00,4764.52,4765.51,4738.08,4752.93,4747.30,4747.30,4738.08,9.22,5.63,92.2000,56.3000,2026-04-10T07:00:00,2026-04-10T07:00:00.448,448,4766.62,4767.23,4767.23,0.61,6.1000,1,4737.17,4827.58,30.06,3013.6276,7.6276,2026-04-10T11:47:30.642,4736.13,4736.73,4736.13,STOP,0,0,17250,0,0.0000,1,-3110.0000,-3117.6276,-1.031979,0.002531,-1.034510,3.55,31.10,0.117798,1.031979,13.71,12.95,-3.39,18.96,-81.38,REVERSAL,REVERSAL,CONTINUATION,REVERSAL,CONTINUATION,6,FRIDAY,H00_08,GE5,NO_CALENDAR_OBSERVE_ONLY,0
H1,8020e266d0908944,A_RECLAIM_CONTROL,LONG,CLOSED,TP,SWING_LOW,4ee2cf51dd95c305,0,0,1.875007,2026-04-10T11:00:00,2026-04-10T12:00:00,4749.55,4753.25,4730.48,4740.75,4738.08,4738.08,4730.48,7.60,2.67,76.0000,26.7000,2026-04-10T12:00:00,2026-04-10T12:00:00.301,301,4740.78,4741.37,4741.37,0.59,5.9000,1,4729.59,4765.16,11.78,1185.5862,7.5862,2026-04-10T14:44:38.236,4765.30,4765.85,4765.30,TP,0,0,9877,0,0.0000,1,2393.0000,2385.4138,2.018411,0.006399,2.012012,23.93,0.77,2.018411,0.064947,10.90,27.39,34.36,24.52,-11.39,REVERSAL,REVERSAL,REVERSAL,REVERSAL,CONTINUATION,12,FRIDAY,H08_13,GE5,NO_CALENDAR_OBSERVE_ONLY,0
H1,8020e266d0908944,B_NEXT_BAR_CONFIRM,LONG,EXPIRED,CONFIRMATION_FAILED,SWING_LOW,4ee2cf51dd95c305,0,0,1.875007,2026-04-10T11:00:00,2026-04-10T12:00:00,4749.55,4753.25,4730.48,4740.75,4738.08,4738.08,4730.48,7.60,2.67,76.0000,26.7000,,,NA,NA,NA,NA,NA,NA,NA,NA,NA,NA,NA,NA,,NA,NA,NA,,NA,NA,NA,0,NA,1,NA,NA,NA,NA,NA,NA,NA,NA,NA,10.90,27.39,34.36,24.52,-11.39,REVERSAL,REVERSAL,REVERSAL,REVERSAL,CONTINUATION,12,FRIDAY,H08_13,NA,NO_CALENDAR_OBSERVE_ONLY,0
H1,134896bfc3b1161e,A_RECLAIM_CONTROL,SHORT,CLOSED,STOP,SWING_HIGH,c105bcc6868b9c5a,0,0,3.426933,2026-04-10T15:00:00,2026-04-10T16:00:00,4768.16,4782.44,4759.78,4771.89,4777.24,4777.24,4782.44,5.20,5.35,52.0000,53.5000,2026-04-10T16:00:00,2026-04-10T16:00:00.278,278,4771.92,4772.50,4771.92,0.58,5.8000,1,4783.32,4748.89,11.40,1147.6351,7.6351,2026-04-10T17:15:17.705,4782.85,4783.45,4783.45,STOP,0,0,4517,0,0.0000,1,-1153.0000,-1160.6351,-1.004675,0.006653,-1.011328,6.44,11.53,0.561154,1.004675,-3.22,9.53,11.65,100.34,57.22,CONTINUATION,REVERSAL,REVERSAL,REVERSAL,REVERSAL,16,FRIDAY,H13_17,GE5,NO_CALENDAR_OBSERVE_ONLY,0
H1,134896bfc3b1161e,B_NEXT_BAR_CONFIRM,SHORT,EXPIRED,CONFIRMATION_FAILED,SWING_HIGH,c105bcc6868b9c5a,0,0,3.426933,2026-04-10T15:00:00,2026-04-10T16:00:00,4768.16,4782.44,4759.78,4771.89,4777.24,4777.24,4782.44,5.20,5.35,52.0000,53.5000,,,NA,NA,NA,NA,NA,NA,NA,NA,NA,NA,NA,NA,,NA,NA,NA,,NA,NA,NA,0,NA,1,NA,NA,NA,NA,NA,NA,NA,NA,NA,-3.22,9.53,11.65,100.34,57.22,CONTINUATION,REVERSAL,REVERSAL,REVERSAL,REVERSAL,16,FRIDAY,H13_17,NA,NO_CALENDAR_OBSERVE_ONLY,0
H1,214ec45001974dea,A_RECLAIM_CONTROL,LONG,EXPIRED,INVALID_STOP_GEOMETRY,PSL;SWING_LOW,4d1cc10c23b122c7;a39488992040fb01,0,0,2.335690,2026-04-10T23:00:00,2026-04-11T00:00:00,4759.52,4759.94,4740.81,4747.58,4747.57,4747.57,4740.81,6.76,0.01,67.6000,0.1000,2026-04-11T00:00:00,2026-04-13T01:00:06.245,NA,NA,NA,NA,NA,NA,NA,NA,NA,NA,NA,NA,,NA,NA,NA,,NA,NA,NA,0,NA,1,NA,NA,NA,NA,NA,NA,NA,NA,NA,-88.49,-51.94,-27.07,-13.87,-17.55,CONTINUATION,CONTINUATION,CONTINUATION,CONTINUATION,CONTINUATION,0,SATURDAY,H00_08,NA,NO_CALENDAR_OBSERVE_ONLY,0
H1,214ec45001974dea,B_NEXT_BAR_CONFIRM,LONG,EXPIRED,CONFIRMATION_FAILED,PSL;SWING_LOW,4d1cc10c23b122c7;a39488992040fb01,0,0,2.335690,2026-04-10T23:00:00,2026-04-11T00:00:00,4759.52,4759.94,4740.81,4747.58,4747.57,4747.57,4740.81,6.76,0.01,67.6000,0.1000,,,NA,NA,NA,NA,NA,NA,NA,NA,NA,NA,NA,NA,,NA,NA,NA,,NA,NA,NA,0,NA,1,NA,NA,NA,NA,NA,NA,NA,NA,NA,-88.49,-51.94,-27.07,-13.87,-17.55,CONTINUATION,CONTINUATION,CONTINUATION,CONTINUATION,CONTINUATION,0,SATURDAY,H00_08,NA,NO_CALENDAR_OBSERVE_ONLY,0
H1,6ef308e3f1338afe,A_RECLAIM_CONTROL,LONG,CLOSED,STOP,SWING_LOW,842017f26f84324e,0,0,0.834795,2026-04-13T13:00:00,2026-04-13T14:00:00,4714.65,4723.92,4708.29,4722.01,4708.60,4708.60,4708.29,0.31,13.41,3.1000,134.1000,2026-04-13T14:00:00,2026-04-13T14:00:00.009,9,4722.06,4722.61,4722.61,0.55,5.5000,1,4707.44,4753.18,15.17,1524.5562,7.5562,2026-04-13T14:41:12.296,4707.13,4707.73,4707.13,STOP,0,0,2472,0,0.0000,1,-1548.0000,-1555.5562,-1.015377,0.004956,-1.020334,6.50,15.48,0.426354,1.015377,-15.38,8.55,-7.44,20.29,55.25,CONTINUATION,REVERSAL,CONTINUATION,REVERSAL,REVERSAL,14,MONDAY,H13_17,GE5,NO_CALENDAR_OBSERVE_ONLY,0
H1,6ef308e3f1338afe,B_NEXT_BAR_CONFIRM,LONG,EXPIRED,CONFIRMATION_FAILED,SWING_LOW,842017f26f84324e,0,0,0.834795,2026-04-13T13:00:00,2026-04-13T14:00:00,4714.65,4723.92,4708.29,4722.01,4708.60,4708.60,4708.29,0.31,13.41,3.1000,134.1000,,,NA,NA,NA,NA,NA,NA,NA,NA,NA,NA,NA,NA,,NA,NA,NA,,NA,NA,NA,0,NA,1,NA,NA,NA,NA,NA,NA,NA,NA,NA,-15.38,8.55,-7.44,20.29,55.25,CONTINUATION,REVERSAL,CONTINUATION,REVERSAL,REVERSAL,14,MONDAY,H13_17,NA,NO_CALENDAR_OBSERVE_ONLY,0
H1,f17fa4326c4cc555,A_RECLAIM_CONTROL,SHORT,CLOSED,STOP,SWING_HIGH,2903806bff40379e,0,0,1.422644,2026-04-13T16:00:00,2026-04-13T17:00:00,4723.54,4744.51,4721.01,4730.56,4740.02,4740.02,4744.51,4.49,9.46,44.9000,94.6000,2026-04-13T17:00:00,2026-04-13T17:00:00.239,239,4730.52,4731.10,4730.52,0.58,5.8000,1,4745.39,4700.55,14.87,1494.5688,7.5688,2026-04-13T19:47:20.458,4745.10,4745.69,4745.69,STOP,0,0,10040,0,0.0000,1,-1517.0000,-1524.5688,-1.015008,0.005064,-1.020073,29.79,15.17,1.993217,1.015008,11.44,-2.48,-7.84,-39.27,-37.86,REVERSAL,CONTINUATION,CONTINUATION,CONTINUATION,CONTINUATION,17,MONDAY,H17_24,GE5,NO_CALENDAR_OBSERVE_ONLY,0
H1,f17fa4326c4cc555,B_NEXT_BAR_CONFIRM,SHORT,CLOSED,STOP,SWING_HIGH,2903806bff40379e,0,0,1.422644,2026-04-13T16:00:00,2026-04-13T17:00:00,4723.54,4744.51,4721.01,4730.56,4740.02,4740.02,4744.51,4.49,9.46,44.9000,94.6000,2026-04-13T18:00:00,2026-04-13T18:00:00.066,66,4719.16,4719.71,4719.16,0.55,5.5000,1,4745.36,4666.53,26.20,2627.5507,7.5507,2026-04-13T19:47:20.458,4745.10,4745.69,4745.69,STOP,0,0,6440,0,0.0000,1,-2653.0000,-2660.5507,-1.009686,0.002874,-1.012559,18.43,26.53,0.701414,1.009686,11.44,-2.48,-7.84,-39.27,-37.86,REVERSAL,CONTINUATION,CONTINUATION,CONTINUATION,CONTINUATION,17,MONDAY,H17_24,GE5,NO_CALENDAR_OBSERVE_ONLY,0
H1,b8b59ea3c279f731,A_RECLAIM_CONTROL,LONG,CLOSED,TP,SWING_LOW,baec46bea720ae03,0,0,1.660017,2026-04-13T18:00:00,2026-04-13T19:00:00,4719.16,4719.88,4700.13,4714.57,4703.51,4703.51,4700.13,3.38,11.06,33.8000,110.6000,2026-04-13T19:00:00,2026-04-13T19:00:00.537,537,4714.57,4715.14,4715.14,0.57,5.7000,1,4699.26,4747.13,15.88,1595.5442,7.5442,2026-04-13T20:22:33.390,4747.49,4748.08,4747.49,TP,0,0,4952,0,0.0000,1,3235.0000,3227.4558,2.027521,0.004728,2.022793,32.35,5.76,2.027521,0.361005,18.47,23.83,27.73,60.58,56.75,REVERSAL,REVERSAL,REVERSAL,REVERSAL,REVERSAL,19,MONDAY,H17_24,GE5,NO_CALENDAR_OBSERVE_ONLY,0
H1,b8b59ea3c279f731,B_NEXT_BAR_CONFIRM,LONG,EXPIRED,CONFIRMATION_CONFLICT,SWING_LOW,baec46bea720ae03,0,0,1.660017,2026-04-13T18:00:00,2026-04-13T19:00:00,4719.16,4719.88,4700.13,4714.57,4703.51,4703.51,4700.13,3.38,11.06,33.8000,110.6000,,,NA,NA,NA,NA,NA,NA,NA,NA,NA,NA,NA,NA,,NA,NA,NA,,NA,NA,NA,0,NA,1,NA,NA,NA,NA,NA,NA,NA,NA,NA,18.47,23.83,27.73,60.58,56.75,REVERSAL,REVERSAL,REVERSAL,REVERSAL,REVERSAL,19,MONDAY,H17_24,NA,NO_CALENDAR_OBSERVE_ONLY,0
H1,69afab2351365e81,A_RECLAIM_CONTROL,SHORT,CLOSED,STOP,SWING_HIGH,d25deb19237da6c5,0,0,1.875877,2026-04-13T19:00:00,2026-04-13T20:00:00,4714.57,4746.38,4709.38,4733.04,4744.51,4744.51,4746.38,1.87,11.47,18.7000,114.7000,2026-04-13T20:00:00,2026-04-13T20:00:00.326,326,4733.07,4733.62,4733.07,0.55,5.5000,1,4747.23,4704.52,14.16,1423.5729,7.5729,2026-04-13T20:22:32.464,4746.77,4747.36,4747.36,STOP,0,0,1352,0,0.0000,1,-1429.0000,-1436.5729,-1.003812,0.005320,-1.009132,6.97,14.29,0.489613,1.003812,3.01,-8.18,-24.96,-34.74,-61.60,REVERSAL,CONTINUATION,CONTINUATION,CONTINUATION,CONTINUATION,20,MONDAY,H17_24,GE5,NO_CALENDAR_OBSERVE_ONLY,0
H1,69afab2351365e81,B_NEXT_BAR_CONFIRM,SHORT,EXPIRED,CONFIRMATION_FAILED,SWING_HIGH,d25deb19237da6c5,0,0,1.875877,2026-04-13T19:00:00,2026-04-13T20:00:00,4714.57,4746.38,4709.38,4733.04,4744.51,4744.51,4746.38,1.87,11.47,18.7000,114.7000,,,NA,NA,NA,NA,NA,NA,NA,NA,NA,NA,NA,NA,,NA,NA,NA,,NA,NA,NA,0,NA,1,NA,NA,NA,NA,NA,NA,NA,NA,NA,3.01,-8.18,-24.96,-34.74,-61.60,REVERSAL,CONTINUATION,CONTINUATION,CONTINUATION,CONTINUATION,20,MONDAY,H17_24,NA,NO_CALENDAR_OBSERVE_ONLY,0
H1,8b7743efa5770744,A_RECLAIM_CONTROL,SHORT,CLOSED,STOP,SWING_HIGH,e0b16f533598432a,0,0,1.304984,2026-04-14T03:00:00,2026-04-14T04:00:00,4757.65,4775.73,4751.59,4769.83,4773.30,4773.30,4775.73,2.43,3.47,24.3000,34.7000,2026-04-14T04:00:00,2026-04-14T04:00:00.021,21,4769.82,4770.49,4769.82,0.67,6.7000,1,4776.70,4755.83,6.88,695.6317,7.6317,2026-04-14T04:09:08.724,4776.09,4776.76,4776.76,STOP,0,0,548,0,0.0000,1,-694.0000,-701.6317,-0.997654,0.010971,-1.008625,6.75,6.94,0.970341,0.997654,4.91,2.05,9.87,1.41,-71.25,REVERSAL,REVERSAL,REVERSAL,REVERSAL,CONTINUATION,4,TUESDAY,H00_08,GE5,NO_CALENDAR_OBSERVE_ONLY,0
H1,8b7743efa5770744,B_NEXT_BAR_CONFIRM,SHORT,EXPIRED,CONFIRMATION_FAILED,SWING_HIGH,e0b16f533598432a,0,0,1.304984,2026-04-14T03:00:00,2026-04-14T04:00:00,4757.65,4775.73,4751.59,4769.83,4773.30,4773.30,4775.73,2.43,3.47,24.3000,34.7000,,,NA,NA,NA,NA,NA,NA,NA,NA,NA,NA,NA,NA,,NA,NA,NA,,NA,NA,NA,0,NA,1,NA,NA,NA,NA,NA,NA,NA,NA,NA,4.91,2.05,9.87,1.41,-71.25,REVERSAL,REVERSAL,REVERSAL,REVERSAL,CONTINUATION,4,TUESDAY,H00_08,NA,NO_CALENDAR_OBSERVE_ONLY,0
H1,9c7b66e737144131,A_RECLAIM_CONTROL,SHORT,CLOSED,STOP,SWING_HIGH,6881ff8430f9e94b,0,0,3.086495,2026-04-14T10:00:00,2026-04-14T11:00:00,4782.01,4796.63,4767.65,4777.26,4795.07,4795.07,4796.63,1.56,17.81,15.6000,178.1000,2026-04-14T11:00:00,2026-04-14T11:00:00.266,266,4777.24,4777.84,4777.24,0.60,6.0000,1,4797.53,4736.43,20.29,2036.6436,7.6436,2026-04-14T16:37:42.445,4797.05,4797.65,4797.65,STOP,0,0,20262,0,0.0000,1,-2041.0000,-2048.6436,-1.002139,0.003753,-1.005892,25.27,20.41,1.240767,1.002139,-9.15,8.84,5.94,-57.89,-47.64,CONTINUATION,REVERSAL,REVERSAL,CONTINUATION,CONTINUATION,11,TUESDAY,H08_13,GE5,NO_CALENDAR_OBSERVE_ONLY,0
H1,9c7b66e737144131,B_NEXT_BAR_CONFIRM,SHORT,EXPIRED,CONFIRMATION_FAILED,SWING_HIGH,6881ff8430f9e94b,0,0,3.086495,2026-04-14T10:00:00,2026-04-14T11:00:00,4782.01,4796.63,4767.65,4777.26,4795.07,4795.07,4796.63,1.56,17.81,15.6000,178.1000,,,NA,NA,NA,NA,NA,NA,NA,NA,NA,NA,NA,NA,,NA,NA,NA,,NA,NA,NA,0,NA,1,NA,NA,NA,NA,NA,NA,NA,NA,NA,-9.15,8.84,5.94,-57.89,-47.64,CONTINUATION,REVERSAL,REVERSAL,CONTINUATION,CONTINUATION,11,TUESDAY,H08_13,NA,NO_CALENDAR_OBSERVE_ONLY,0
H1,dd2006fbc28aface,A_RECLAIM_CONTROL,LONG,CLOSED,TP,SWING_LOW,54c4ceeb2e9af250,0,0,1.015918,2026-04-14T13:00:00,2026-04-14T14:00:00,4778.30,4788.04,4751.37,4768.42,4757.94,4757.94,4751.37,6.57,10.48,65.7000,104.8000,2026-04-14T14:00:00,2026-04-14T14:00:00.181,181,4768.40,4768.99,4768.99,0.59,5.9000,1,4750.48,4806.24,18.51,1858.6304,7.6304,2026-04-14T17:19:46.986,4806.62,4807.22,4806.62,TP,0,0,11986,0,0.0000,1,3763.0000,3755.3696,2.024609,0.004105,2.020504,37.63,6.67,2.024609,0.358866,6.46,26.22,39.74,72.66,42.75,REVERSAL,REVERSAL,REVERSAL,REVERSAL,REVERSAL,14,TUESDAY,H13_17,GE5,NO_CALENDAR_OBSERVE_ONLY,0
H1,dd2006fbc28aface,B_NEXT_BAR_CONFIRM,LONG,EXPIRED,CONFIRMATION_FAILED,SWING_LOW,54c4ceeb2e9af250,0,0,1.015918,2026-04-14T13:00:00,2026-04-14T14:00:00,4778.30,4788.04,4751.37,4768.42,4757.94,4757.94,4751.37,6.57,10.48,65.7000,104.8000,,,NA,NA,NA,NA,NA,NA,NA,NA,NA,NA,NA,NA,,NA,NA,NA,,NA,NA,NA,0,NA,1,NA,NA,NA,NA,NA,NA,NA,NA,NA,6.46,26.22,39.74,72.66,42.75,REVERSAL,REVERSAL,REVERSAL,REVERSAL,REVERSAL,14,TUESDAY,H13_17,NA,NO_CALENDAR_OBSERVE_ONLY,0
H1,28079fcf8be44c79,A_RECLAIM_CONTROL,SHORT,CLOSED,STOP,SWING_HIGH,b58bc8f61585a04a,0,0,2.041144,2026-04-14T16:00:00,2026-04-14T17:00:00,4771.31,4803.68,4771.08,4794.64,4796.63,4796.63,4803.68,7.05,1.99,70.5000,19.9000,2026-04-14T17:00:00,2026-04-14T17:00:00.204,204,4794.73,4795.33,4794.73,0.60,6.0000,1,4804.58,4774.79,9.85,992.6716,7.6716,2026-04-14T17:19:46.270,4804.26,4804.86,4804.86,STOP,0,0,1186,0,0.0000,1,-1013.0000,-1020.6716,-1.020479,0.007728,-1.028207,1.01,10.13,0.101746,1.020479,-9.23,-15.59,-41.06,-40.78,-5.41,CONTINUATION,CONTINUATION,CONTINUATION,CONTINUATION,CONTINUATION,17,TUESDAY,H17_24,GE5,NO_CALENDAR_OBSERVE_ONLY,0
H1,28079fcf8be44c79,B_NEXT_BAR_CONFIRM,SHORT,EXPIRED,CONFIRMATION_FAILED,SWING_HIGH,b58bc8f61585a04a,0,0,2.041144,2026-04-14T16:00:00,2026-04-14T17:00:00,4771.31,4803.68,4771.08,4794.64,4796.63,4796.63,4803.68,7.05,1.99,70.5000,19.9000,,,NA,NA,NA,NA,NA,NA,NA,NA,NA,NA,NA,NA,,NA,NA,NA,,NA,NA,NA,0,NA,1,NA,NA,NA,NA,NA,NA,NA,NA,NA,-9.23,-15.59,-41.06,-40.78,-5.41,CONTINUATION,CONTINUATION,CONTINUATION,CONTINUATION,CONTINUATION,17,TUESDAY,H17_24,NA,NO_CALENDAR_OBSERVE_ONLY,0
H1,04fdeddba5d60a3e,A_RECLAIM_CONTROL,SHORT,CLOSED,STOP,SWING_HIGH,3107dd338307f9b4,0,0,0.502138,2026-04-14T17:00:00,2026-04-14T18:00:00,4794.73,4818.09,4793.12,4803.87,4807.16,4807.16,4818.09,10.93,3.29,109.3000,32.9000,2026-04-14T18:00:00,2026-04-14T18:00:00.040,40,4803.89,4804.44,4803.89,0.55,5.5000,1,4818.94,4773.55,15.05,1512.6862,7.6862,2026-04-14T19:27:20.697,4818.42,4819.01,4819.01,STOP,0,0,5240,0,0.0000,1,-1512.0000,-1519.6862,-0.999546,0.005081,-1.004628,12.11,15.12,0.800563,0.999546,-4.29,-31.28,-41.18,-43.22,-8.77,CONTINUATION,CONTINUATION,CONTINUATION,CONTINUATION,CONTINUATION,18,TUESDAY,H17_24,GE5,NO_CALENDAR_OBSERVE_ONLY,0
H1,04fdeddba5d60a3e,B_NEXT_BAR_CONFIRM,SHORT,EXPIRED,CONFIRMATION_FAILED,SWING_HIGH,3107dd338307f9b4,0,0,0.502138,2026-04-14T17:00:00,2026-04-14T18:00:00,4794.73,4818.09,4793.12,4803.87,4807.16,4807.16,4818.09,10.93,3.29,109.3000,32.9000,,,NA,NA,NA,NA,NA,NA,NA,NA,NA,NA,NA,NA,,NA,NA,NA,,NA,NA,NA,0,NA,1,NA,NA,NA,NA,NA,NA,NA,NA,NA,-4.29,-31.28,-41.18,-43.22,-8.77,CONTINUATION,CONTINUATION,CONTINUATION,CONTINUATION,CONTINUATION,18,TUESDAY,H17_24,NA,NO_CALENDAR_OBSERVE_ONLY,0
H1,cf19b91e40a44f52,A_RECLAIM_CONTROL,SHORT,CLOSED,STOP,PDH,c6a4db910b7529e4,0,0,NA,2026-04-15T01:00:00,2026-04-15T02:00:00,4839.41,4850.87,4833.16,4835.10,4846.26,4846.26,4850.87,4.61,11.16,46.1000,111.6000,2026-04-15T02:00:00,2026-04-15T02:00:00.006,6,4835.12,4836.02,4835.12,0.90,9.0000,1,4852.07,4800.98,16.95,1702.7362,7.7362,2026-04-15T04:11:58.041,4852.14,4852.81,4852.81,STOP,0,0,7918,0,0.0000,1,-1769.0000,-1776.7362,-1.038916,0.004543,-1.043459,7.32,17.69,0.429896,1.038916,-2.12,-11.99,11.07,16.71,35.34,CONTINUATION,CONTINUATION,REVERSAL,REVERSAL,REVERSAL,2,WEDNESDAY,H00_08,GE5,NO_CALENDAR_OBSERVE_ONLY,0
H1,cf19b91e40a44f52,B_NEXT_BAR_CONFIRM,SHORT,EXPIRED,CONFIRMATION_FAILED,PDH,c6a4db910b7529e4,0,0,NA,2026-04-15T01:00:00,2026-04-15T02:00:00,4839.41,4850.87,4833.16,4835.10,4846.26,4846.26,4850.87,4.61,11.16,46.1000,111.6000,,,NA,NA,NA,NA,NA,NA,NA,NA,NA,NA,NA,NA,,NA,NA,NA,,NA,NA,NA,0,NA,1,NA,NA,NA,NA,NA,NA,NA,NA,NA,-2.12,-11.99,11.07,16.71,35.34,CONTINUATION,CONTINUATION,REVERSAL,REVERSAL,REVERSAL,2,WEDNESDAY,H00_08,NA,NO_CALENDAR_OBSERVE_ONLY,0
H1,625176013dab6d8a,A_RECLAIM_CONTROL,SHORT,CLOSED,TP,SWING_HIGH,9ee718a10c0c8f34,0,0,5.502103,2026-04-15T04:00:00,2026-04-15T05:00:00,4835.31,4871.69,4828.16,4847.09,4850.87,4850.87,4871.69,20.82,3.78,208.2000,37.8000,2026-04-15T05:00:00,2026-04-15T05:00:00.175,175,4847.02,4847.69,4847.02,0.67,6.7000,1,4872.66,4795.50,25.64,2571.7552,7.7552,2026-04-15T12:11:40.177,4794.69,4795.29,4795.29,TP,0,0,25900,0,0.0000,1,5173.0000,5165.2448,2.011467,0.003016,2.008451,51.73,7.10,2.011467,0.276076,23.12,22.19,35.21,34.45,39.48,REVERSAL,REVERSAL,REVERSAL,REVERSAL,REVERSAL,5,WEDNESDAY,H00_08,GE5,NO_CALENDAR_OBSERVE_ONLY,0
H1,625176013dab6d8a,B_NEXT_BAR_CONFIRM,SHORT,CLOSED,STOP,SWING_HIGH,9ee718a10c0c8f34,0,0,5.502103,2026-04-15T04:00:00,2026-04-15T05:00:00,4835.31,4871.69,4828.16,4847.09,4850.87,4850.87,4871.69,20.82,3.78,208.2000,37.8000,2026-04-15T06:00:00,2026-04-15T06:00:00.287,287,4823.92,4824.53,4823.92,0.61,6.1000,1,4872.60,4726.32,48.68,4875.7183,7.7183,2026-04-17T16:10:53.865,4872.16,4872.74,4872.74,STOP,0,0,209453,4,187.6680,1,-4882.0000,-5077.3863,-1.001288,0.040073,-1.041362,55.61,48.82,1.140550,1.001288,23.12,22.19,35.21,34.45,39.48,REVERSAL,REVERSAL,REVERSAL,REVERSAL,REVERSAL,5,WEDNESDAY,H00_08,GE5,NO_CALENDAR_OBSERVE_ONLY,0
H1,7f4bd147509dbce1,A_RECLAIM_CONTROL,SHORT,CLOSED,STOP,SWING_HIGH,344d90a144ee0508,0,0,4.305005,2026-04-15T17:00:00,2026-04-15T18:00:00,4828.92,4830.66,4813.38,4815.54,4830.55,4830.55,4830.66,0.11,15.01,1.1000,150.1000,2026-04-15T18:00:00,2026-04-15T18:00:00.222,222,4815.53,4816.12,4815.53,0.59,5.9000,1,4831.55,4783.25,16.02,1609.7048,7.7048,2026-04-16T03:05:56.830,4830.91,4831.57,4831.57,STOP,0,0,32756,3,140.7510,1,-1604.0000,-1752.4558,-0.996456,0.092226,-1.088681,28.13,16.04,1.747525,0.996456,13.96,22.96,19.73,-2.39,-6.61,REVERSAL,REVERSAL,REVERSAL,CONTINUATION,CONTINUATION,18,WEDNESDAY,H17_24,GE5,NO_CALENDAR_OBSERVE_ONLY,0
H1,7f4bd147509dbce1,B_NEXT_BAR_CONFIRM,SHORT,CLOSED,STOP,SWING_HIGH,344d90a144ee0508,0,0,4.305005,2026-04-15T17:00:00,2026-04-15T18:00:00,4828.92,4830.66,4813.38,4815.54,4830.55,4830.55,4830.66,0.11,15.01,1.1000,150.1000,2026-04-15T19:00:00,2026-04-15T19:00:00.133,133,4801.60,4802.17,4801.60,0.57,5.7000,1,4831.53,4741.50,29.93,3000.6826,7.6826,2026-04-16T03:05:56.804,4830.88,4831.54,4831.54,STOP,0,0,29156,3,140.7510,1,-2994.0000,-3142.4336,-0.997773,0.049467,-1.047240,12.68,29.94,0.422571,0.997773,13.96,22.96,19.73,-2.39,-6.61,REVERSAL,REVERSAL,REVERSAL,CONTINUATION,CONTINUATION,18,WEDNESDAY,H17_24,GE5,NO_CALENDAR_OBSERVE_ONLY,0
H1,d79a665a40cf1671,A_RECLAIM_CONTROL,SHORT,CLOSED,TP,SWING_HIGH,9b234ade2b5d1192,0,0,2.845486,2026-04-16T08:00:00,2026-04-16T09:00:00,4833.08,4838.36,4821.05,4821.27,4837.69,4837.69,4838.36,0.67,16.42,6.7000,164.2000,2026-04-16T09:00:00,2026-04-16T09:00:00.154,154,4821.26,4822.13,4821.26,0.87,8.7000,1,4839.53,4784.48,18.27,1834.7140,7.7140,2026-04-16T17:40:49.323,4783.86,4784.46,4784.46,TP,0,0,31249,0,0.0000,1,3680.0000,3672.2860,2.005762,0.004204,2.001558,36.80,10.26,2.005762,0.559215,-4.80,7.47,4.03,14.28,36.67,CONTINUATION,REVERSAL,REVERSAL,REVERSAL,REVERSAL,9,THURSDAY,H08_13,GE5,NO_CALENDAR_OBSERVE_ONLY,0
H1,d79a665a40cf1671,B_NEXT_BAR_CONFIRM,SHORT,EXPIRED,CONFIRMATION_FAILED,SWING_HIGH,9b234ade2b5d1192,0,0,2.845486,2026-04-16T08:00:00,2026-04-16T09:00:00,4833.08,4838.36,4821.05,4821.27,4837.69,4837.69,4838.36,0.67,16.42,6.7000,164.2000,,,NA,NA,NA,NA,NA,NA,NA,NA,NA,NA,NA,NA,,NA,NA,NA,,NA,NA,NA,0,NA,1,NA,NA,NA,NA,NA,NA,NA,NA,NA,-4.80,7.47,4.03,14.28,36.67,CONTINUATION,REVERSAL,REVERSAL,REVERSAL,REVERSAL,9,THURSDAY,H08_13,NA,NO_CALENDAR_OBSERVE_ONLY,0
H1,4e6b27e6c38e022e,A_RECLAIM_CONTROL,LONG,CLOSED,STOP,SWING_LOW,005c541e62dae937,0,0,2.469097,2026-04-16T16:00:00,2026-04-16T17:00:00,4816.20,4824.01,4784.31,4795.42,4787.50,4787.50,4784.31,3.19,7.92,31.9000,79.2000,2026-04-16T17:00:00,2026-04-16T17:00:00.002,2,4795.33,4795.93,4795.93,0.60,6.0000,1,4783.41,4821.21,12.52,1259.6735,7.6735,2026-04-16T17:40:49.375,4783.34,4783.94,4783.34,STOP,0,0,2449,0,0.0000,1,-1259.0000,-1266.6735,-0.999465,0.006092,-1.005557,9.55,12.59,0.758133,0.999465,-6.66,-3.41,-5.82,-0.59,-8.07,CONTINUATION,CONTINUATION,CONTINUATION,CONTINUATION,CONTINUATION,17,THURSDAY,H17_24,GE5,NO_CALENDAR_OBSERVE_ONLY,0
H1,4e6b27e6c38e022e,B_NEXT_BAR_CONFIRM,LONG,EXPIRED,CONFIRMATION_FAILED,SWING_LOW,005c541e62dae937,0,0,2.469097,2026-04-16T16:00:00,2026-04-16T17:00:00,4816.20,4824.01,4784.31,4795.42,4787.50,4787.50,4784.31,3.19,7.92,31.9000,79.2000,,,NA,NA,NA,NA,NA,NA,NA,NA,NA,NA,NA,NA,,NA,NA,NA,,NA,NA,NA,0,NA,1,NA,NA,NA,NA,NA,NA,NA,NA,NA,-6.66,-3.41,-5.82,-0.59,-8.07,CONTINUATION,CONTINUATION,CONTINUATION,CONTINUATION,CONTINUATION,17,THURSDAY,H17_24,NA,NO_CALENDAR_OBSERVE_ONLY,0
H1,55088cb2fd8eef22,A_RECLAIM_CONTROL,SHORT,CLOSED,TP,SWING_HIGH,fc5dfa1f8c100de6,0,0,1.086170,2026-04-17T03:00:00,2026-04-17T04:00:00,4791.99,4801.12,4785.84,4794.83,4798.63,4798.63,4801.12,2.49,3.80,24.9000,38.0000,2026-04-17T04:00:00,2026-04-17T04:00:00.269,269,4794.84,4795.51,4794.84,0.67,6.7000,1,4802.09,4780.10,7.25,732.6717,7.6717,2026-04-17T04:11:37.284,4779.29,4779.96,4779.96,TP,0,0,697,0,0.0000,1,1488.0000,1480.3283,2.030923,0.010471,2.020452,14.88,1.53,2.030923,0.208825,5.34,1.55,0.61,7.48,-35.03,REVERSAL,REVERSAL,REVERSAL,REVERSAL,CONTINUATION,4,FRIDAY,H00_08,GE5,NO_CALENDAR_OBSERVE_ONLY,0
H1,55088cb2fd8eef22,B_NEXT_BAR_CONFIRM,SHORT,EXPIRED,CONFIRMATION_CONFLICT,SWING_HIGH,fc5dfa1f8c100de6,0,0,1.086170,2026-04-17T03:00:00,2026-04-17T04:00:00,4791.99,4801.12,4785.84,4794.83,4798.63,4798.63,4801.12,2.49,3.80,24.9000,38.0000,,,NA,NA,NA,NA,NA,NA,NA,NA,NA,NA,NA,NA,,NA,NA,NA,,NA,NA,NA,0,NA,1,NA,NA,NA,NA,NA,NA,NA,NA,NA,5.34,1.55,0.61,7.48,-35.03,REVERSAL,REVERSAL,REVERSAL,REVERSAL,CONTINUATION,4,FRIDAY,H00_08,NA,NO_CALENDAR_OBSERVE_ONLY,0
H1,c310c61b13348cc5,A_RECLAIM_CONTROL,LONG,CLOSED,TP,SWING_LOW,1bd2d367e15bba54,0,0,0.925577,2026-04-17T04:00:00,2026-04-17T05:00:00,4794.84,4795.70,4767.64,4789.49,4784.50,4784.50,4767.64,16.86,4.99,168.6000,49.9000,2026-04-17T05:00:00,2026-04-17T05:00:00.357,357,4789.46,4790.13,4790.13,0.67,6.7000,1,4766.67,4837.28,23.46,2353.6642,7.6642,2026-04-17T15:48:12.540,4837.29,4837.89,4837.29,TP,0,0,38892,0,0.0000,1,4716.0000,4708.3358,2.003684,0.003256,2.000428,47.16,11.31,2.003684,0.480527,-4.89,13.65,-4.44,9.69,-10.26,CONTINUATION,REVERSAL,CONTINUATION,REVERSAL,CONTINUATION,5,FRIDAY,H00_08,GE5,NO_CALENDAR_OBSERVE_ONLY,0
H1,c310c61b13348cc5,B_NEXT_BAR_CONFIRM,LONG,EXPIRED,CONFIRMATION_FAILED,SWING_LOW,1bd2d367e15bba54,0,0,0.925577,2026-04-17T04:00:00,2026-04-17T05:00:00,4794.84,4795.70,4767.64,4789.49,4784.50,4784.50,4767.64,16.86,4.99,168.6000,49.9000,,,NA,NA,NA,NA,NA,NA,NA,NA,NA,NA,NA,NA,,NA,NA,NA,,NA,NA,NA,0,NA,1,NA,NA,NA,NA,NA,NA,NA,NA,NA,-4.89,13.65,-4.44,9.69,-10.26,CONTINUATION,REVERSAL,CONTINUATION,REVERSAL,CONTINUATION,5,FRIDAY,H00_08,NA,NO_CALENDAR_OBSERVE_ONLY,0
H1,8ae41ca7fb8b8498,A_RECLAIM_CONTROL,SHORT,CLOSED,STOP,SWING_HIGH,2b853bfe74c551f7,0,0,2.529381,2026-04-17T14:00:00,2026-04-17T15:00:00,4787.62,4811.73,4783.60,4799.18,4806.23,4806.23,4811.73,5.50,7.05,55.0000,70.5000,2026-04-17T15:00:00,2026-04-17T15:00:00.267,267,4799.22,4799.79,4799.22,0.57,5.7000,1,4812.60,4772.22,13.38,1345.6788,7.6788,2026-04-17T15:24:42.003,4812.03,4812.63,4812.63,STOP,0,0,1481,0,0.0000,1,-1341.0000,-1348.6788,-0.996523,0.005706,-1.002229,0.94,13.41,0.069853,0.996523,-47.24,-73.98,-67.86,19.95,2.96,CONTINUATION,CONTINUATION,CONTINUATION,REVERSAL,REVERSAL,15,FRIDAY,H13_17,GE5,NO_CALENDAR_OBSERVE_ONLY,0
H1,8ae41ca7fb8b8498,B_NEXT_BAR_CONFIRM,SHORT,EXPIRED,CONFIRMATION_FAILED,SWING_HIGH,2b853bfe74c551f7,0,0,2.529381,2026-04-17T14:00:00,2026-04-17T15:00:00,4787.62,4811.73,4783.60,4799.18,4806.23,4806.23,4811.73,5.50,7.05,55.0000,70.5000,,,NA,NA,NA,NA,NA,NA,NA,NA,NA,NA,NA,NA,,NA,NA,NA,,NA,NA,NA,0,NA,1,NA,NA,NA,NA,NA,NA,NA,NA,NA,-47.24,-73.98,-67.86,19.95,2.96,CONTINUATION,CONTINUATION,CONTINUATION,REVERSAL,REVERSAL,15,FRIDAY,H13_17,NA,NO_CALENDAR_OBSERVE_ONLY,0
H1,dd2d519b561fb944,A_RECLAIM_CONTROL,LONG,CLOSED,STOP,SWING_LOW,f31c9a9a7c277dbd,0,0,1.827376,2026-04-20T01:00:00,2026-04-20T02:00:00,4791.96,4795.20,4757.99,4779.23,4778.82,4778.82,4757.99,20.83,0.41,208.3000,4.1000,2026-04-20T02:00:00,2026-04-20T02:00:00.255,255,4779.24,4780.14,4780.14,0.90,9.0000,1,4756.79,4827.07,23.35,2342.6482,7.6482,2026-04-20T02:43:13.715,4756.53,4757.43,4756.53,STOP,0,0,2593,0,0.0000,1,-2361.0000,-2368.6482,-1.007834,0.003265,-1.011099,-0.69,23.61,-0.029454,1.007834,-24.19,28.58,11.67,16.99,34.87,CONTINUATION,REVERSAL,REVERSAL,REVERSAL,REVERSAL,2,MONDAY,H00_08,GE5,NO_CALENDAR_OBSERVE_ONLY,0
H1,dd2d519b561fb944,B_NEXT_BAR_CONFIRM,LONG,EXPIRED,CONFIRMATION_FAILED,SWING_LOW,f31c9a9a7c277dbd,0,0,1.827376,2026-04-20T01:00:00,2026-04-20T02:00:00,4791.96,4795.20,4757.99,4779.23,4778.82,4778.82,4757.99,20.83,0.41,208.3000,4.1000,,,NA,NA,NA,NA,NA,NA,NA,NA,NA,NA,NA,NA,,NA,NA,NA,,NA,NA,NA,0,NA,1,NA,NA,NA,NA,NA,NA,NA,NA,NA,-24.19,28.58,11.67,16.99,34.87,CONTINUATION,REVERSAL,REVERSAL,REVERSAL,REVERSAL,2,MONDAY,H00_08,NA,NO_CALENDAR_OBSERVE_ONLY,0
H1,99cd12d15014712a,A_RECLAIM_CONTROL,LONG,CLOSED,TP,SWING_LOW,5e028893fe193281,0,0,2.308367,2026-04-20T02:00:00,2026-04-20T03:00:00,4779.24,4779.45,4737.00,4755.04,4751.37,4751.37,4737.00,14.37,3.67,143.7000,36.7000,2026-04-20T03:00:00,2026-04-20T03:00:00.041,41,4755.11,4755.78,4755.78,0.67,6.7000,1,4736.03,4795.51,19.75,1982.6092,7.6092,2026-04-20T04:23:02.832,4795.52,4796.19,4795.52,TP,0,0,4982,0,0.0000,1,3974.0000,3966.3908,2.004429,0.003838,2.000591,39.74,11.04,2.004429,0.556842,17.71,42.18,33.86,36.54,59.12,REVERSAL,REVERSAL,REVERSAL,REVERSAL,REVERSAL,3,MONDAY,H00_08,GE5,NO_CALENDAR_OBSERVE_ONLY,0
H1,99cd12d15014712a,B_NEXT_BAR_CONFIRM,LONG,EXPIRED,CONFIRMATION_FAILED,SWING_LOW,5e028893fe193281,0,0,2.308367,2026-04-20T02:00:00,2026-04-20T03:00:00,4779.24,4779.45,4737.00,4755.04,4751.37,4751.37,4737.00,14.37,3.67,143.7000,36.7000,,,NA,NA,NA,NA,NA,NA,NA,NA,NA,NA,NA,NA,,NA,NA,NA,,NA,NA,NA,0,NA,1,NA,NA,NA,NA,NA,NA,NA,NA,NA,17.71,42.18,33.86,36.54,59.12,REVERSAL,REVERSAL,REVERSAL,REVERSAL,REVERSAL,3,MONDAY,H00_08,NA,NO_CALENDAR_OBSERVE_ONLY,0
H1,7c7f633a1f6d58ff,A_RECLAIM_CONTROL,SHORT,CLOSED,STOP,SWING_HIGH,a3d9b9e9c463e42f,0,0,3.157778,2026-04-20T15:00:00,2026-04-20T16:00:00,4810.54,4822.30,4799.06,4803.44,4814.37,4814.37,4822.30,7.93,10.93,79.3000,109.3000,2026-04-20T16:00:00,2026-04-20T16:00:00.037,37,4803.45,4804.05,4803.45,0.60,6.0000,1,4823.20,4763.71,19.75,1982.6855,7.6855,2026-04-20T16:29:26.846,4822.80,4823.40,4823.40,STOP,0,0,1766,0,0.0000,1,-1995.0000,-2002.6855,-1.006211,0.003876,-1.010087,3.21,19.95,0.161902,1.006211,-14.42,3.75,-3.36,-18.39,19.73,CONTINUATION,REVERSAL,CONTINUATION,CONTINUATION,REVERSAL,16,MONDAY,H13_17,GE5,NO_CALENDAR_OBSERVE_ONLY,0
H1,7c7f633a1f6d58ff,B_NEXT_BAR_CONFIRM,SHORT,EXPIRED,CONFIRMATION_FAILED,SWING_HIGH,a3d9b9e9c463e42f,0,0,3.157778,2026-04-20T15:00:00,2026-04-20T16:00:00,4810.54,4822.30,4799.06,4803.44,4814.37,4814.37,4822.30,7.93,10.93,79.3000,109.3000,,,NA,NA,NA,NA,NA,NA,NA,NA,NA,NA,NA,NA,,NA,NA,NA,,NA,NA,NA,0,NA,1,NA,NA,NA,NA,NA,NA,NA,NA,NA,-14.42,3.75,-3.36,-18.39,19.73,CONTINUATION,REVERSAL,CONTINUATION,CONTINUATION,REVERSAL,16,MONDAY,H13_17,NA,NO_CALENDAR_OBSERVE_ONLY,0
H1,e1ec9f371acd0406,A_RECLAIM_CONTROL,LONG,CLOSED,STOP,SWING_LOW,04b33ff0d38425d3,0,0,1.106735,2026-04-21T08:00:00,2026-04-21T09:00:00,4789.02,4796.91,4783.19,4784.06,4783.46,4783.46,4783.19,0.27,0.60,2.7000,6.0000,2026-04-21T09:00:00,2026-04-21T09:00:00.538,538,4783.92,4784.57,4784.57,0.65,6.5000,1,4782.24,4789.46,2.33,240.6553,7.6553,2026-04-21T09:00:09.150,4782.18,4782.83,4782.18,STOP,0,0,8,0,0.0000,1,-239.0000,-246.6553,-0.993122,0.031810,-1.024932,0.83,2.39,0.344892,0.993122,-5.30,1.91,5.70,-42.47,-28.35,CONTINUATION,REVERSAL,REVERSAL,CONTINUATION,CONTINUATION,9,TUESDAY,H08_13,GE5,NO_CALENDAR_OBSERVE_ONLY,0
H1,e1ec9f371acd0406,B_NEXT_BAR_CONFIRM,LONG,EXPIRED,CONFIRMATION_FAILED,SWING_LOW,04b33ff0d38425d3,0,0,1.106735,2026-04-21T08:00:00,2026-04-21T09:00:00,4789.02,4796.91,4783.19,4784.06,4783.46,4783.46,4783.19,0.27,0.60,2.7000,6.0000,,,NA,NA,NA,NA,NA,NA,NA,NA,NA,NA,NA,NA,,NA,NA,NA,,NA,NA,NA,0,NA,1,NA,NA,NA,NA,NA,NA,NA,NA,NA,-5.30,1.91,5.70,-42.47,-28.35,CONTINUATION,REVERSAL,REVERSAL,CONTINUATION,CONTINUATION,9,TUESDAY,H08_13,NA,NO_CALENDAR_OBSERVE_ONLY,0
H1,7bd5969a8c846b2c,A_RECLAIM_CONTROL,LONG,CLOSED,STOP,SWING_LOW,d7c317cf1380d954,0,0,3.862861,2026-04-21T15:00:00,2026-04-21T16:00:00,4794.64,4796.93,4766.33,4778.78,4772.59,4772.59,4766.33,6.26,6.19,62.6000,61.9000,2026-04-21T16:00:00,2026-04-21T16:00:00.003,3,4778.79,4779.39,4779.39,0.60,6.0000,1,4765.43,4807.54,13.96,1403.6470,7.6470,2026-04-21T16:14:57.492,4765.33,4765.93,4765.33,STOP,0,0,897,0,0.0000,1,-1406.0000,-1413.6470,-1.001676,0.005448,-1.007124,4.40,14.06,0.313469,1.001676,0.28,-37.19,-67.55,-40.78,-23.57,REVERSAL,CONTINUATION,CONTINUATION,CONTINUATION,CONTINUATION,16,TUESDAY,H13_17,GE5,NO_CALENDAR_OBSERVE_ONLY,0
H1,7bd5969a8c846b2c,B_NEXT_BAR_CONFIRM,LONG,EXPIRED,CONFIRMATION_FAILED,SWING_LOW,d7c317cf1380d954,0,0,3.862861,2026-04-21T15:00:00,2026-04-21T16:00:00,4794.64,4796.93,4766.33,4778.78,4772.59,4772.59,4766.33,6.26,6.19,62.6000,61.9000,,,NA,NA,NA,NA,NA,NA,NA,NA,NA,NA,NA,NA,,NA,NA,NA,,NA,NA,NA,0,NA,1,NA,NA,NA,NA,NA,NA,NA,NA,NA,0.28,-37.19,-67.55,-40.78,-23.57,REVERSAL,CONTINUATION,CONTINUATION,CONTINUATION,CONTINUATION,16,TUESDAY,H13_17,NA,NO_CALENDAR_OBSERVE_ONLY,0
H1,835e7e75ecac719d,A_RECLAIM_CONTROL,LONG,CLOSED,STOP,PDL;SWING_LOW,0a2bf562cce5f78a;504ed1a091db381b,0,0,5.856256,2026-04-21T17:00:00,2026-04-21T18:00:00,4779.01,4782.60,4723.47,4739.04,4737.00,4737.00,4723.47,13.53,2.04,135.3000,20.4000,2026-04-21T18:00:00,2026-04-21T18:00:00.002,2,4739.06,4739.66,4739.66,0.60,6.0000,1,4722.57,4774.07,17.09,1716.5835,7.5835,2026-04-21T19:28:31.425,4722.50,4723.06,4722.50,STOP,0,0,5311,0,0.0000,1,-1716.0000,-1723.5835,-0.999660,0.004418,-1.004078,18.07,17.16,1.052672,0.999660,2.55,-27.81,-59.53,13.14,11.38,REVERSAL,CONTINUATION,CONTINUATION,REVERSAL,REVERSAL,18,TUESDAY,H17_24,GE5,NO_CALENDAR_OBSERVE_ONLY,0
H1,835e7e75ecac719d,B_NEXT_BAR_CONFIRM,LONG,EXPIRED,CONFIRMATION_FAILED,PDL;SWING_LOW,0a2bf562cce5f78a;504ed1a091db381b,0,0,5.856256,2026-04-21T17:00:00,2026-04-21T18:00:00,4779.01,4782.60,4723.47,4739.04,4737.00,4737.00,4723.47,13.53,2.04,135.3000,20.4000,,,NA,NA,NA,NA,NA,NA,NA,NA,NA,NA,NA,NA,,NA,NA,NA,,NA,NA,NA,0,NA,1,NA,NA,NA,NA,NA,NA,NA,NA,NA,2.55,-27.81,-59.53,13.14,11.38,REVERSAL,CONTINUATION,CONTINUATION,REVERSAL,REVERSAL,18,TUESDAY,H17_24,NA,NO_CALENDAR_OBSERVE_ONLY,0
H1,58ceed46146a4fe0,A_RECLAIM_CONTROL,LONG,CLOSED,STOP,SWING_LOW,4bc8bcf5913c0040,0,0,1.924988,2026-04-21T20:00:00,2026-04-21T21:00:00,4710.99,4722.16,4697.02,4711.23,4700.13,4700.13,4697.02,3.11,11.10,31.1000,111.0000,2026-04-21T21:00:00,2026-04-21T21:00:00.008,8,4711.21,4711.77,4711.77,0.56,5.6000,1,4696.16,4743.22,15.61,1568.5388,7.5388,2026-04-21T21:16:36.176,4696.12,4696.97,4696.12,STOP,0,0,996,0,0.0000,1,-1565.0000,-1572.5388,-0.997744,0.004806,-1.002550,3.02,15.65,0.192536,0.997744,-1.99,8.29,26.77,43.35,24.61,CONTINUATION,REVERSAL,REVERSAL,REVERSAL,REVERSAL,21,TUESDAY,H17_24,GE5,NO_CALENDAR_OBSERVE_ONLY,0
H1,58ceed46146a4fe0,B_NEXT_BAR_CONFIRM,LONG,EXPIRED,CONFIRMATION_FAILED,SWING_LOW,4bc8bcf5913c0040,0,0,1.924988,2026-04-21T20:00:00,2026-04-21T21:00:00,4710.99,4722.16,4697.02,4711.23,4700.13,4700.13,4697.02,3.11,11.10,31.1000,111.0000,,,NA,NA,NA,NA,NA,NA,NA,NA,NA,NA,NA,NA,,NA,NA,NA,,NA,NA,NA,0,NA,1,NA,NA,NA,NA,NA,NA,NA,NA,NA,-1.99,8.29,26.77,43.35,24.61,CONTINUATION,REVERSAL,REVERSAL,REVERSAL,REVERSAL,21,TUESDAY,H17_24,NA,NO_CALENDAR_OBSERVE_ONLY,0
H1,bcc320eaabef67ba,A_RECLAIM_CONTROL,LONG,CLOSED,STOP,SWING_LOW,4890d79dc130628d,0,0,2.341955,2026-04-22T11:00:00,2026-04-22T12:00:00,4760.57,4762.27,4751.79,4757.06,4752.18,4752.18,4751.79,0.39,4.88,3.9000,48.8000,2026-04-22T12:00:00,2026-04-22T12:00:00.266,266,4757.07,4757.67,4757.67,0.60,6.0000,1,4750.89,4771.46,6.78,685.6123,7.6123,2026-04-22T13:02:57.658,4750.85,4751.45,4750.85,STOP,0,0,3777,0,0.0000,1,-682.0000,-689.6123,-0.994731,0.011103,-1.005834,4.78,6.82,0.697187,0.994731,-1.85,-6.64,-4.10,-15.39,-43.56,CONTINUATION,CONTINUATION,CONTINUATION,CONTINUATION,CONTINUATION,12,WEDNESDAY,H08_13,GE5,NO_CALENDAR_OBSERVE_ONLY,0
H1,bcc320eaabef67ba,B_NEXT_BAR_CONFIRM,LONG,EXPIRED,CONFIRMATION_FAILED,SWING_LOW,4890d79dc130628d,0,0,2.341955,2026-04-22T11:00:00,2026-04-22T12:00:00,4760.57,4762.27,4751.79,4757.06,4752.18,4752.18,4751.79,0.39,4.88,3.9000,48.8000,,,NA,NA,NA,NA,NA,NA,NA,NA,NA,NA,NA,NA,,NA,NA,NA,,NA,NA,NA,0,NA,1,NA,NA,NA,NA,NA,NA,NA,NA,NA,-1.85,-6.64,-4.10,-15.39,-43.56,CONTINUATION,CONTINUATION,CONTINUATION,CONTINUATION,CONTINUATION,12,WEDNESDAY,H08_13,NA,NO_CALENDAR_OBSERVE_ONLY,0
H1,0e1364bd4a603706,A_RECLAIM_CONTROL,LONG,CLOSED,STOP,PSL;SWING_LOW,b318b6349babd524;b7acea6e83b3b9d9,0,0,2.093066,2026-04-23T02:00:00,2026-04-23T03:00:00,4726.01,4729.88,4723.59,4727.82,4723.86,4723.86,4723.59,0.27,3.96,2.7000,39.6000,2026-04-23T03:00:00,2026-04-23T03:00:00.059,59,4727.77,4728.44,4728.44,0.67,6.7000,1,4722.62,4740.31,5.82,589.5655,7.5655,2026-04-23T03:01:04.327,4722.35,4723.02,4722.35,STOP,0,0,64,0,0.0000,1,-609.0000,-616.5655,-1.032964,0.012832,-1.045796,-0.23,6.09,-0.039012,1.032964,20.26,-28.92,-23.45,-30.31,-31.80,REVERSAL,CONTINUATION,CONTINUATION,CONTINUATION,CONTINUATION,3,THURSDAY,H00_08,GE5,NO_CALENDAR_OBSERVE_ONLY,0
H1,0e1364bd4a603706,B_NEXT_BAR_CONFIRM,LONG,EXPIRED,CONFIRMATION_CONFLICT,PSL;SWING_LOW,b318b6349babd524;b7acea6e83b3b9d9,0,0,2.093066,2026-04-23T02:00:00,2026-04-23T03:00:00,4726.01,4729.88,4723.59,4727.82,4723.86,4723.86,4723.59,0.27,3.96,2.7000,39.6000,,,NA,NA,NA,NA,NA,NA,NA,NA,NA,NA,NA,NA,,NA,NA,NA,,NA,NA,NA,0,NA,1,NA,NA,NA,NA,NA,NA,NA,NA,NA,20.26,-28.92,-23.45,-30.31,-31.80,REVERSAL,CONTINUATION,CONTINUATION,CONTINUATION,CONTINUATION,3,THURSDAY,H00_08,NA,NO_CALENDAR_OBSERVE_ONLY,0
H1,18958cf83f65cbac,A_RECLAIM_CONTROL,LONG,CLOSED,STOP,SWING_LOW,8a886905a7c3eac0,0,0,2.761247,2026-04-23T08:00:00,2026-04-23T09:00:00,4704.41,4715.14,4692.36,4713.50,4694.19,4694.19,4692.36,1.83,19.31,18.3000,193.1000,2026-04-23T09:00:00,2026-04-23T09:00:00.006,6,4713.52,4714.19,4714.19,0.67,6.7000,1,4691.39,4760.02,22.80,2287.5427,7.5427,2026-04-23T13:10:05.282,4691.35,4691.95,4691.35,STOP,0,0,15005,0,0.0000,1,-2284.0000,-2291.5427,-0.998451,0.003297,-1.001749,10.76,22.84,0.470374,0.998451,-0.60,-10.20,-16.89,6.98,-36.75,CONTINUATION,CONTINUATION,CONTINUATION,REVERSAL,CONTINUATION,9,THURSDAY,H08_13,GE5,NO_CALENDAR_OBSERVE_ONLY,0
H1,18958cf83f65cbac,B_NEXT_BAR_CONFIRM,LONG,EXPIRED,CONFIRMATION_FAILED,SWING_LOW,8a886905a7c3eac0,0,0,2.761247,2026-04-23T08:00:00,2026-04-23T09:00:00,4704.41,4715.14,4692.36,4713.50,4694.19,4694.19,4692.36,1.83,19.31,18.3000,193.1000,,,NA,NA,NA,NA,NA,NA,NA,NA,NA,NA,NA,NA,,NA,NA,NA,,NA,NA,NA,0,NA,1,NA,NA,NA,NA,NA,NA,NA,NA,NA,-0.60,-10.20,-16.89,6.98,-36.75,CONTINUATION,CONTINUATION,CONTINUATION,REVERSAL,CONTINUATION,9,THURSDAY,H08_13,NA,NO_CALENDAR_OBSERVE_ONLY,0
H1,e2d7ec09ccf05037,A_RECLAIM_CONTROL,LONG,CLOSED,TP,SWING_LOW,18c961bfb1ebce5e,0,0,3.333983,2026-04-23T13:00:00,2026-04-23T14:00:00,4697.53,4701.66,4684.18,4696.61,4692.36,4692.36,4684.18,8.18,4.25,81.8000,42.5000,2026-04-23T14:00:00,2026-04-23T14:00:00.281,281,4696.62,4697.18,4697.18,0.56,5.6000,1,4683.32,4725.13,13.86,1393.5155,7.5155,2026-04-23T15:00:45.454,4725.45,4726.05,4725.45,TP,0,0,3645,0,0.0000,1,2827.0000,2819.4845,2.028682,0.005393,2.023289,28.27,1.81,2.028682,0.129887,24.01,27.87,23.87,-4.28,-2.14,REVERSAL,REVERSAL,REVERSAL,CONTINUATION,CONTINUATION,14,THURSDAY,H13_17,GE5,NO_CALENDAR_OBSERVE_ONLY,0
H1,e2d7ec09ccf05037,B_NEXT_BAR_CONFIRM,LONG,CLOSED,STOP,SWING_LOW,18c961bfb1ebce5e,0,0,3.333983,2026-04-23T13:00:00,2026-04-23T14:00:00,4697.53,4701.66,4684.18,4696.61,4692.36,4692.36,4684.18,8.18,4.25,81.8000,42.5000,2026-04-23T15:00:00,2026-04-23T15:00:00.184,184,4720.63,4721.23,4721.23,0.60,6.0000,1,4683.28,4797.36,37.95,3802.5540,7.5540,2026-04-23T20:42:13.232,4682.93,4683.52,4682.93,STOP,0,0,20533,0,0.0000,1,-3830.0000,-3837.5540,-1.007218,0.001987,-1.009204,22.00,38.30,0.578559,1.007218,24.01,27.87,23.87,-4.28,-2.14,REVERSAL,REVERSAL,REVERSAL,CONTINUATION,CONTINUATION,14,THURSDAY,H13_17,GE5,NO_CALENDAR_OBSERVE_ONLY,0
H1,09627ca0b82e82bf,A_RECLAIM_CONTROL,LONG,CLOSED,STOP,SWING_LOW,b97fe8226224fe74,0,0,2.151182,2026-04-23T20:00:00,2026-04-23T21:00:00,4733.03,4734.51,4664.22,4709.33,4684.18,4684.18,4664.22,19.96,25.15,199.6000,251.5000,2026-04-23T21:00:00,2026-04-23T21:00:00.132,132,4709.31,4709.86,4709.86,0.55,5.5000,1,4663.37,4803.07,46.49,4656.5358,7.5358,2026-04-24T07:22:09.594,4663.02,4663.69,4663.02,STOP,0,0,37329,1,107.1510,1,-4684.0000,-4798.6868,-1.005898,0.024629,-1.030527,12.38,46.84,0.265863,1.005898,-8.31,-17.00,-13.98,-34.87,17.07,CONTINUATION,CONTINUATION,CONTINUATION,CONTINUATION,REVERSAL,21,THURSDAY,H17_24,GE5,NO_CALENDAR_OBSERVE_ONLY,0
H1,09627ca0b82e82bf,B_NEXT_BAR_CONFIRM,LONG,EXPIRED,CONFIRMATION_FAILED,SWING_LOW,b97fe8226224fe74,0,0,2.151182,2026-04-23T20:00:00,2026-04-23T21:00:00,4733.03,4734.51,4664.22,4709.33,4684.18,4684.18,4664.22,19.96,25.15,199.6000,251.5000,,,NA,NA,NA,NA,NA,NA,NA,NA,NA,NA,NA,NA,,NA,NA,NA,,NA,NA,NA,0,NA,1,NA,NA,NA,NA,NA,NA,NA,NA,NA,-8.31,-17.00,-13.98,-34.87,17.07,CONTINUATION,CONTINUATION,CONTINUATION,CONTINUATION,REVERSAL,21,THURSDAY,H17_24,NA,NO_CALENDAR_OBSERVE_ONLY,0
H1,a73da2d51b7ca2ee,A_RECLAIM_CONTROL,LONG,CLOSED,TP,PDL;PSL;SWING_LOW,885c14244fd3f995;998d7f50fb42de89;d01558a555736a1d,0,0,3.508122,2026-04-24T07:00:00,2026-04-24T08:00:00,4672.12,4676.78,4657.58,4674.46,4664.22,4664.22,4657.58,6.64,10.24,66.4000,102.4000,2026-04-24T08:00:00,2026-04-24T08:00:00.335,335,4674.47,4675.14,4675.14,0.67,6.7000,1,4656.61,4712.43,18.53,1860.4802,7.4802,2026-04-24T14:25:09.486,4712.47,4713.06,4712.47,TP,0,0,23109,0,0.0000,1,3733.0000,3725.5198,2.006471,0.004021,2.002451,37.33,8.44,2.006471,0.453646,11.91,20.01,7.60,51.94,28.16,REVERSAL,REVERSAL,REVERSAL,REVERSAL,REVERSAL,8,FRIDAY,H08_13,GE5,NO_CALENDAR_OBSERVE_ONLY,0
H1,a73da2d51b7ca2ee,B_NEXT_BAR_CONFIRM,LONG,CLOSED,STOP,PDL;PSL;SWING_LOW,885c14244fd3f995;998d7f50fb42de89;d01558a555736a1d,0,0,3.508122,2026-04-24T07:00:00,2026-04-24T08:00:00,4672.12,4676.78,4657.58,4674.46,4664.22,4664.22,4657.58,6.64,10.24,66.4000,102.4000,2026-04-24T09:00:00,2026-04-24T09:00:00.554,554,4686.77,4687.37,4687.37,0.60,6.0000,1,4656.68,4748.98,30.69,3076.4998,7.4998,2026-04-28T08:06:19.478,4656.24,4656.91,4656.24,STOP,0,0,342378,2,214.3020,1,-3113.0000,-3334.8018,-1.011864,0.072096,-1.083960,53.00,31.13,1.722737,1.011864,11.91,20.01,7.60,51.94,28.16,REVERSAL,REVERSAL,REVERSAL,REVERSAL,REVERSAL,8,FRIDAY,H08_13,GE5,NO_CALENDAR_OBSERVE_ONLY,0
H1,b2fb0f37e329eaa1,A_RECLAIM_CONTROL,SHORT,CLOSED,STOP,SWING_HIGH,e06e87ae0894da9d,0,0,1.217506,2026-04-24T14:00:00,2026-04-24T15:00:00,4677.90,4717.35,4677.80,4706.86,4711.08,4711.08,4717.35,6.27,4.22,62.7000,42.2000,2026-04-24T15:00:00,2026-04-24T15:00:00.193,193,4706.87,4707.46,4706.87,0.59,5.9000,1,4718.24,4683.90,11.37,1144.5310,7.5310,2026-04-24T17:05:12.221,4717.88,4718.48,4718.48,STOP,0,0,7512,0,0.0000,1,-1161.0000,-1168.5310,-1.014389,0.006580,-1.020969,16.48,11.61,1.439891,1.014389,6.10,-19.54,-19.98,22.32,0.13,REVERSAL,CONTINUATION,CONTINUATION,REVERSAL,REVERSAL,15,FRIDAY,H13_17,GE5,NO_CALENDAR_OBSERVE_ONLY,0
H1,b2fb0f37e329eaa1,B_NEXT_BAR_CONFIRM,SHORT,EXPIRED,CONFIRMATION_FAILED,SWING_HIGH,e06e87ae0894da9d,0,0,1.217506,2026-04-24T14:00:00,2026-04-24T15:00:00,4677.90,4717.35,4677.80,4706.86,4711.08,4711.08,4717.35,6.27,4.22,62.7000,42.2000,,,NA,NA,NA,NA,NA,NA,NA,NA,NA,NA,NA,NA,,NA,NA,NA,,NA,NA,NA,0,NA,1,NA,NA,NA,NA,NA,NA,NA,NA,NA,6.10,-19.54,-19.98,22.32,0.13,REVERSAL,CONTINUATION,CONTINUATION,REVERSAL,REVERSAL,15,FRIDAY,H13_17,NA,NO_CALENDAR_OBSERVE_ONLY,0
H1,c9d324cb64a82fb1,A_RECLAIM_CONTROL,LONG,CLOSED,STOP,SWING_LOW,72971f2fc7c63fa9,0,0,1.104267,2026-04-27T03:00:00,2026-04-27T04:00:00,4679.97,4698.25,4672.17,4697.84,4674.65,4674.65,4672.17,2.48,23.19,24.8000,231.9000,2026-04-27T04:00:00,2026-04-27T04:00:00.040,40,4697.83,4698.50,4698.50,0.67,6.7000,1,4671.20,4753.33,27.30,2737.5176,7.5176,2026-04-27T18:02:29.713,4671.19,4671.79,4671.19,STOP,0,0,50549,0,0.0000,1,-2731.0000,-2738.5176,-0.997619,0.002746,-1.000365,31.52,27.31,1.151408,0.997619,4.78,26.33,12.23,10.99,-14.56,REVERSAL,REVERSAL,REVERSAL,REVERSAL,CONTINUATION,4,MONDAY,H00_08,GE5,NO_CALENDAR_OBSERVE_ONLY,0
H1,c9d324cb64a82fb1,B_NEXT_BAR_CONFIRM,LONG,CLOSED,STOP,SWING_LOW,72971f2fc7c63fa9,0,0,1.104267,2026-04-27T03:00:00,2026-04-27T04:00:00,4679.97,4698.25,4672.17,4697.84,4674.65,4674.65,4672.17,2.48,23.19,24.8000,231.9000,2026-04-27T05:00:00,2026-04-27T05:00:00.153,153,4702.60,4703.27,4703.27,0.67,6.7000,1,4671.20,4767.64,32.07,3214.5252,7.5252,2026-04-27T18:02:29.713,4671.19,4671.79,4671.19,STOP,0,0,46949,0,0.0000,1,-3208.0000,-3215.5252,-0.997970,0.002341,-1.000311,26.75,32.08,0.832160,0.997970,4.78,26.33,12.23,10.99,-14.56,REVERSAL,REVERSAL,REVERSAL,REVERSAL,CONTINUATION,4,MONDAY,H00_08,GE5,NO_CALENDAR_OBSERVE_ONLY,0
H1,640220bba0312878,A_RECLAIM_CONTROL,LONG,CLOSED,STOP,PDL;PSL;SWING_LOW,94c8eb949ed7984a;cfbdcd62ee8a6c70;de3eab85de9161f5,0,0,2.961380,2026-04-28T05:00:00,2026-04-28T06:00:00,4670.60,4679.68,4666.27,4669.08,4667.13,4667.13,4666.27,0.86,1.95,8.6000,19.5000,2026-04-28T06:00:00,2026-04-28T06:00:00.238,238,4669.09,4669.76,4669.76,0.67,6.7000,1,4665.30,4678.91,4.46,453.4716,7.4716,2026-04-28T08:00:35.560,4665.28,4665.95,4665.28,STOP,0,0,7235,0,0.0000,1,-448.0000,-455.4716,-0.987934,0.016476,-1.004410,5.96,4.48,1.314305,0.987934,1.83,-36.98,-35.94,-75.32,-73.43,REVERSAL,CONTINUATION,CONTINUATION,CONTINUATION,CONTINUATION,6,TUESDAY,H00_08,GE5,NO_CALENDAR_OBSERVE_ONLY,0
H1,640220bba0312878,B_NEXT_BAR_CONFIRM,LONG,EXPIRED,CONFIRMATION_FAILED,PDL;PSL;SWING_LOW,94c8eb949ed7984a;cfbdcd62ee8a6c70;de3eab85de9161f5,0,0,2.961380,2026-04-28T05:00:00,2026-04-28T06:00:00,4670.60,4679.68,4666.27,4669.08,4667.13,4667.13,4666.27,0.86,1.95,8.6000,19.5000,,,NA,NA,NA,NA,NA,NA,NA,NA,NA,NA,NA,NA,,NA,NA,NA,,NA,NA,NA,0,NA,1,NA,NA,NA,NA,NA,NA,NA,NA,NA,1.83,-36.98,-35.94,-75.32,-73.43,REVERSAL,CONTINUATION,CONTINUATION,CONTINUATION,CONTINUATION,6,TUESDAY,H00_08,NA,NO_CALENDAR_OBSERVE_ONLY,0
H1,9abad12ac59a5abb,A_RECLAIM_CONTROL,SHORT,CLOSED,TP,PSH;SWING_HIGH,8a350f830c645518;fbd2a5b3e59cd2d1,0,0,2.531188,2026-04-29T03:00:00,2026-04-29T04:00:00,4595.65,4610.58,4594.80,4600.24,4601.49,4601.49,4610.58,9.09,1.25,90.9000,12.5000,2026-04-29T04:00:00,2026-04-29T04:00:00.006,6,4600.26,4600.93,4600.26,0.67,6.7000,1,4611.55,4577.45,11.29,1136.3604,7.3604,2026-04-29T04:08:46.832,4576.75,4577.42,4577.42,TP,0,0,526,0,0.0000,1,2284.0000,2276.6396,2.009926,0.006477,2.003449,22.84,0.83,2.009926,0.073040,15.41,4.87,9.35,30.35,56.17,REVERSAL,REVERSAL,REVERSAL,REVERSAL,REVERSAL,4,WEDNESDAY,H00_08,GE5,NO_CALENDAR_OBSERVE_ONLY,0
H1,9abad12ac59a5abb,B_NEXT_BAR_CONFIRM,SHORT,CLOSED,TP,PSH;SWING_HIGH,8a350f830c645518;fbd2a5b3e59cd2d1,0,0,2.531188,2026-04-29T03:00:00,2026-04-29T04:00:00,4595.65,4610.58,4594.80,4600.24,4601.49,4601.49,4610.58,9.09,1.25,90.9000,12.5000,2026-04-29T05:00:00,2026-04-29T05:00:00.308,308,4584.86,4585.53,4584.86,0.67,6.7000,1,4611.55,4531.25,26.69,2676.3358,7.3358,2026-04-29T16:30:50.826,4530.29,4530.87,4530.87,TP,0,0,41450,0,0.0000,1,5399.0000,5391.6642,2.017310,0.002741,2.014569,53.99,23.43,2.017310,0.875451,15.41,4.87,9.35,30.35,56.17,REVERSAL,REVERSAL,REVERSAL,REVERSAL,REVERSAL,4,WEDNESDAY,H00_08,GE5,NO_CALENDAR_OBSERVE_ONLY,0
H1,bfe1c38eaf96f15f,A_RECLAIM_CONTROL,LONG,CLOSED,TP,PDL;SWING_LOW,069ba38e61988dd2;a3e386c3bfcbdbb9,0,0,6.958080,2026-04-29T12:00:00,2026-04-29T13:00:00,4573.17,4580.86,4551.54,4555.86,4554.71,4554.71,4551.54,3.17,1.15,31.7000,11.5000,2026-04-29T13:00:00,2026-04-29T13:00:00.008,8,4555.84,4556.39,4556.39,0.55,5.5000,1,4550.69,4568.01,5.70,577.2902,7.2902,2026-04-29T13:14:56.854,4568.15,4568.71,4568.15,TP,0,0,896,0,0.0000,1,1176.0000,1168.7098,2.037104,0.012628,2.024475,11.76,1.46,2.037104,0.252906,14.03,-10.95,-16.50,-8.95,33.73,REVERSAL,CONTINUATION,CONTINUATION,CONTINUATION,REVERSAL,13,WEDNESDAY,H13_17,GE5,NO_CALENDAR_OBSERVE_ONLY,0
H1,bfe1c38eaf96f15f,B_NEXT_BAR_CONFIRM,LONG,EXPIRED,CONFIRMATION_FAILED,PDL;SWING_LOW,069ba38e61988dd2;a3e386c3bfcbdbb9,0,0,6.958080,2026-04-29T12:00:00,2026-04-29T13:00:00,4573.17,4580.86,4551.54,4555.86,4554.71,4554.71,4551.54,3.17,1.15,31.7000,11.5000,,,NA,NA,NA,NA,NA,NA,NA,NA,NA,NA,NA,NA,,NA,NA,NA,,NA,NA,NA,0,NA,1,NA,NA,NA,NA,NA,NA,NA,NA,NA,14.03,-10.95,-16.50,-8.95,33.73,REVERSAL,CONTINUATION,CONTINUATION,CONTINUATION,REVERSAL,13,WEDNESDAY,H13_17,NA,NO_CALENDAR_OBSERVE_ONLY,0
H1,1bfffe6e4cebdbce,A_RECLAIM_CONTROL,SHORT,CLOSED,TP,PSH,02fa8d692aa7ac8d,0,0,NA,2026-05-01T01:00:00,2026-05-01T02:00:00,4625.61,4635.75,4625.54,4630.44,4634.65,4634.65,4635.75,1.10,4.21,11.0000,42.1000,2026-05-01T02:00:00,2026-05-01T02:00:00.012,12,4630.36,4631.26,4630.36,0.90,9.0000,1,4636.95,4616.95,6.59,666.4086,7.4086,2026-05-01T04:09:12.556,4616.18,4616.85,4616.85,TP,0,0,7752,0,0.0000,1,1351.0000,1343.5914,2.027285,0.011117,2.016168,13.51,4.57,2.027285,0.685765,3.92,9.53,3.75,62.00,6.22,REVERSAL,REVERSAL,REVERSAL,REVERSAL,REVERSAL,2,FRIDAY,H00_08,GE5,NO_CALENDAR_OBSERVE_ONLY,0
H1,1bfffe6e4cebdbce,B_NEXT_BAR_CONFIRM,SHORT,EXPIRED,CONFIRMATION_FAILED,PSH,02fa8d692aa7ac8d,0,0,NA,2026-05-01T01:00:00,2026-05-01T02:00:00,4625.61,4635.75,4625.54,4630.44,4634.65,4634.65,4635.75,1.10,4.21,11.0000,42.1000,,,NA,NA,NA,NA,NA,NA,NA,NA,NA,NA,NA,NA,,NA,NA,NA,,NA,NA,NA,0,NA,1,NA,NA,NA,NA,NA,NA,NA,NA,NA,3.92,9.53,3.75,62.00,6.22,REVERSAL,REVERSAL,REVERSAL,REVERSAL,REVERSAL,2,FRIDAY,H00_08,NA,NO_CALENDAR_OBSERVE_ONLY,0
H1,a1bb313e6bbfaa79,A_RECLAIM_CONTROL,SHORT,CLOSED,TP,SWING_HIGH,21981fe9c8327bb2,0,0,1.859100,2026-05-01T05:00:00,2026-05-01T06:00:00,4620.86,4636.01,4616.44,4619.11,4635.75,4635.75,4636.01,0.26,16.64,2.6000,166.4000,2026-05-01T06:00:00,2026-05-01T06:00:00.264,264,4619.08,4619.71,4619.08,0.63,6.3000,1,4636.94,4583.13,17.86,1793.3905,7.3905,2026-05-01T10:48:17.379,4582.50,4583.05,4583.05,TP,0,0,17297,0,0.0000,1,3603.0000,3595.6095,2.009044,0.004121,2.004923,36.03,13.61,2.009044,0.758898,-7.58,14.20,40.89,27.96,5.21,CONTINUATION,REVERSAL,REVERSAL,REVERSAL,REVERSAL,6,FRIDAY,H00_08,GE5,NO_CALENDAR_OBSERVE_ONLY,0
H1,a1bb313e6bbfaa79,B_NEXT_BAR_CONFIRM,SHORT,EXPIRED,CONFIRMATION_FAILED,SWING_HIGH,21981fe9c8327bb2,0,0,1.859100,2026-05-01T05:00:00,2026-05-01T06:00:00,4620.86,4636.01,4616.44,4619.11,4635.75,4635.75,4636.01,0.26,16.64,2.6000,166.4000,,,NA,NA,NA,NA,NA,NA,NA,NA,NA,NA,NA,NA,,NA,NA,NA,,NA,NA,NA,0,NA,1,NA,NA,NA,NA,NA,NA,NA,NA,NA,-7.58,14.20,40.89,27.96,5.21,CONTINUATION,REVERSAL,REVERSAL,REVERSAL,REVERSAL,6,FRIDAY,H00_08,NA,NO_CALENDAR_OBSERVE_ONLY,0
H1,4406e305f392ef7f,A_RECLAIM_CONTROL,SHORT,CLOSED,TP,SWING_HIGH,94bcacee19272c22,0,0,1.372071,2026-05-01T17:00:00,2026-05-01T18:00:00,4625.56,4660.38,4624.90,4632.10,4636.01,4636.01,4660.38,24.37,3.91,243.7000,39.1000,2026-05-01T18:00:00,2026-05-01T18:00:00.034,34,4632.11,4632.70,4632.11,0.59,5.9000,1,4661.27,4573.56,29.16,2923.4114,7.4114,2026-05-04T12:58:11.431,4572.84,4573.43,4573.43,TP,0,0,241091,1,46.9170,1,5868.0000,5813.6716,2.007244,0.018584,1.988660,58.68,18.48,2.007244,0.632138,-11.13,2.51,22.09,19.08,72.21,CONTINUATION,REVERSAL,REVERSAL,REVERSAL,REVERSAL,18,FRIDAY,H17_24,GE5,NO_CALENDAR_OBSERVE_ONLY,0
H1,4406e305f392ef7f,B_NEXT_BAR_CONFIRM,SHORT,EXPIRED,CONFIRMATION_FAILED,SWING_HIGH,94bcacee19272c22,0,0,1.372071,2026-05-01T17:00:00,2026-05-01T18:00:00,4625.56,4660.38,4624.90,4632.10,4636.01,4636.01,4660.38,24.37,3.91,243.7000,39.1000,,,NA,NA,NA,NA,NA,NA,NA,NA,NA,NA,NA,NA,,NA,NA,NA,,NA,NA,NA,0,NA,1,NA,NA,NA,NA,NA,NA,NA,NA,NA,-11.13,2.51,22.09,19.08,72.21,CONTINUATION,REVERSAL,REVERSAL,REVERSAL,REVERSAL,18,FRIDAY,H17_24,NA,NO_CALENDAR_OBSERVE_ONLY,0
H1,837ca105a191d02d,A_RECLAIM_CONTROL,LONG,CLOSED,STOP,SWING_LOW,71a6f4204700cd25,0,0,2.805360,2026-05-04T03:00:00,2026-05-04T04:00:00,4613.89,4616.43,4601.65,4613.03,4606.93,4606.93,4601.65,5.28,6.10,52.8000,61.0000,2026-05-04T04:00:00,2026-05-04T04:00:00.271,271,4612.93,4613.59,4613.59,0.66,6.6000,1,4600.69,4639.62,12.90,1297.3817,7.3817,2026-05-04T04:04:55.164,4600.69,4601.36,4600.69,STOP,0,0,294,0,0.0000,1,-1290.0000,-1297.3817,-0.994310,0.005690,-1.000000,0.38,12.90,0.029290,0.994310,-0.01,1.96,-14.02,-50.37,-91.14,CONTINUATION,REVERSAL,CONTINUATION,CONTINUATION,CONTINUATION,4,MONDAY,H00_08,GE5,NO_CALENDAR_OBSERVE_ONLY,0
H1,837ca105a191d02d,B_NEXT_BAR_CONFIRM,LONG,EXPIRED,CONFIRMATION_FAILED,SWING_LOW,71a6f4204700cd25,0,0,2.805360,2026-05-04T03:00:00,2026-05-04T04:00:00,4613.89,4616.43,4601.65,4613.03,4606.93,4606.93,4601.65,5.28,6.10,52.8000,61.0000,,,NA,NA,NA,NA,NA,NA,NA,NA,NA,NA,NA,NA,,NA,NA,NA,,NA,NA,NA,0,NA,1,NA,NA,NA,NA,NA,NA,NA,NA,NA,-0.01,1.96,-14.02,-50.37,-91.14,CONTINUATION,REVERSAL,CONTINUATION,CONTINUATION,CONTINUATION,4,MONDAY,H00_08,NA,NO_CALENDAR_OBSERVE_ONLY,0
H1,eec19a001b4e97d3,A_RECLAIM_CONTROL,LONG,CLOSED,STOP,PSL,80afa508dba9c823,0,0,NA,2026-05-04T09:00:00,2026-05-04T10:00:00,4598.99,4600.73,4583.67,4588.45,4586.45,4586.45,4583.67,2.78,2.00,27.8000,20.0000,2026-05-04T10:00:00,2026-05-04T10:00:00.015,15,4588.47,4589.10,4589.10,0.63,6.3000,1,4582.74,4602.05,6.36,643.3426,7.3426,2026-05-04T10:37:09.429,4582.71,4583.30,4582.71,STOP,0,0,2229,0,0.0000,1,-639.0000,-646.3426,-0.993250,0.011413,-1.004663,4.26,6.39,0.662167,0.993250,-9.53,-13.12,-28.56,-77.85,-53.85,CONTINUATION,CONTINUATION,CONTINUATION,CONTINUATION,CONTINUATION,10,MONDAY,H08_13,GE5,NO_CALENDAR_OBSERVE_ONLY,0
H1,eec19a001b4e97d3,B_NEXT_BAR_CONFIRM,LONG,EXPIRED,CONFIRMATION_FAILED,PSL,80afa508dba9c823,0,0,NA,2026-05-04T09:00:00,2026-05-04T10:00:00,4598.99,4600.73,4583.67,4588.45,4586.45,4586.45,4583.67,2.78,2.00,27.8000,20.0000,,,NA,NA,NA,NA,NA,NA,NA,NA,NA,NA,NA,NA,,NA,NA,NA,,NA,NA,NA,0,NA,1,NA,NA,NA,NA,NA,NA,NA,NA,NA,-9.53,-13.12,-28.56,-77.85,-53.85,CONTINUATION,CONTINUATION,CONTINUATION,CONTINUATION,CONTINUATION,10,MONDAY,H08_13,NA,NO_CALENDAR_OBSERVE_ONLY,0
H1,5e6d0a60fe49100c,A_RECLAIM_CONTROL,LONG,CLOSED,STOP,PDL;SWING_LOW,226a961908abdc38;f7cb7ae600aca73b,0,0,4.664969,2026-05-04T13:00:00,2026-05-04T14:00:00,4575.30,4575.72,4525.96,4562.66,4560.22,4560.22,4525.96,34.26,2.44,342.6000,24.4000,2026-05-04T14:00:00,2026-05-04T14:00:00.254,254,4562.67,4563.26,4563.26,0.59,5.9000,1,4525.07,4639.86,38.19,3826.3012,7.3012,2026-05-04T18:21:38.066,4524.38,4524.97,4524.38,STOP,0,0,15697,0,0.0000,1,-3888.0000,-3895.3012,-1.016125,0.001908,-1.018033,20.01,38.88,0.522959,1.016125,-2.77,1.35,-41.23,-40.77,-17.13,CONTINUATION,REVERSAL,CONTINUATION,CONTINUATION,CONTINUATION,14,MONDAY,H13_17,GE5,NO_CALENDAR_OBSERVE_ONLY,0
H1,5e6d0a60fe49100c,B_NEXT_BAR_CONFIRM,LONG,EXPIRED,CONFIRMATION_FAILED,PDL;SWING_LOW,226a961908abdc38;f7cb7ae600aca73b,0,0,4.664969,2026-05-04T13:00:00,2026-05-04T14:00:00,4575.30,4575.72,4525.96,4562.66,4560.22,4560.22,4525.96,34.26,2.44,342.6000,24.4000,,,NA,NA,NA,NA,NA,NA,NA,NA,NA,NA,NA,NA,,NA,NA,NA,,NA,NA,NA,0,NA,1,NA,NA,NA,NA,NA,NA,NA,NA,NA,-2.77,1.35,-41.23,-40.77,-17.13,CONTINUATION,REVERSAL,CONTINUATION,CONTINUATION,CONTINUATION,14,MONDAY,H13_17,NA,NO_CALENDAR_OBSERVE_ONLY,0
H1,c17a5b769f4101d3,A_RECLAIM_CONTROL,LONG,CLOSED,STOP,SWING_LOW,1e3db394b0c0134c,0,0,2.295286,2026-05-04T18:00:00,2026-05-04T19:00:00,4561.54,4566.10,4513.50,4521.43,4518.25,4518.25,4513.50,4.75,3.18,47.5000,31.8000,2026-05-04T19:00:00,2026-05-04T19:00:00.002,2,4521.45,4522.04,4522.04,0.59,5.9000,1,4512.61,4541.12,9.43,950.2353,7.2353,2026-05-04T19:07:59.059,4512.42,4513.01,4512.42,STOP,0,0,479,0,0.0000,1,-962.0000,-969.2353,-1.012381,0.007614,-1.019995,3.37,9.62,0.354649,1.012381,-10.83,-5.25,0.46,17.64,43.23,CONTINUATION,CONTINUATION,REVERSAL,REVERSAL,REVERSAL,19,MONDAY,H17_24,GE5,NO_CALENDAR_OBSERVE_ONLY,0
H1,c17a5b769f4101d3,B_NEXT_BAR_CONFIRM,LONG,EXPIRED,CONFIRMATION_FAILED,SWING_LOW,1e3db394b0c0134c,0,0,2.295286,2026-05-04T18:00:00,2026-05-04T19:00:00,4561.54,4566.10,4513.50,4521.43,4518.25,4518.25,4513.50,4.75,3.18,47.5000,31.8000,,,NA,NA,NA,NA,NA,NA,NA,NA,NA,NA,NA,NA,,NA,NA,NA,,NA,NA,NA,0,NA,1,NA,NA,NA,NA,NA,NA,NA,NA,NA,-10.83,-5.25,0.46,17.64,43.23,CONTINUATION,CONTINUATION,REVERSAL,REVERSAL,REVERSAL,19,MONDAY,H17_24,NA,NO_CALENDAR_OBSERVE_ONLY,0
H1,d26dc6f5c2f9d429,A_RECLAIM_CONTROL,LONG,CLOSED,TP,SWING_LOW,477ea6e742181a84,0,0,4.703457,2026-05-04T19:00:00,2026-05-04T20:00:00,4521.45,4526.95,4500.70,4510.60,4510.24,4510.24,4500.70,9.54,0.36,95.4000,3.6000,2026-05-04T20:00:00,2026-05-04T20:00:00.016,16,4510.59,4511.16,4511.16,0.57,5.7000,1,4499.83,4534.04,11.33,1140.2179,7.2179,2026-05-05T04:04:38.942,4534.10,4534.77,4534.10,TP,0,0,29078,1,107.1510,1,2294.0000,2179.6311,2.011896,0.100304,1.911592,22.94,1.31,2.011896,0.114890,11.61,7.14,6.80,24.00,68.81,REVERSAL,REVERSAL,REVERSAL,REVERSAL,REVERSAL,20,MONDAY,H17_24,GE5,NO_CALENDAR_OBSERVE_ONLY,0
H1,d26dc6f5c2f9d429,B_NEXT_BAR_CONFIRM,LONG,EXPIRED,CONFIRMATION_FAILED,SWING_LOW,477ea6e742181a84,0,0,4.703457,2026-05-04T19:00:00,2026-05-04T20:00:00,4521.45,4526.95,4500.70,4510.60,4510.24,4510.24,4500.70,9.54,0.36,95.4000,3.6000,,,NA,NA,NA,NA,NA,NA,NA,NA,NA,NA,NA,NA,,NA,NA,NA,,NA,NA,NA,0,NA,1,NA,NA,NA,NA,NA,NA,NA,NA,NA,11.61,7.14,6.80,24.00,68.81,REVERSAL,REVERSAL,REVERSAL,REVERSAL,REVERSAL,20,MONDAY,H17_24,NA,NO_CALENDAR_OBSERVE_ONLY,0
H1,f091d2e3b7fc21a2,A_RECLAIM_CONTROL,SHORT,CLOSED,STOP,SWING_HIGH,8cede08123b6d81d,0,0,1.923746,2026-05-05T08:00:00,2026-05-05T09:00:00,4533.63,4551.78,4531.34,4545.64,4546.71,4546.71,4551.78,5.07,1.07,50.7000,10.7000,2026-05-05T09:00:00,2026-05-05T09:00:00.224,224,4545.62,4546.27,4545.62,0.65,6.5000,1,4552.73,4531.18,7.11,718.2730,7.2730,2026-05-05T10:02:08.365,4552.25,4552.83,4552.83,STOP,0,0,3728,0,0.0000,1,-721.0000,-728.2730,-1.003797,0.010126,-1.013922,11.20,7.21,1.559296,1.003797,-2.44,-12.70,1.85,-22.96,-95.05,CONTINUATION,CONTINUATION,REVERSAL,CONTINUATION,CONTINUATION,9,TUESDAY,H08_13,GE5,NO_CALENDAR_OBSERVE_ONLY,0
H1,f091d2e3b7fc21a2,B_NEXT_BAR_CONFIRM,SHORT,EXPIRED,CONFIRMATION_FAILED,SWING_HIGH,8cede08123b6d81d,0,0,1.923746,2026-05-05T08:00:00,2026-05-05T09:00:00,4533.63,4551.78,4531.34,4545.64,4546.71,4546.71,4551.78,5.07,1.07,50.7000,10.7000,,,NA,NA,NA,NA,NA,NA,NA,NA,NA,NA,NA,NA,,NA,NA,NA,,NA,NA,NA,0,NA,1,NA,NA,NA,NA,NA,NA,NA,NA,NA,-2.44,-12.70,1.85,-22.96,-95.05,CONTINUATION,CONTINUATION,REVERSAL,CONTINUATION,CONTINUATION,9,TUESDAY,H08_13,NA,NO_CALENDAR_OBSERVE_ONLY,0
H1,f5ad228f1d1a4108,A_RECLAIM_CONTROL,SHORT,CLOSED,TP,PSH;SWING_HIGH,3389b5001b72127a;9ed73859f8b50407,0,0,2.488410,2026-05-05T16:00:00,2026-05-05T17:00:00,4564.64,4584.87,4564.34,4579.41,4583.27,4583.27,4584.87,1.60,3.86,16.0000,38.6000,2026-05-05T17:00:00,2026-05-05T17:00:00.175,175,4579.40,4579.95,4579.40,0.55,5.5000,1,4585.72,4566.54,6.32,639.3270,7.3270,2026-05-05T17:18:35.954,4565.94,4566.52,4566.52,TP,0,0,1115,0,0.0000,1,1288.0000,1280.6730,2.014618,0.011461,2.003158,12.88,5.73,2.014618,0.896255,-3.00,18.12,18.40,-39.33,-138.65,CONTINUATION,REVERSAL,REVERSAL,CONTINUATION,CONTINUATION,17,TUESDAY,H17_24,GE5,NO_CALENDAR_OBSERVE_ONLY,0
H1,f5ad228f1d1a4108,B_NEXT_BAR_CONFIRM,SHORT,EXPIRED,CONFIRMATION_FAILED,PSH;SWING_HIGH,3389b5001b72127a;9ed73859f8b50407,0,0,2.488410,2026-05-05T16:00:00,2026-05-05T17:00:00,4564.64,4584.87,4564.34,4579.41,4583.27,4583.27,4584.87,1.60,3.86,16.0000,38.6000,,,NA,NA,NA,NA,NA,NA,NA,NA,NA,NA,NA,NA,,NA,NA,NA,,NA,NA,NA,0,NA,1,NA,NA,NA,NA,NA,NA,NA,NA,NA,-3.00,18.12,18.40,-39.33,-138.65,CONTINUATION,REVERSAL,REVERSAL,CONTINUATION,CONTINUATION,17,TUESDAY,H17_24,NA,NO_CALENDAR_OBSERVE_ONLY,0
H1,ca2affc035eaefa0,A_RECLAIM_CONTROL,LONG,CLOSED,STOP,PSL,bcb66a8d1684629a,0,0,NA,2026-05-05T22:00:00,2026-05-05T23:00:00,4560.98,4561.52,4551.50,4555.08,4553.28,4553.28,4551.50,1.78,1.80,17.8000,18.0000,2026-05-05T23:00:00,2026-05-05T23:00:00.004,4,4554.82,4555.67,4555.67,0.85,8.5000,0,4550.35,4566.53,5.32,539.2891,7.2891,2026-05-06T01:05:24.020,4550.25,4551.15,4550.25,STOP,0,0,7524,1,107.1510,1,-542.0000,-656.4401,-1.005027,0.212205,-1.217232,5.03,5.42,0.932709,1.005027,1.28,38.91,71.01,114.14,128.08,REVERSAL,REVERSAL,REVERSAL,REVERSAL,REVERSAL,23,TUESDAY,H17_24,GE5,NO_CALENDAR_OBSERVE_ONLY,0
H1,ca2affc035eaefa0,B_NEXT_BAR_CONFIRM,LONG,EXPIRED,CONFIRMATION_FAILED,PSL,bcb66a8d1684629a,0,0,NA,2026-05-05T22:00:00,2026-05-05T23:00:00,4560.98,4561.52,4551.50,4555.08,4553.28,4553.28,4551.50,1.78,1.80,17.8000,18.0000,,,NA,NA,NA,NA,NA,NA,NA,NA,NA,NA,NA,NA,,NA,NA,NA,,NA,NA,NA,0,NA,1,NA,NA,NA,NA,NA,NA,NA,NA,NA,1.28,38.91,71.01,114.14,128.08,REVERSAL,REVERSAL,REVERSAL,REVERSAL,REVERSAL,23,TUESDAY,H17_24,NA,NO_CALENDAR_OBSERVE_ONLY,0
H1,b9fb484042f9fed8,A_RECLAIM_CONTROL,SHORT,CLOSED,STOP,SWING_HIGH,fe54de6c87f1fdb1,0,0,2.559171,2026-05-06T11:00:00,2026-05-06T12:00:00,4681.40,4702.90,4671.62,4700.21,4701.34,4701.34,4702.90,1.56,1.13,15.6000,11.3000,2026-05-06T12:00:00,2026-05-06T12:00:00.034,34,4700.19,4700.74,4700.19,0.55,5.5000,1,4703.75,4692.84,3.56,363.5203,7.5203,2026-05-06T12:00:11.055,4703.20,4703.75,4703.75,STOP,0,0,11,0,0.0000,1,-356.0000,-363.5203,-0.979313,0.020687,-1.000000,-0.48,3.56,-0.132042,0.979313,-1.67,8.03,-1.94,14.17,-0.82,CONTINUATION,REVERSAL,CONTINUATION,REVERSAL,CONTINUATION,12,WEDNESDAY,H08_13,GE5,NO_CALENDAR_OBSERVE_ONLY,0
H1,b9fb484042f9fed8,B_NEXT_BAR_CONFIRM,SHORT,EXPIRED,CONFIRMATION_FAILED,SWING_HIGH,fe54de6c87f1fdb1,0,0,2.559171,2026-05-06T11:00:00,2026-05-06T12:00:00,4681.40,4702.90,4671.62,4700.21,4701.34,4701.34,4702.90,1.56,1.13,15.6000,11.3000,,,NA,NA,NA,NA,NA,NA,NA,NA,NA,NA,NA,NA,,NA,NA,NA,,NA,NA,NA,0,NA,1,NA,NA,NA,NA,NA,NA,NA,NA,NA,-1.67,8.03,-1.94,14.17,-0.82,CONTINUATION,REVERSAL,CONTINUATION,REVERSAL,CONTINUATION,12,WEDNESDAY,H08_13,NA,NO_CALENDAR_OBSERVE_ONLY,0
H1,01f1501cb84ab8d1,A_RECLAIM_CONTROL,SHORT,CLOSED,STOP,SWING_HIGH,88fe60e843fbe58c,0,0,1.174552,2026-05-07T03:00:00,2026-05-07T04:00:00,4698.90,4701.17,4685.43,4688.57,4700.24,4700.24,4701.17,0.93,11.67,9.3000,116.7000,2026-05-07T04:00:00,2026-05-07T04:00:00.283,283,4688.62,4689.26,4688.62,0.64,6.4000,1,4702.11,4661.41,13.49,1356.5018,7.5018,2026-05-07T04:10:19.351,4701.53,4702.17,4702.17,STOP,0,0,619,0,0.0000,1,-1355.0000,-1362.5018,-0.998893,0.005530,-1.004423,2.79,13.55,0.205676,0.998893,-26.15,-10.59,-12.46,-47.10,3.35,CONTINUATION,CONTINUATION,CONTINUATION,CONTINUATION,REVERSAL,4,THURSDAY,H00_08,GE5,NO_CALENDAR_OBSERVE_ONLY,0
H1,01f1501cb84ab8d1,B_NEXT_BAR_CONFIRM,SHORT,EXPIRED,CONFIRMATION_FAILED,SWING_HIGH,88fe60e843fbe58c,0,0,1.174552,2026-05-07T03:00:00,2026-05-07T04:00:00,4698.90,4701.17,4685.43,4688.57,4700.24,4700.24,4701.17,0.93,11.67,9.3000,116.7000,,,NA,NA,NA,NA,NA,NA,NA,NA,NA,NA,NA,NA,,NA,NA,NA,,NA,NA,NA,0,NA,1,NA,NA,NA,NA,NA,NA,NA,NA,NA,-26.15,-10.59,-12.46,-47.10,3.35,CONTINUATION,CONTINUATION,CONTINUATION,CONTINUATION,REVERSAL,4,THURSDAY,H00_08,NA,NO_CALENDAR_OBSERVE_ONLY,0
H1,ff42a4f67653ac31,A_RECLAIM_CONTROL,SHORT,CLOSED,TP,PSH;SWING_HIGH,ae3eb9ef7e40d658;d1abcd3084faf122,0,0,2.706660,2026-05-07T04:00:00,2026-05-07T05:00:00,4688.62,4721.25,4685.19,4714.72,4717.47,4717.47,4721.25,3.78,2.75,37.8000,27.5000,2026-05-07T05:00:00,2026-05-07T05:00:00.313,313,4714.70,4715.31,4714.70,0.61,6.1000,1,4722.16,4699.55,7.46,753.5435,7.5435,2026-05-07T07:00:00.438,4698.90,4699.54,4699.54,TP,0,0,7200,0,0.0000,1,1516.0000,1508.4565,2.011828,0.010011,2.001817,15.16,4.38,2.011828,0.581254,7.42,18.33,-24.39,-28.06,28.91,REVERSAL,REVERSAL,CONTINUATION,CONTINUATION,REVERSAL,5,THURSDAY,H00_08,GE5,NO_CALENDAR_OBSERVE_ONLY,0
H1,ff42a4f67653ac31,B_NEXT_BAR_CONFIRM,SHORT,EXPIRED,CONFIRMATION_FAILED,PSH;SWING_HIGH,ae3eb9ef7e40d658;d1abcd3084faf122,0,0,2.706660,2026-05-07T04:00:00,2026-05-07T05:00:00,4688.62,4721.25,4685.19,4714.72,4717.47,4717.47,4721.25,3.78,2.75,37.8000,27.5000,,,NA,NA,NA,NA,NA,NA,NA,NA,NA,NA,NA,NA,,NA,NA,NA,,NA,NA,NA,0,NA,1,NA,NA,NA,NA,NA,NA,NA,NA,NA,7.42,18.33,-24.39,-28.06,28.91,REVERSAL,REVERSAL,CONTINUATION,CONTINUATION,REVERSAL,5,THURSDAY,H00_08,NA,NO_CALENDAR_OBSERVE_ONLY,0
H1,561aa6b9fe0eb112,A_RECLAIM_CONTROL,SHORT,CLOSED,STOP,SWING_HIGH,f14144649a090841,0,0,3.133442,2026-05-07T09:00:00,2026-05-07T10:00:00,4701.01,4750.18,4701.01,4739.11,4740.37,4740.37,4750.18,9.81,1.26,98.1000,12.6000,2026-05-07T10:00:00,2026-05-07T10:00:00.092,92,4739.14,4739.75,4739.14,0.61,6.1000,1,4751.09,4715.01,11.95,1202.5826,7.5826,2026-05-07T10:15:29.208,4750.65,4751.22,4751.22,STOP,0,0,929,0,0.0000,1,-1208.0000,-1215.5826,-1.004505,0.006305,-1.010810,6.88,12.08,0.572102,1.004505,-4.02,10.03,-3.67,24.06,19.46,CONTINUATION,REVERSAL,CONTINUATION,REVERSAL,REVERSAL,10,THURSDAY,H08_13,GE5,NO_CALENDAR_OBSERVE_ONLY,0
H1,561aa6b9fe0eb112,B_NEXT_BAR_CONFIRM,SHORT,EXPIRED,CONFIRMATION_FAILED,SWING_HIGH,f14144649a090841,0,0,3.133442,2026-05-07T09:00:00,2026-05-07T10:00:00,4701.01,4750.18,4701.01,4739.11,4740.37,4740.37,4750.18,9.81,1.26,98.1000,12.6000,,,NA,NA,NA,NA,NA,NA,NA,NA,NA,NA,NA,NA,,NA,NA,NA,,NA,NA,NA,0,NA,1,NA,NA,NA,NA,NA,NA,NA,NA,NA,-4.02,10.03,-3.67,24.06,19.46,CONTINUATION,REVERSAL,CONTINUATION,REVERSAL,REVERSAL,10,THURSDAY,H08_13,NA,NO_CALENDAR_OBSERVE_ONLY,0
H1,042df1dca0f4a646,A_RECLAIM_CONTROL,SHORT,CLOSED,STOP,SWING_HIGH,5276beb58a18bba0,0,0,3.222437,2026-05-07T16:00:00,2026-05-07T17:00:00,4750.11,4758.20,4731.31,4746.41,4753.49,4753.49,4758.20,4.71,7.08,47.1000,70.8000,2026-05-07T17:00:00,2026-05-07T17:00:00.046,46,4746.42,4746.97,4746.42,0.55,5.5000,1,4759.05,4720.93,12.63,1270.5943,7.5943,2026-05-07T17:25:16.366,4758.94,4759.49,4759.49,STOP,0,0,1516,0,0.0000,1,-1307.0000,-1314.5943,-1.028653,0.005977,-1.034629,4.83,13.07,0.380137,1.028653,-16.39,31.36,36.77,45.01,26.59,CONTINUATION,REVERSAL,REVERSAL,REVERSAL,REVERSAL,17,THURSDAY,H17_24,GE5,NO_CALENDAR_OBSERVE_ONLY,0
H1,042df1dca0f4a646,B_NEXT_BAR_CONFIRM,SHORT,EXPIRED,CONFIRMATION_FAILED,SWING_HIGH,5276beb58a18bba0,0,0,3.222437,2026-05-07T16:00:00,2026-05-07T17:00:00,4750.11,4758.20,4731.31,4746.41,4753.49,4753.49,4758.20,4.71,7.08,47.1000,70.8000,,,NA,NA,NA,NA,NA,NA,NA,NA,NA,NA,NA,NA,,NA,NA,NA,,NA,NA,NA,0,NA,1,NA,NA,NA,NA,NA,NA,NA,NA,NA,-16.39,31.36,36.77,45.01,26.59,CONTINUATION,REVERSAL,REVERSAL,REVERSAL,REVERSAL,17,THURSDAY,H17_24,NA,NO_CALENDAR_OBSERVE_ONLY,0
H1,e7becfd17be37e23,A_RECLAIM_CONTROL,LONG,CLOSED,STOP,SWING_LOW,3612a657a12ee33d,0,0,1.496912,2026-05-07T20:00:00,2026-05-07T21:00:00,4715.02,4719.53,4687.77,4711.56,4692.28,4692.28,4687.77,4.51,19.28,45.1000,192.8000,2026-05-07T21:00:00,2026-05-07T21:00:00.163,163,4711.55,4712.11,4712.11,0.56,5.6000,1,4686.91,4762.74,25.20,2527.5394,7.5394,2026-05-07T23:56:28.938,4686.91,4688.52,4686.91,STOP,0,0,10588,0,0.0000,1,-2520.0000,-2527.5394,-0.997017,0.002983,-1.000000,7.12,25.20,0.281697,0.997017,-1.92,-26.34,-7.23,-0.57,4.38,CONTINUATION,CONTINUATION,CONTINUATION,CONTINUATION,REVERSAL,21,THURSDAY,H17_24,GE5,NO_CALENDAR_OBSERVE_ONLY,0
H1,e7becfd17be37e23,B_NEXT_BAR_CONFIRM,LONG,EXPIRED,CONFIRMATION_FAILED,SWING_LOW,3612a657a12ee33d,0,0,1.496912,2026-05-07T20:00:00,2026-05-07T21:00:00,4715.02,4719.53,4687.77,4711.56,4692.28,4692.28,4687.77,4.51,19.28,45.1000,192.8000,,,NA,NA,NA,NA,NA,NA,NA,NA,NA,NA,NA,NA,,NA,NA,NA,,NA,NA,NA,0,NA,1,NA,NA,NA,NA,NA,NA,NA,NA,NA,-1.92,-26.34,-7.23,-0.57,4.38,CONTINUATION,CONTINUATION,CONTINUATION,CONTINUATION,REVERSAL,21,THURSDAY,H17_24,NA,NO_CALENDAR_OBSERVE_ONLY,0
H1,d2ce712f8c5bd0a1,A_RECLAIM_CONTROL,LONG,EXPIRED,INVALID_STOP_GEOMETRY,SWING_LOW,5d2511ebd7e9b861,0,0,0.829532,2026-05-07T23:00:00,2026-05-08T00:00:00,4702.90,4719.23,4684.16,4685.22,4685.19,4685.19,4684.16,1.03,0.03,10.3000,0.3000,2026-05-08T00:00:00,2026-05-08T01:00:00.855,NA,NA,NA,NA,NA,NA,NA,NA,NA,NA,NA,NA,,NA,NA,NA,,NA,NA,NA,0,NA,1,NA,NA,NA,NA,NA,NA,NA,NA,NA,0.59,16.18,28.17,22.76,35.64,REVERSAL,REVERSAL,REVERSAL,REVERSAL,REVERSAL,0,FRIDAY,H00_08,NA,NO_CALENDAR_OBSERVE_ONLY,0
H1,d2ce712f8c5bd0a1,B_NEXT_BAR_CONFIRM,LONG,EXPIRED,CONFIRMATION_FAILED,SWING_LOW,5d2511ebd7e9b861,0,0,0.829532,2026-05-07T23:00:00,2026-05-08T00:00:00,4702.90,4719.23,4684.16,4685.22,4685.19,4685.19,4684.16,1.03,0.03,10.3000,0.3000,,,NA,NA,NA,NA,NA,NA,NA,NA,NA,NA,NA,NA,,NA,NA,NA,,NA,NA,NA,0,NA,1,NA,NA,NA,NA,NA,NA,NA,NA,NA,0.59,16.18,28.17,22.76,35.64,REVERSAL,REVERSAL,REVERSAL,REVERSAL,REVERSAL,0,FRIDAY,H00_08,NA,NO_CALENDAR_OBSERVE_ONLY,0
H1,928a41e60ec2892f,A_RECLAIM_CONTROL,SHORT,CLOSED,TP,SWING_HIGH,1cb4f0aaa3bad078,0,0,2.556307,2026-05-08T09:00:00,2026-05-08T10:00:00,4727.84,4734.69,4712.65,4725.69,4732.72,4732.72,4734.69,1.97,7.03,19.7000,70.3000,2026-05-08T10:00:00,2026-05-08T10:00:00.275,275,4725.67,4726.23,4725.67,0.56,5.6000,1,4735.55,4705.68,9.88,995.5611,7.5611,2026-05-08T10:23:11.305,4705.06,4705.62,4705.62,TP,0,0,1391,0,0.0000,1,2005.0000,1997.4389,2.013940,0.007595,2.006345,20.05,1.35,2.013940,0.135602,17.71,13.79,7.96,13.26,47.09,REVERSAL,REVERSAL,REVERSAL,REVERSAL,REVERSAL,10,FRIDAY,H08_13,GE5,NO_CALENDAR_OBSERVE_ONLY,0
H1,928a41e60ec2892f,B_NEXT_BAR_CONFIRM,SHORT,CLOSED,STOP,SWING_HIGH,1cb4f0aaa3bad078,0,0,2.556307,2026-05-08T09:00:00,2026-05-08T10:00:00,4727.84,4734.69,4712.65,4725.69,4732.72,4732.72,4734.69,1.97,7.03,19.7000,70.3000,2026-05-08T11:00:00,2026-05-08T11:00:00.259,259,4707.97,4708.53,4707.97,0.56,5.6000,1,4735.55,4652.58,27.58,2765.5328,7.5328,2026-05-08T16:30:39.396,4735.01,4735.57,4735.57,STOP,0,0,19839,0,0.0000,1,-2760.0000,-2767.5328,-0.997999,0.002724,-1.000723,4.54,27.60,0.164164,0.997999,17.71,13.79,7.96,13.26,47.09,REVERSAL,REVERSAL,REVERSAL,REVERSAL,REVERSAL,10,FRIDAY,H08_13,GE5,NO_CALENDAR_OBSERVE_ONLY,0
H1,ce9317a1c80067e5,A_RECLAIM_CONTROL,LONG,CLOSED,TP,SWING_LOW,157571e554a3995f,0,0,1.390887,2026-05-08T18:00:00,2026-05-08T19:00:00,4715.96,4721.04,4702.06,4707.03,4702.87,4702.87,4702.06,0.81,4.16,8.1000,41.6000,2026-05-08T19:00:00,2026-05-08T19:00:00.132,132,4707.04,4707.60,4707.60,0.56,5.6000,1,4701.20,4720.63,6.40,647.5322,7.5322,2026-05-08T20:21:55.481,4720.63,4721.19,4720.63,TP,0,0,4915,0,0.0000,1,1303.0000,1295.4678,2.012255,0.011632,2.000623,13.03,2.16,2.012255,0.333574,5.40,14.85,7.19,-25.35,-7.12,REVERSAL,REVERSAL,REVERSAL,CONTINUATION,CONTINUATION,19,FRIDAY,H17_24,GE5,NO_CALENDAR_OBSERVE_ONLY,0
H1,ce9317a1c80067e5,B_NEXT_BAR_CONFIRM,LONG,EXPIRED,CONFIRMATION_FAILED,SWING_LOW,157571e554a3995f,0,0,1.390887,2026-05-08T18:00:00,2026-05-08T19:00:00,4715.96,4721.04,4702.06,4707.03,4702.87,4702.87,4702.06,0.81,4.16,8.1000,41.6000,,,NA,NA,NA,NA,NA,NA,NA,NA,NA,NA,NA,NA,,NA,NA,NA,,NA,NA,NA,0,NA,1,NA,NA,NA,NA,NA,NA,NA,NA,NA,5.40,14.85,7.19,-25.35,-7.12,REVERSAL,REVERSAL,REVERSAL,CONTINUATION,CONTINUATION,19,FRIDAY,H17_24,NA,NO_CALENDAR_OBSERVE_ONLY,0
H1,590671b10f001aed,A_RECLAIM_CONTROL,LONG,CLOSED,STOP,PDL;SWING_LOW,320ded39cbc4be24;a1b09e9535501513,0,0,1.912702,2026-05-11T03:00:00,2026-05-11T04:00:00,4691.77,4693.31,4670.10,4683.55,4677.48,4677.48,4670.10,7.38,6.07,73.8000,60.7000,2026-05-11T04:00:00,2026-05-11T04:00:00.180,180,4683.41,4684.04,4684.04,0.63,6.3000,1,4669.17,4714.01,14.87,1494.4945,7.4945,2026-05-11T07:30:42.612,4669.17,4669.79,4669.17,STOP,0,0,12642,0,0.0000,1,-1487.0000,-1494.4945,-0.994985,0.005015,-1.000000,21.48,14.87,1.437275,0.994985,2.11,-4.95,-31.28,-19.74,51.81,REVERSAL,CONTINUATION,CONTINUATION,CONTINUATION,REVERSAL,4,MONDAY,H00_08,GE5,NO_CALENDAR_OBSERVE_ONLY,0
H1,590671b10f001aed,B_NEXT_BAR_CONFIRM,LONG,EXPIRED,CONFIRMATION_FAILED,PDL;SWING_LOW,320ded39cbc4be24;a1b09e9535501513,0,0,1.912702,2026-05-11T03:00:00,2026-05-11T04:00:00,4691.77,4693.31,4670.10,4683.55,4677.48,4677.48,4670.10,7.38,6.07,73.8000,60.7000,,,NA,NA,NA,NA,NA,NA,NA,NA,NA,NA,NA,NA,,NA,NA,NA,,NA,NA,NA,0,NA,1,NA,NA,NA,NA,NA,NA,NA,NA,NA,2.11,-4.95,-31.28,-19.74,51.81,REVERSAL,CONTINUATION,CONTINUATION,CONTINUATION,REVERSAL,4,MONDAY,H00_08,NA,NO_CALENDAR_OBSERVE_ONLY,0
H1,5101ac0d4f054ca1,A_RECLAIM_CONTROL,LONG,CLOSED,STOP,SWING_LOW,9d1cd792a9bb59fb,0,0,2.868829,2026-05-11T07:00:00,2026-05-11T08:00:00,4678.59,4680.01,4668.48,4672.02,4670.10,4670.10,4668.48,1.62,1.92,16.2000,19.2000,2026-05-11T08:00:00,2026-05-11T08:00:00.601,601,4672.01,4672.63,4672.63,0.62,6.2000,1,4667.56,4683.00,5.07,514.4762,7.4762,2026-05-11T08:43:06.599,4665.47,4666.10,4665.47,STOP,0,0,2585,0,0.0000,1,-716.0000,-723.4762,-1.391707,0.014532,-1.406238,8.07,7.16,1.568586,1.391707,-19.75,-4.27,-15.29,53.58,55.23,CONTINUATION,CONTINUATION,CONTINUATION,REVERSAL,REVERSAL,8,MONDAY,H08_13,GE5,NO_CALENDAR_OBSERVE_ONLY,0
H1,5101ac0d4f054ca1,B_NEXT_BAR_CONFIRM,LONG,EXPIRED,CONFIRMATION_FAILED,SWING_LOW,9d1cd792a9bb59fb,0,0,2.868829,2026-05-11T07:00:00,2026-05-11T08:00:00,4678.59,4680.01,4668.48,4672.02,4670.10,4670.10,4668.48,1.62,1.92,16.2000,19.2000,,,NA,NA,NA,NA,NA,NA,NA,NA,NA,NA,NA,NA,,NA,NA,NA,,NA,NA,NA,0,NA,1,NA,NA,NA,NA,NA,NA,NA,NA,NA,-19.75,-4.27,-15.29,53.58,55.23,CONTINUATION,CONTINUATION,CONTINUATION,REVERSAL,REVERSAL,8,MONDAY,H08_13,NA,NO_CALENDAR_OBSERVE_ONLY,0
H1,da65c2d3bd9020af,A_RECLAIM_CONTROL,SHORT,CLOSED,TP,SWING_HIGH,bc9f3f326f618aa3,0,0,1.097892,2026-05-12T03:00:00,2026-05-12T04:00:00,4767.42,4773.45,4748.62,4749.37,4772.31,4772.31,4773.45,1.14,22.94,11.4000,229.4000,2026-05-12T04:00:00,2026-05-12T04:00:00.021,21,4749.36,4749.99,4749.36,0.63,6.3000,1,4774.38,4699.09,25.02,2509.5990,7.5990,2026-05-12T09:23:39.771,4698.38,4698.99,4698.99,TP,0,0,19419,0,0.0000,1,5037.0000,5029.4010,2.007094,0.003028,2.004066,50.37,6.79,2.007094,0.270561,22.12,29.17,35.06,55.12,34.70,REVERSAL,REVERSAL,REVERSAL,REVERSAL,REVERSAL,4,TUESDAY,H00_08,GE5,NO_CALENDAR_OBSERVE_ONLY,0
H1,da65c2d3bd9020af,B_NEXT_BAR_CONFIRM,SHORT,CLOSED,TP,SWING_HIGH,bc9f3f326f618aa3,0,0,1.097892,2026-05-12T03:00:00,2026-05-12T04:00:00,4767.42,4773.45,4748.62,4749.37,4772.31,4772.31,4773.45,1.14,22.94,11.4000,229.4000,2026-05-12T05:00:00,2026-05-12T05:00:00.410,410,4727.23,4727.86,4727.23,0.63,6.3000,1,4774.38,4632.70,47.15,4722.5636,7.5636,2026-05-15T03:25:21.649,4631.93,4632.56,4632.56,TP,0,0,253521,5,234.5850,1,9467.0000,9224.8514,2.004632,0.051275,1.953357,94.67,7.28,2.004632,0.154154,22.12,29.17,35.06,55.12,34.70,REVERSAL,REVERSAL,REVERSAL,REVERSAL,REVERSAL,4,TUESDAY,H00_08,GE5,NO_CALENDAR_OBSERVE_ONLY,0
H1,f64f525c97583ce3,A_RECLAIM_CONTROL,LONG,CLOSED,STOP,SWING_LOW,734da1376c07254a,0,0,4.817309,2026-05-12T13:00:00,2026-05-12T14:00:00,4699.54,4708.43,4685.11,4694.25,4686.45,4686.45,4685.11,1.34,7.80,13.4000,78.0000,2026-05-12T14:00:00,2026-05-12T14:00:00.026,26,4694.37,4694.93,4694.93,0.56,5.6000,1,4684.25,4716.52,10.68,1075.5119,7.5119,2026-05-12T16:15:17.894,4683.78,4684.34,4683.78,STOP,0,0,8117,0,0.0000,1,-1115.0000,-1122.5119,-1.036716,0.006984,-1.043700,16.60,11.15,1.543451,1.036716,12.34,-15.57,-28.18,20.42,8.66,REVERSAL,CONTINUATION,CONTINUATION,REVERSAL,REVERSAL,14,TUESDAY,H13_17,GE5,NO_CALENDAR_OBSERVE_ONLY,0
H1,f64f525c97583ce3,B_NEXT_BAR_CONFIRM,LONG,EXPIRED,CONFIRMATION_FAILED,SWING_LOW,734da1376c07254a,0,0,4.817309,2026-05-12T13:00:00,2026-05-12T14:00:00,4699.54,4708.43,4685.11,4694.25,4686.45,4686.45,4685.11,1.34,7.80,13.4000,78.0000,,,NA,NA,NA,NA,NA,NA,NA,NA,NA,NA,NA,NA,,NA,NA,NA,,NA,NA,NA,0,NA,1,NA,NA,NA,NA,NA,NA,NA,NA,NA,12.34,-15.57,-28.18,20.42,8.66,REVERSAL,CONTINUATION,CONTINUATION,REVERSAL,REVERSAL,14,TUESDAY,H13_17,NA,NO_CALENDAR_OBSERVE_ONLY,0
H1,fef5466b37d3041b,A_RECLAIM_CONTROL,LONG,CLOSED,TP,SWING_LOW,4394b804c96ea1f3,0,0,2.857747,2026-05-12T18:00:00,2026-05-12T19:00:00,4672.80,4676.16,4638.13,4666.07,4650.54,4650.54,4638.13,12.41,15.53,124.1000,155.3000,2026-05-12T19:00:00,2026-05-12T19:00:00.212,212,4666.10,4666.66,4666.66,0.56,5.6000,1,4637.27,4725.67,29.39,2946.4667,7.4667,2026-05-13T03:05:19.301,4725.74,4726.37,4725.74,TP,0,0,29119,1,107.1510,1,5908.0000,5793.3823,2.005113,0.038900,1.966213,59.08,2.57,2.005113,0.087223,5.11,29.85,48.60,25.81,17.75,REVERSAL,REVERSAL,REVERSAL,REVERSAL,REVERSAL,19,TUESDAY,H17_24,GE5,NO_CALENDAR_OBSERVE_ONLY,0
H1,fef5466b37d3041b,B_NEXT_BAR_CONFIRM,LONG,EXPIRED,CONFIRMATION_FAILED,SWING_LOW,4394b804c96ea1f3,0,0,2.857747,2026-05-12T18:00:00,2026-05-12T19:00:00,4672.80,4676.16,4638.13,4666.07,4650.54,4650.54,4638.13,12.41,15.53,124.1000,155.3000,,,NA,NA,NA,NA,NA,NA,NA,NA,NA,NA,NA,NA,,NA,NA,NA,,NA,NA,NA,0,NA,1,NA,NA,NA,NA,NA,NA,NA,NA,NA,5.11,29.85,48.60,25.81,17.75,REVERSAL,REVERSAL,REVERSAL,REVERSAL,REVERSAL,19,TUESDAY,H17_24,NA,NO_CALENDAR_OBSERVE_ONLY,0
H1,25b41dc0f90a6bf7,A_RECLAIM_CONTROL,LONG,CLOSED,STOP,SWING_LOW,1540eaca8b1260e8,0,0,2.304358,2026-05-13T12:00:00,2026-05-13T13:00:00,4700.68,4701.83,4686.03,4700.92,4687.67,4687.67,4686.03,1.64,13.25,16.4000,132.5000,2026-05-13T13:00:00,2026-05-13T13:00:00.426,426,4700.93,4701.49,4701.49,0.56,5.6000,1,4685.17,4734.36,16.32,1639.5224,7.5224,2026-05-13T15:22:41.609,4685.06,4685.62,4685.06,STOP,0,0,8561,0,0.0000,1,-1643.0000,-1650.5224,-1.002121,0.004588,-1.006709,9.11,16.43,0.555650,1.002121,-6.79,-17.10,-21.14,-12.62,-0.72,CONTINUATION,CONTINUATION,CONTINUATION,CONTINUATION,CONTINUATION,13,WEDNESDAY,H13_17,GE5,NO_CALENDAR_OBSERVE_ONLY,0
H1,25b41dc0f90a6bf7,B_NEXT_BAR_CONFIRM,LONG,EXPIRED,CONFIRMATION_FAILED,SWING_LOW,1540eaca8b1260e8,0,0,2.304358,2026-05-13T12:00:00,2026-05-13T13:00:00,4700.68,4701.83,4686.03,4700.92,4687.67,4687.67,4686.03,1.64,13.25,16.4000,132.5000,,,NA,NA,NA,NA,NA,NA,NA,NA,NA,NA,NA,NA,,NA,NA,NA,,NA,NA,NA,0,NA,1,NA,NA,NA,NA,NA,NA,NA,NA,NA,-6.79,-17.10,-21.14,-12.62,-0.72,CONTINUATION,CONTINUATION,CONTINUATION,CONTINUATION,CONTINUATION,13,WEDNESDAY,H13_17,NA,NO_CALENDAR_OBSERVE_ONLY,0
H1,3be271c27064c635,A_RECLAIM_CONTROL,SHORT,CLOSED,TP,SWING_HIGH,6a91123a436ffd8b,0,0,1.955832,2026-05-14T10:00:00,2026-05-14T11:00:00,4700.21,4718.78,4690.78,4693.13,4712.70,4712.70,4718.78,6.08,19.57,60.8000,195.7000,2026-05-14T11:00:00,2026-05-14T11:00:00.073,73,4693.09,4693.65,4693.09,0.56,5.6000,1,4719.64,4639.76,26.55,2662.5089,7.5089,2026-05-15T03:25:18.623,4639.00,4639.63,4639.63,TP,0,0,59118,1,46.9170,1,5346.0000,5291.5741,2.007881,0.020442,1.987439,53.46,17.56,2.007881,0.659528,-0.18,-3.91,-11.83,14.99,87.27,CONTINUATION,CONTINUATION,CONTINUATION,REVERSAL,REVERSAL,11,THURSDAY,H08_13,GE5,NO_CALENDAR_OBSERVE_ONLY,0
H1,3be271c27064c635,B_NEXT_BAR_CONFIRM,SHORT,EXPIRED,CONFIRMATION_FAILED,SWING_HIGH,6a91123a436ffd8b,0,0,1.955832,2026-05-14T10:00:00,2026-05-14T11:00:00,4700.21,4718.78,4690.78,4693.13,4712.70,4712.70,4718.78,6.08,19.57,60.8000,195.7000,,,NA,NA,NA,NA,NA,NA,NA,NA,NA,NA,NA,NA,,NA,NA,NA,,NA,NA,NA,0,NA,1,NA,NA,NA,NA,NA,NA,NA,NA,NA,-0.18,-3.91,-11.83,14.99,87.27,CONTINUATION,CONTINUATION,CONTINUATION,REVERSAL,REVERSAL,11,THURSDAY,H08_13,NA,NO_CALENDAR_OBSERVE_ONLY,0
H1,5938702f55796389,A_RECLAIM_CONTROL,LONG,CLOSED,STOP,SWING_LOW,e661eed1aee18b74,0,0,2.134342,2026-05-14T16:00:00,2026-05-14T17:00:00,4704.95,4707.81,4666.69,4679.55,4668.69,4668.69,4666.69,2.00,10.86,20.0000,108.6000,2026-05-14T17:00:00,2026-05-14T17:00:00.177,177,4679.54,4680.10,4680.10,0.56,5.6000,1,4665.83,4708.87,14.27,1434.4882,7.4882,2026-05-14T22:29:57.112,4665.67,4666.52,4665.67,STOP,0,0,19796,0,0.0000,1,-1443.0000,-1450.4882,-1.005934,0.005220,-1.011154,20.73,14.43,1.445115,1.005934,-0.06,-1.01,-7.97,-49.42,-113.42,CONTINUATION,CONTINUATION,CONTINUATION,CONTINUATION,CONTINUATION,17,THURSDAY,H17_24,GE5,NO_CALENDAR_OBSERVE_ONLY,0
H1,5938702f55796389,B_NEXT_BAR_CONFIRM,LONG,EXPIRED,CONFIRMATION_FAILED,SWING_LOW,e661eed1aee18b74,0,0,2.134342,2026-05-14T16:00:00,2026-05-14T17:00:00,4704.95,4707.81,4666.69,4679.55,4668.69,4668.69,4666.69,2.00,10.86,20.0000,108.6000,,,NA,NA,NA,NA,NA,NA,NA,NA,NA,NA,NA,NA,,NA,NA,NA,,NA,NA,NA,0,NA,1,NA,NA,NA,NA,NA,NA,NA,NA,NA,-0.06,-1.01,-7.97,-49.42,-113.42,CONTINUATION,CONTINUATION,CONTINUATION,CONTINUATION,CONTINUATION,17,THURSDAY,H17_24,NA,NO_CALENDAR_OBSERVE_ONLY,0
H1,ec15d1dbf83f7db7,A_RECLAIM_CONTROL,LONG,CLOSED,STOP,SWING_LOW,d47db4588d7db19c,0,0,0.387156,2026-05-15T12:00:00,2026-05-15T13:00:00,4554.34,4563.79,4531.79,4545.70,4539.89,4539.89,4531.79,8.10,5.81,81.0000,58.1000,2026-05-15T13:00:00,2026-05-15T13:00:00.055,55,4545.69,4546.24,4546.24,0.55,5.5000,1,4530.94,4577.06,15.30,1537.2740,7.2740,2026-05-15T16:37:27.136,4530.90,4531.46,4530.90,STOP,0,0,13047,0,0.0000,1,-1534.0000,-1541.2740,-0.997870,0.004732,-1.002602,26.33,15.34,1.712772,0.997870,20.43,0.21,17.09,0.11,1.10,REVERSAL,REVERSAL,REVERSAL,REVERSAL,REVERSAL,13,FRIDAY,H13_17,GE5,NO_CALENDAR_OBSERVE_ONLY,0
H1,ec15d1dbf83f7db7,B_NEXT_BAR_CONFIRM,LONG,CLOSED,STOP,SWING_LOW,d47db4588d7db19c,0,0,0.387156,2026-05-15T12:00:00,2026-05-15T13:00:00,4554.34,4563.79,4531.79,4545.70,4539.89,4539.89,4531.79,8.10,5.81,81.0000,58.1000,2026-05-15T14:00:00,2026-05-15T14:00:00.022,22,4566.14,4566.70,4566.70,0.56,5.6000,1,4530.93,4638.46,35.77,3584.3067,7.3067,2026-05-15T16:37:27.136,4530.90,4531.46,4530.90,STOP,0,0,9447,0,0.0000,1,-3580.0000,-3587.3067,-0.998798,0.002039,-1.000837,3.48,35.80,0.097090,0.998798,20.43,0.21,17.09,0.11,1.10,REVERSAL,REVERSAL,REVERSAL,REVERSAL,REVERSAL,13,FRIDAY,H13_17,GE5,NO_CALENDAR_OBSERVE_ONLY,0
H1,3c6ab47062060c94,A_RECLAIM_CONTROL,LONG,CLOSED,STOP,SWING_LOW,b4b1639fb872c761,0,0,5.944187,2026-05-15T16:00:00,2026-05-15T17:00:00,4545.90,4557.51,4511.50,4533.51,4531.79,4531.79,4511.50,20.29,1.72,202.9000,17.2000,2026-05-15T17:00:00,2026-05-15T17:00:00.041,41,4533.42,4533.98,4533.98,0.56,5.6000,1,4510.64,4580.88,23.34,2341.2544,7.2544,2026-05-18T03:33:19.804,4510.54,4511.17,4510.54,STOP,0,0,210799,1,107.1510,1,-2344.0000,-2458.4054,-1.001173,0.048865,-1.050038,32.64,23.44,1.394124,1.001173,29.28,11.06,25.70,-17.49,6.72,REVERSAL,REVERSAL,REVERSAL,CONTINUATION,REVERSAL,17,FRIDAY,H17_24,GE5,NO_CALENDAR_OBSERVE_ONLY,0
H1,3c6ab47062060c94,B_NEXT_BAR_CONFIRM,LONG,CLOSED,STOP,SWING_LOW,b4b1639fb872c761,0,0,5.944187,2026-05-15T16:00:00,2026-05-15T17:00:00,4545.90,4557.51,4511.50,4533.51,4531.79,4531.79,4511.50,20.29,1.72,202.9000,17.2000,2026-05-15T18:00:00,2026-05-15T18:00:00.269,269,4562.82,4563.38,4563.38,0.56,5.6000,1,4510.64,4669.08,52.74,5281.3014,7.3014,2026-05-18T03:33:19.804,4510.54,4511.17,4510.54,STOP,0,0,207199,1,107.1510,1,-5284.0000,-5398.4524,-1.000511,0.021671,-1.022182,1.13,52.84,0.021396,1.000511,29.28,11.06,25.70,-17.49,6.72,REVERSAL,REVERSAL,REVERSAL,CONTINUATION,REVERSAL,17,FRIDAY,H17_24,GE5,NO_CALENDAR_OBSERVE_ONLY,0
H1,2b46f910545b1b2e,A_RECLAIM_CONTROL,LONG,CLOSED,STOP,PDL;PSL;SWING_LOW,7f307bfb98d4afd2;b14126d3234eee9a;d07790aa6870d6fb,0,0,2.417664,2026-05-18T03:00:00,2026-05-18T04:00:00,4537.15,4542.68,4480.37,4516.02,4511.50,4511.50,4480.37,31.13,4.52,311.3000,45.2000,2026-05-18T04:00:00,2026-05-18T04:00:00.134,134,4516.06,4516.69,4516.69,0.63,6.3000,1,4479.44,4591.41,37.25,3732.2267,7.2267,2026-05-19T16:31:22.499,4479.39,4479.95,4479.39,STOP,0,0,131482,1,107.1510,1,-3730.0000,-3844.3777,-0.999403,0.030646,-1.030049,72.78,37.30,1.950042,0.999403,9.37,25.06,14.93,24.21,49.97,REVERSAL,REVERSAL,REVERSAL,REVERSAL,REVERSAL,4,MONDAY,H00_08,GE5,NO_CALENDAR_OBSERVE_ONLY,0
H1,2b46f910545b1b2e,B_NEXT_BAR_CONFIRM,LONG,EXPIRED,CONFIRMATION_FAILED,PDL;PSL;SWING_LOW,7f307bfb98d4afd2;b14126d3234eee9a;d07790aa6870d6fb,0,0,2.417664,2026-05-18T03:00:00,2026-05-18T04:00:00,4537.15,4542.68,4480.37,4516.02,4511.50,4511.50,4480.37,31.13,4.52,311.3000,45.2000,,,NA,NA,NA,NA,NA,NA,NA,NA,NA,NA,NA,NA,,NA,NA,NA,,NA,NA,NA,0,NA,1,NA,NA,NA,NA,NA,NA,NA,NA,NA,9.37,25.06,14.93,24.21,49.97,REVERSAL,REVERSAL,REVERSAL,REVERSAL,REVERSAL,4,MONDAY,H00_08,NA,NO_CALENDAR_OBSERVE_ONLY,0
H1,b060d6eeaad83fd6,A_RECLAIM_CONTROL,SHORT,CLOSED,STOP,SWING_HIGH,a7d29b1db676613b,0,0,1.317618,2026-05-18T14:00:00,2026-05-18T15:00:00,4540.42,4567.11,4529.88,4550.65,4559.96,4559.96,4567.11,7.15,9.31,71.5000,93.1000,2026-05-18T15:00:00,2026-05-18T15:00:00.226,226,4550.66,4551.21,4550.66,0.55,5.5000,1,4567.96,4515.84,17.30,1737.2811,7.2811,2026-05-18T15:43:17.650,4567.41,4567.97,4567.97,STOP,0,0,2597,0,0.0000,1,-1731.0000,-1738.2811,-0.996385,0.004191,-1.000576,4.85,17.31,0.279172,0.996385,-20.77,4.01,0.46,-23.21,7.90,CONTINUATION,REVERSAL,REVERSAL,CONTINUATION,REVERSAL,15,MONDAY,H13_17,GE5,NO_CALENDAR_OBSERVE_ONLY,0
H1,b060d6eeaad83fd6,B_NEXT_BAR_CONFIRM,SHORT,EXPIRED,CONFIRMATION_FAILED,SWING_HIGH,a7d29b1db676613b,0,0,1.317618,2026-05-18T14:00:00,2026-05-18T15:00:00,4540.42,4567.11,4529.88,4550.65,4559.96,4559.96,4567.11,7.15,9.31,71.5000,93.1000,,,NA,NA,NA,NA,NA,NA,NA,NA,NA,NA,NA,NA,,NA,NA,NA,,NA,NA,NA,0,NA,1,NA,NA,NA,NA,NA,NA,NA,NA,NA,-20.77,4.01,0.46,-23.21,7.90,CONTINUATION,REVERSAL,REVERSAL,CONTINUATION,REVERSAL,15,MONDAY,H13_17,NA,NO_CALENDAR_OBSERVE_ONLY,0
H1,ab0776e8c21f606d,A_RECLAIM_CONTROL,SHORT,CLOSED,STOP,SWING_HIGH,99cd8925e0d05665,0,0,1.859351,2026-05-18T15:00:00,2026-05-18T16:00:00,4550.66,4574.81,4545.25,4571.42,4572.57,4572.57,4574.81,2.24,1.15,22.4000,11.5000,2026-05-18T16:00:00,2026-05-18T16:00:00.019,19,4571.41,4571.97,4571.41,0.56,5.6000,1,4575.67,4562.67,4.26,433.3143,7.3143,2026-05-18T16:00:43.236,4575.11,4575.67,4575.67,STOP,0,0,43,0,0.0000,1,-426.0000,-433.3143,-0.983120,0.016880,-1.000000,-0.56,4.26,-0.129236,0.983120,-4.22,27.92,24.44,-10.37,29.60,CONTINUATION,REVERSAL,REVERSAL,CONTINUATION,REVERSAL,16,MONDAY,H13_17,GE5,NO_CALENDAR_OBSERVE_ONLY,0
H1,ab0776e8c21f606d,B_NEXT_BAR_CONFIRM,SHORT,EXPIRED,CONFIRMATION_FAILED,SWING_HIGH,99cd8925e0d05665,0,0,1.859351,2026-05-18T15:00:00,2026-05-18T16:00:00,4550.66,4574.81,4545.25,4571.42,4572.57,4572.57,4574.81,2.24,1.15,22.4000,11.5000,,,NA,NA,NA,NA,NA,NA,NA,NA,NA,NA,NA,NA,,NA,NA,NA,,NA,NA,NA,0,NA,1,NA,NA,NA,NA,NA,NA,NA,NA,NA,-4.22,27.92,24.44,-10.37,29.60,CONTINUATION,REVERSAL,REVERSAL,CONTINUATION,REVERSAL,16,MONDAY,H13_17,NA,NO_CALENDAR_OBSERVE_ONLY,0
H1,2ff90514ba3df6c0,A_RECLAIM_CONTROL,SHORT,CLOSED,STOP,PDH;PSH;SWING_HIGH,6cc84426feca1334;a522cfe9a5b25bcd;ab0748944e789ba9,0,0,2.247053,2026-05-19T02:00:00,2026-05-19T03:00:00,4573.90,4588.86,4573.58,4581.79,4584.18,4584.18,4588.86,4.68,2.39,46.8000,23.9000,2026-05-19T03:00:00,2026-05-19T03:00:00.286,286,4582.08,4582.71,4582.08,0.63,6.3000,1,4589.79,4566.44,7.71,778.3313,7.3313,2026-05-19T03:02:05.685,4589.33,4589.96,4589.96,STOP,0,0,125,0,0.0000,1,-788.0000,-795.3313,-1.012422,0.009419,-1.021842,-0.08,7.88,-0.010278,1.012422,18.47,34.70,39.33,39.97,98.32,REVERSAL,REVERSAL,REVERSAL,REVERSAL,REVERSAL,3,TUESDAY,H00_08,GE5,NO_CALENDAR_OBSERVE_ONLY,0
H1,2ff90514ba3df6c0,B_NEXT_BAR_CONFIRM,SHORT,CLOSED,TP,PDH;PSH;SWING_HIGH,6cc84426feca1334;a522cfe9a5b25bcd;ab0748944e789ba9,0,0,2.247053,2026-05-19T02:00:00,2026-05-19T03:00:00,4573.90,4588.86,4573.58,4581.79,4584.18,4584.18,4588.86,4.68,2.39,46.8000,23.9000,2026-05-19T04:00:00,2026-05-19T04:00:00.189,189,4563.20,4563.83,4563.20,0.63,6.3000,1,4589.79,4509.80,26.59,2666.3011,7.3011,2026-05-19T16:23:28.651,4509.08,4509.64,4509.64,TP,0,0,44608,0,0.0000,1,5356.0000,5348.6989,2.008775,0.002738,2.006037,53.56,9.72,2.008775,0.364550,18.47,34.70,39.33,39.97,98.32,REVERSAL,REVERSAL,REVERSAL,REVERSAL,REVERSAL,3,TUESDAY,H00_08,GE5,NO_CALENDAR_OBSERVE_ONLY,0
H1,fa55625feaa36114,A_RECLAIM_CONTROL,LONG,CLOSED,STOP,PSL;SWING_LOW,d89356603480405e;e081d03b3749f718,0,0,2.266642,2026-05-19T08:00:00,2026-05-19T09:00:00,4542.65,4546.58,4530.95,4540.77,4531.77,4531.77,4530.95,0.82,9.00,8.2000,90.0000,2026-05-19T09:00:00,2026-05-19T09:00:00.085,85,4540.81,4541.41,4541.41,0.60,6.0000,1,4530.05,4564.35,11.36,1143.2663,7.2663,2026-05-19T13:43:41.326,4529.72,4530.28,4529.72,STOP,0,0,17021,0,0.0000,1,-1169.0000,-1176.2663,-1.022509,0.006356,-1.028865,17.95,11.69,1.570063,1.022509,7.28,1.98,3.86,-32.35,-75.49,REVERSAL,REVERSAL,REVERSAL,CONTINUATION,CONTINUATION,9,TUESDAY,H08_13,GE5,NO_CALENDAR_OBSERVE_ONLY,0
H1,fa55625feaa36114,B_NEXT_BAR_CONFIRM,LONG,CLOSED,STOP,PSL;SWING_LOW,d89356603480405e;e081d03b3749f718,0,0,2.266642,2026-05-19T08:00:00,2026-05-19T09:00:00,4542.65,4546.58,4530.95,4540.77,4531.77,4531.77,4530.95,0.82,9.00,8.2000,90.0000,2026-05-19T10:00:00,2026-05-19T10:00:00.064,64,4548.06,4548.67,4548.67,0.61,6.1000,1,4530.04,4586.15,18.63,1870.2779,7.2779,2026-05-19T13:43:41.326,4529.72,4530.28,4529.72,STOP,0,0,13421,0,0.0000,1,-1895.0000,-1902.2779,-1.013218,0.003891,-1.017110,10.69,18.95,0.571573,1.013218,7.28,1.98,3.86,-32.35,-75.49,REVERSAL,REVERSAL,REVERSAL,CONTINUATION,CONTINUATION,9,TUESDAY,H08_13,GE5,NO_CALENDAR_OBSERVE_ONLY,0
H1,288e853d2898d8e3,A_RECLAIM_CONTROL,LONG,CLOSED,STOP,SWING_LOW,8af596b2337bfab7,0,0,3.061429,2026-05-19T13:00:00,2026-05-19T14:00:00,4541.83,4544.64,4525.43,4544.63,4530.95,4530.95,4525.43,5.52,13.68,55.2000,136.8000,2026-05-19T14:00:00,2026-05-19T14:00:00.022,22,4544.66,4545.22,4545.22,0.56,5.6000,1,4524.57,4586.74,20.65,2072.2724,7.2724,2026-05-19T16:04:35.970,4524.47,4525.03,4524.47,STOP,0,0,7475,0,0.0000,1,-2075.0000,-2082.2724,-1.001316,0.003509,-1.004826,2.70,20.75,0.130292,1.001316,-13.86,-40.61,-36.21,-62.72,-66.03,CONTINUATION,CONTINUATION,CONTINUATION,CONTINUATION,CONTINUATION,14,TUESDAY,H13_17,GE5,NO_CALENDAR_OBSERVE_ONLY,0
H1,288e853d2898d8e3,B_NEXT_BAR_CONFIRM,LONG,EXPIRED,CONFIRMATION_FAILED,SWING_LOW,8af596b2337bfab7,0,0,3.061429,2026-05-19T13:00:00,2026-05-19T14:00:00,4541.83,4544.64,4525.43,4544.63,4530.95,4530.95,4525.43,5.52,13.68,55.2000,136.8000,,,NA,NA,NA,NA,NA,NA,NA,NA,NA,NA,NA,NA,,NA,NA,NA,,NA,NA,NA,0,NA,1,NA,NA,NA,NA,NA,NA,NA,NA,NA,-13.86,-40.61,-36.21,-62.72,-66.03,CONTINUATION,CONTINUATION,CONTINUATION,CONTINUATION,CONTINUATION,14,TUESDAY,H13_17,NA,NO_CALENDAR_OBSERVE_ONLY,0
H1,1191525c4d5ebd33,A_RECLAIM_CONTROL,LONG,CLOSED,STOP,PDL;SWING_LOW,3ce6b748c15def9e;be053b6483671a1e,0,0,3.224028,2026-05-19T16:00:00,2026-05-19T17:00:00,4537.21,4537.35,4464.68,4504.02,4480.37,4480.37,4464.68,15.69,23.65,156.9000,236.5000,2026-05-19T17:00:00,2026-05-19T17:00:00.094,94,4504.00,4504.55,4504.55,0.55,5.5000,1,4463.83,4586.21,40.72,4079.2073,7.2073,2026-05-20T04:36:09.695,4463.67,4464.30,4463.67,STOP,0,0,41769,1,107.1510,1,-4088.0000,-4202.3583,-1.002155,0.028034,-1.030190,9.58,40.88,0.234850,1.002155,-9.86,3.70,-10.45,-3.09,-9.34,CONTINUATION,REVERSAL,CONTINUATION,CONTINUATION,CONTINUATION,17,TUESDAY,H17_24,GE5,NO_CALENDAR_OBSERVE_ONLY,0
H1,1191525c4d5ebd33,B_NEXT_BAR_CONFIRM,LONG,EXPIRED,CONFIRMATION_FAILED,PDL;SWING_LOW,3ce6b748c15def9e;be053b6483671a1e,0,0,3.224028,2026-05-19T16:00:00,2026-05-19T17:00:00,4537.21,4537.35,4464.68,4504.02,4480.37,4480.37,4464.68,15.69,23.65,156.9000,236.5000,,,NA,NA,NA,NA,NA,NA,NA,NA,NA,NA,NA,NA,,NA,NA,NA,,NA,NA,NA,0,NA,1,NA,NA,NA,NA,NA,NA,NA,NA,NA,-9.86,3.70,-10.45,-3.09,-9.34,CONTINUATION,REVERSAL,CONTINUATION,CONTINUATION,CONTINUATION,17,TUESDAY,H17_24,NA,NO_CALENDAR_OBSERVE_ONLY,0
H1,eaae21bcad970c44,A_RECLAIM_CONTROL,LONG,CLOSED,STOP,SWING_LOW,cc10583d27c199e1,0,0,3.602689,2026-05-20T04:00:00,2026-05-20T05:00:00,4500.96,4506.09,4455.97,4481.32,4477.43,4477.43,4455.97,21.46,3.89,214.6000,38.9000,2026-05-20T05:00:00,2026-05-20T05:00:00.286,286,4481.37,4481.97,4481.97,0.60,6.0000,1,4455.07,4535.99,26.90,2697.1712,7.1712,2026-05-20T06:06:18.819,4455.06,4455.69,4455.06,STOP,0,0,3978,0,0.0000,1,-2691.0000,-2698.1712,-0.997712,0.002659,-1.000371,5.06,26.91,0.187604,0.997712,-16.04,-19.24,-7.03,17.83,58.54,CONTINUATION,CONTINUATION,CONTINUATION,REVERSAL,REVERSAL,5,WEDNESDAY,H00_08,GE5,NO_CALENDAR_OBSERVE_ONLY,0
H1,eaae21bcad970c44,B_NEXT_BAR_CONFIRM,LONG,EXPIRED,CONFIRMATION_FAILED,SWING_LOW,cc10583d27c199e1,0,0,3.602689,2026-05-20T04:00:00,2026-05-20T05:00:00,4500.96,4506.09,4455.97,4481.32,4477.43,4477.43,4455.97,21.46,3.89,214.6000,38.9000,,,NA,NA,NA,NA,NA,NA,NA,NA,NA,NA,NA,NA,,NA,NA,NA,,NA,NA,NA,0,NA,1,NA,NA,NA,NA,NA,NA,NA,NA,NA,-16.04,-19.24,-7.03,17.83,58.54,CONTINUATION,CONTINUATION,CONTINUATION,REVERSAL,REVERSAL,5,WEDNESDAY,H00_08,NA,NO_CALENDAR_OBSERVE_ONLY,0
H1,38f39a50d66ed601,A_RECLAIM_CONTROL,SHORT,CLOSED,STOP,SWING_HIGH,c06d2edef55f20b0,0,0,0.993146,2026-05-20T18:00:00,2026-05-20T19:00:00,4531.38,4552.62,4523.15,4529.21,4547.92,4547.92,4552.62,4.70,18.71,47.0000,187.1000,2026-05-20T19:00:00,2026-05-20T19:00:00.530,530,4529.04,4529.60,4529.04,0.56,5.6000,1,4553.48,4479.94,24.44,2451.2465,7.2465,2026-05-21T03:15:35.287,4552.86,4553.49,4553.49,STOP,0,0,29734,3,140.7510,1,-2445.0000,-2592.9975,-0.997452,0.060376,-1.057828,4.29,24.45,0.175013,0.997452,-5.23,-13.17,-14.69,-4.04,25.07,CONTINUATION,CONTINUATION,CONTINUATION,CONTINUATION,REVERSAL,19,WEDNESDAY,H17_24,GE5,NO_CALENDAR_OBSERVE_ONLY,0
H1,38f39a50d66ed601,B_NEXT_BAR_CONFIRM,SHORT,EXPIRED,CONFIRMATION_FAILED,SWING_HIGH,c06d2edef55f20b0,0,0,0.993146,2026-05-20T18:00:00,2026-05-20T19:00:00,4531.38,4552.62,4523.15,4529.21,4547.92,4547.92,4552.62,4.70,18.71,47.0000,187.1000,,,NA,NA,NA,NA,NA,NA,NA,NA,NA,NA,NA,NA,,NA,NA,NA,,NA,NA,NA,0,NA,1,NA,NA,NA,NA,NA,NA,NA,NA,NA,-5.23,-13.17,-14.69,-4.04,25.07,CONTINUATION,CONTINUATION,CONTINUATION,CONTINUATION,REVERSAL,19,WEDNESDAY,H17_24,NA,NO_CALENDAR_OBSERVE_ONLY,0
H1,cd6ce9a0dbcd7ea2,A_RECLAIM_CONTROL,SHORT,CLOSED,STOP,SWING_HIGH,b0a2367e565c65a7,0,0,4.613697,2026-05-21T03:00:00,2026-05-21T04:00:00,4546.81,4553.29,4537.34,4545.26,4550.34,4550.34,4553.29,2.95,5.08,29.5000,50.8000,2026-05-21T04:00:00,2026-05-21T04:00:00.159,159,4545.28,4545.91,4545.28,0.63,6.3000,1,4554.22,4527.18,8.94,901.2724,7.2724,2026-05-21T04:10:37.256,4554.29,4554.92,4554.92,STOP,0,0,637,0,0.0000,1,-964.0000,-971.2724,-1.069599,0.008069,-1.077668,4.73,9.64,0.524814,1.069599,-15.86,16.94,17.34,33.73,2.60,CONTINUATION,REVERSAL,REVERSAL,REVERSAL,REVERSAL,4,THURSDAY,H00_08,GE5,NO_CALENDAR_OBSERVE_ONLY,0
H1,cd6ce9a0dbcd7ea2,B_NEXT_BAR_CONFIRM,SHORT,EXPIRED,CONFIRMATION_FAILED,SWING_HIGH,b0a2367e565c65a7,0,0,4.613697,2026-05-21T03:00:00,2026-05-21T04:00:00,4546.81,4553.29,4537.34,4545.26,4550.34,4550.34,4553.29,2.95,5.08,29.5000,50.8000,,,NA,NA,NA,NA,NA,NA,NA,NA,NA,NA,NA,NA,,NA,NA,NA,,NA,NA,NA,0,NA,1,NA,NA,NA,NA,NA,NA,NA,NA,NA,-15.86,16.94,17.34,33.73,2.60,CONTINUATION,REVERSAL,REVERSAL,REVERSAL,REVERSAL,4,THURSDAY,H00_08,NA,NO_CALENDAR_OBSERVE_ONLY,0
H1,4e06734429e1c8aa,A_RECLAIM_CONTROL,SHORT,CLOSED,STOP,SWING_HIGH,2f30cdfd6b698d86,0,0,0.940935,2026-05-22T12:00:00,2026-05-22T13:00:00,4521.89,4535.94,4514.83,4532.24,4534.32,4534.32,4535.94,1.62,2.08,16.2000,20.8000,2026-05-22T13:00:00,2026-05-22T13:00:00.215,215,4532.22,4532.67,4532.22,0.45,4.5000,1,4536.69,4523.06,4.47,454.2516,7.2516,2026-05-22T13:08:13.678,4536.29,4536.74,4536.74,STOP,0,0,493,0,0.0000,1,-452.0000,-459.2516,-0.995043,0.015964,-1.011007,2.17,4.52,0.477709,0.995043,17.49,3.89,31.63,23.92,-30.19,REVERSAL,REVERSAL,REVERSAL,REVERSAL,CONTINUATION,13,FRIDAY,H13_17,3_5,NO_CALENDAR_OBSERVE_ONLY,0
H1,4e06734429e1c8aa,B_NEXT_BAR_CONFIRM,SHORT,CLOSED,GAP_STOP,SWING_HIGH,2f30cdfd6b698d86,0,0,0.940935,2026-05-22T12:00:00,2026-05-22T13:00:00,4521.89,4535.94,4514.83,4532.24,4534.32,4534.32,4535.94,1.62,2.08,16.2000,20.8000,2026-05-22T14:00:00,2026-05-22T14:00:00.067,67,4514.74,4515.19,4514.74,0.45,4.5000,1,4536.69,4470.62,21.95,2202.2236,7.2236,2026-05-25T01:00:02.194,4536.69,4537.59,4537.59,GAP_STOP,1,0,212402,1,46.9170,1,-2285.0000,-2339.1406,-1.037588,0.024585,-1.062172,23.69,22.85,1.075731,1.037588,17.49,3.89,31.63,23.92,-30.19,REVERSAL,REVERSAL,REVERSAL,REVERSAL,CONTINUATION,13,FRIDAY,H13_17,3_5,NO_CALENDAR_OBSERVE_ONLY,0
H1,5e8860102b28ffcb,A_RECLAIM_CONTROL,SHORT,CLOSED,STOP,SWING_HIGH,2e1de9827d2bcf00,0,0,1.869462,2026-05-25T02:00:00,2026-05-25T03:00:00,4565.00,4580.21,4564.90,4567.01,4570.76,4570.76,4580.21,9.45,3.75,94.5000,37.5000,2026-05-25T03:00:00,2026-05-25T03:00:00.094,94,4567.00,4567.60,4567.00,0.60,6.0000,1,4581.11,4538.56,14.11,1418.3072,7.3072,2026-05-26T02:18:23.333,4580.28,4581.18,4581.18,STOP,0,0,83903,1,46.9170,1,-1418.0000,-1472.2242,-0.999783,0.038232,-1.038015,15.95,14.18,1.124580,0.999783,-2.47,5.71,2.22,-0.55,-2.56,CONTINUATION,REVERSAL,REVERSAL,CONTINUATION,CONTINUATION,3,MONDAY,H00_08,GE5,NO_CALENDAR_OBSERVE_ONLY,1
H1,5e8860102b28ffcb,B_NEXT_BAR_CONFIRM,SHORT,EXPIRED,CONFIRMATION_FAILED,SWING_HIGH,2e1de9827d2bcf00,0,0,1.869462,2026-05-25T02:00:00,2026-05-25T03:00:00,4565.00,4580.21,4564.90,4567.01,4570.76,4570.76,4580.21,9.45,3.75,94.5000,37.5000,,,NA,NA,NA,NA,NA,NA,NA,NA,NA,NA,NA,NA,,NA,NA,NA,,NA,NA,NA,0,NA,1,NA,NA,NA,NA,NA,NA,NA,NA,NA,-2.47,5.71,2.22,-0.55,-2.56,CONTINUATION,REVERSAL,REVERSAL,CONTINUATION,CONTINUATION,3,MONDAY,H00_08,NA,NO_CALENDAR_OBSERVE_ONLY,0
H1,45789529b1914da4,A_RECLAIM_CONTROL,SHORT,CLOSED,STOP,SWING_HIGH,db7d3d2133ba40b9,0,0,1.857607,2026-05-25T20:00:00,2026-05-25T21:00:00,4573.46,4577.84,4563.33,4565.09,4577.09,4577.09,4577.84,0.75,12.00,7.5000,120.0000,2026-05-25T21:00:00,2026-05-25T21:00:00.555,555,4565.15,4565.87,4565.15,0.72,7.2000,1,4578.86,4537.51,13.71,1378.3042,7.3042,2026-05-26T02:10:37.600,4577.99,4578.89,4578.89,STOP,0,0,18637,1,46.9170,1,-1374.0000,-1428.2212,-0.996877,0.039339,-1.036216,0.06,13.74,0.004353,0.996877,-4.48,-6.32,5.38,39.64,49.83,CONTINUATION,CONTINUATION,REVERSAL,REVERSAL,REVERSAL,21,MONDAY,H17_24,GE5,NO_CALENDAR_OBSERVE_ONLY,1
H1,45789529b1914da4,B_NEXT_BAR_CONFIRM,SHORT,EXPIRED,CONFIRMATION_FAILED,SWING_HIGH,db7d3d2133ba40b9,0,0,1.857607,2026-05-25T20:00:00,2026-05-25T21:00:00,4573.46,4577.84,4563.33,4565.09,4577.09,4577.09,4577.84,0.75,12.00,7.5000,120.0000,,,NA,NA,NA,NA,NA,NA,NA,NA,NA,NA,NA,NA,,NA,NA,NA,,NA,NA,NA,0,NA,1,NA,NA,NA,NA,NA,NA,NA,NA,NA,-4.48,-6.32,5.38,39.64,49.83,CONTINUATION,CONTINUATION,REVERSAL,REVERSAL,REVERSAL,21,MONDAY,H17_24,NA,NO_CALENDAR_OBSERVE_ONLY,0
H1,925a82005fe5c329,A_RECLAIM_CONTROL,SHORT,CLOSED,TP,PSH;SWING_HIGH,003f38dda45efe2e;8110de5248c57523,0,0,2.101999,2026-05-26T02:00:00,2026-05-26T03:00:00,4574.91,4580.28,4555.21,4559.71,4577.84,4577.84,4580.28,2.44,18.13,24.4000,181.3000,2026-05-26T03:00:00,2026-05-26T03:00:00.144,144,4559.69,4560.28,4559.69,0.59,5.9000,1,4581.17,4516.51,21.48,2155.2955,7.2955,2026-05-26T12:39:53.437,4515.98,4516.45,4516.45,TP,0,0,34793,0,0.0000,1,4324.0000,4316.7045,2.006221,0.003385,2.002836,43.24,1.11,2.006221,0.051501,10.11,27.44,34.26,36.99,50.77,REVERSAL,REVERSAL,REVERSAL,REVERSAL,REVERSAL,3,TUESDAY,H00_08,GE5,NO_CALENDAR_OBSERVE_ONLY,0
H1,925a82005fe5c329,B_NEXT_BAR_CONFIRM,SHORT,CLOSED,TP,PSH;SWING_HIGH,003f38dda45efe2e;8110de5248c57523,0,0,2.101999,2026-05-26T02:00:00,2026-05-26T03:00:00,4574.91,4580.28,4555.21,4559.71,4577.84,4577.84,4580.28,2.44,18.13,24.4000,181.3000,2026-05-26T04:00:00,2026-05-26T04:00:00.153,153,4549.58,4550.18,4549.58,0.60,6.0000,1,4581.18,4486.16,31.60,3167.2793,7.2793,2026-05-26T21:03:12.891,4485.46,4486.16,4486.16,TP,0,0,61392,0,0.0000,1,6342.0000,6334.7207,2.002349,0.002298,2.000051,63.42,1.47,2.002349,0.046412,10.11,27.44,34.26,36.99,50.77,REVERSAL,REVERSAL,REVERSAL,REVERSAL,REVERSAL,3,TUESDAY,H00_08,GE5,NO_CALENDAR_OBSERVE_ONLY,0
H1,aea11b105317be15,A_RECLAIM_CONTROL,LONG,CLOSED,STOP,PDL,44b48330b61cf87d,0,0,NA,2026-05-26T04:00:00,2026-05-26T05:00:00,4549.58,4550.45,4527.70,4537.04,4532.73,4532.73,4527.70,5.03,4.31,50.3000,43.1000,2026-05-26T05:00:00,2026-05-26T05:00:00.501,501,4537.05,4537.64,4537.64,0.59,5.9000,1,4526.81,4559.52,10.83,1090.2602,7.2602,2026-05-26T07:37:00.650,4526.54,4527.14,4526.54,STOP,0,0,9420,0,0.0000,1,-1110.0000,-1117.2602,-1.018106,0.006659,-1.024765,7.70,11.10,0.706253,1.018106,-4.77,-11.59,-6.05,-29.83,-26.07,CONTINUATION,CONTINUATION,CONTINUATION,CONTINUATION,CONTINUATION,5,TUESDAY,H00_08,GE5,NO_CALENDAR_OBSERVE_ONLY,0
H1,aea11b105317be15,B_NEXT_BAR_CONFIRM,LONG,EXPIRED,CONFIRMATION_FAILED,PDL,44b48330b61cf87d,0,0,NA,2026-05-26T04:00:00,2026-05-26T05:00:00,4549.58,4550.45,4527.70,4537.04,4532.73,4532.73,4527.70,5.03,4.31,50.3000,43.1000,,,NA,NA,NA,NA,NA,NA,NA,NA,NA,NA,NA,NA,,NA,NA,NA,,NA,NA,NA,0,NA,1,NA,NA,NA,NA,NA,NA,NA,NA,NA,-4.77,-11.59,-6.05,-29.83,-26.07,CONTINUATION,CONTINUATION,CONTINUATION,CONTINUATION,CONTINUATION,5,TUESDAY,H00_08,NA,NO_CALENDAR_OBSERVE_ONLY,0
H1,4fdd985bde60cf9d,A_RECLAIM_CONTROL,LONG,CLOSED,STOP,SWING_LOW,95ddcf8ab0c735d8,0,0,1.281812,2026-05-26T15:00:00,2026-05-26T16:00:00,4507.19,4523.76,4500.64,4520.41,4503.65,4503.65,4500.64,3.01,16.76,30.1000,167.6000,2026-05-26T16:00:00,2026-05-26T16:00:00.310,310,4520.40,4520.85,4520.85,0.45,4.5000,1,4499.89,4562.99,20.96,2103.2334,7.2334,2026-05-26T19:17:16.180,4499.83,4500.28,4499.83,STOP,0,0,11835,0,0.0000,1,-2102.0000,-2109.2334,-0.999414,0.003439,-1.002853,10.63,21.02,0.505412,0.999414,-6.35,-13.97,-29.34,-0.80,-30.21,CONTINUATION,CONTINUATION,CONTINUATION,CONTINUATION,CONTINUATION,16,TUESDAY,H13_17,3_5,NO_CALENDAR_OBSERVE_ONLY,0
H1,4fdd985bde60cf9d,B_NEXT_BAR_CONFIRM,LONG,EXPIRED,CONFIRMATION_FAILED,SWING_LOW,95ddcf8ab0c735d8,0,0,1.281812,2026-05-26T15:00:00,2026-05-26T16:00:00,4507.19,4523.76,4500.64,4520.41,4503.65,4503.65,4500.64,3.01,16.76,30.1000,167.6000,,,NA,NA,NA,NA,NA,NA,NA,NA,NA,NA,NA,NA,,NA,NA,NA,,NA,NA,NA,0,NA,1,NA,NA,NA,NA,NA,NA,NA,NA,NA,-6.35,-13.97,-29.34,-0.80,-30.21,CONTINUATION,CONTINUATION,CONTINUATION,CONTINUATION,CONTINUATION,16,TUESDAY,H13_17,NA,NO_CALENDAR_OBSERVE_ONLY,0
H1,6ef644e9743a7c52,A_RECLAIM_CONTROL,LONG,CLOSED,STOP,SWING_LOW,7539681faef4b9d0,0,0,2.410969,2026-05-26T19:00:00,2026-05-26T20:00:00,4506.42,4511.32,4499.83,4504.92,4500.64,4500.64,4499.83,0.81,4.28,8.1000,42.8000,2026-05-26T20:00:00,2026-05-26T20:00:00.253,253,4504.93,4505.38,4505.38,0.45,4.5000,1,4499.08,4518.20,6.30,637.2086,7.2086,2026-05-26T20:30:50.984,4498.94,4499.39,4498.94,STOP,0,0,1850,0,0.0000,1,-644.0000,-651.2086,-1.010658,0.011313,-1.021971,2.24,6.44,0.351533,1.010658,-13.85,4.02,6.05,-7.80,-77.59,CONTINUATION,REVERSAL,REVERSAL,CONTINUATION,CONTINUATION,20,TUESDAY,H17_24,3_5,NO_CALENDAR_OBSERVE_ONLY,0
H1,6ef644e9743a7c52,B_NEXT_BAR_CONFIRM,LONG,EXPIRED,CONFIRMATION_FAILED,SWING_LOW,7539681faef4b9d0,0,0,2.410969,2026-05-26T19:00:00,2026-05-26T20:00:00,4506.42,4511.32,4499.83,4504.92,4500.64,4500.64,4499.83,0.81,4.28,8.1000,42.8000,,,NA,NA,NA,NA,NA,NA,NA,NA,NA,NA,NA,NA,,NA,NA,NA,,NA,NA,NA,0,NA,1,NA,NA,NA,NA,NA,NA,NA,NA,NA,-13.85,4.02,6.05,-7.80,-77.59,CONTINUATION,REVERSAL,REVERSAL,CONTINUATION,CONTINUATION,20,TUESDAY,H17_24,NA,NO_CALENDAR_OBSERVE_ONLY,0
H1,121d464621c17157,A_RECLAIM_CONTROL,LONG,CLOSED,STOP,SWING_LOW,8e4e683f4e7bb09f,0,0,2.516773,2026-05-26T20:00:00,2026-05-26T21:00:00,4504.93,4507.62,4489.85,4491.07,4490.60,4490.60,4489.85,0.75,0.47,7.5000,4.7000,2026-05-26T21:00:00,2026-05-26T21:00:00.059,59,4491.04,4491.49,4491.49,0.45,4.5000,1,4489.10,4496.49,2.39,246.1864,7.1864,2026-05-26T21:02:18.460,4488.21,4488.91,4488.21,STOP,0,0,138,0,0.0000,1,-328.0000,-335.1864,-1.332324,0.029191,-1.361515,1.81,3.28,0.735215,1.332324,8.17,15.44,28.54,19.09,-57.08,REVERSAL,REVERSAL,REVERSAL,REVERSAL,CONTINUATION,21,TUESDAY,H17_24,3_5,NO_CALENDAR_OBSERVE_ONLY,0
H1,121d464621c17157,B_NEXT_BAR_CONFIRM,LONG,EXPIRED,CONFIRMATION_FAILED,SWING_LOW,8e4e683f4e7bb09f,0,0,2.516773,2026-05-26T20:00:00,2026-05-26T21:00:00,4504.93,4507.62,4489.85,4491.07,4490.60,4490.60,4489.85,0.75,0.47,7.5000,4.7000,,,NA,NA,NA,NA,NA,NA,NA,NA,NA,NA,NA,NA,,NA,NA,NA,,NA,NA,NA,0,NA,1,NA,NA,NA,NA,NA,NA,NA,NA,NA,8.17,15.44,28.54,19.09,-57.08,REVERSAL,REVERSAL,REVERSAL,REVERSAL,CONTINUATION,21,TUESDAY,H17_24,NA,NO_CALENDAR_OBSERVE_ONLY,0
H1,1003286d8ca79cbc,A_RECLAIM_CONTROL,LONG,CLOSED,TP,SWING_LOW,5d3b3c70522d37dc,0,0,2.776766,2026-05-26T21:00:00,2026-05-26T22:00:00,4491.04,4499.48,4482.54,4499.24,4488.78,4488.78,4482.54,6.24,10.46,62.4000,104.6000,2026-05-26T22:00:00,2026-05-26T22:00:00.046,46,4499.25,4499.95,4499.95,0.70,7.0000,0,4481.54,4536.99,18.41,1848.1999,7.1999,2026-05-27T01:00:12.270,4537.56,4538.46,4537.56,TP,0,0,10812,1,107.1510,1,3761.0000,3646.6491,2.034953,0.061872,1.973082,37.61,2.30,2.034953,0.124445,9.70,11.73,15.86,-1.65,-62.69,REVERSAL,REVERSAL,REVERSAL,CONTINUATION,CONTINUATION,22,TUESDAY,H17_24,GE5,NO_CALENDAR_OBSERVE_ONLY,0
H1,1003286d8ca79cbc,B_NEXT_BAR_CONFIRM,LONG,CLOSED,STOP,SWING_LOW,5d3b3c70522d37dc,0,0,2.776766,2026-05-26T21:00:00,2026-05-26T22:00:00,4491.04,4499.48,4482.54,4499.24,4488.78,4488.78,4482.54,6.24,10.46,62.4000,104.6000,2026-05-26T23:00:00,2026-05-26T23:00:00.039,39,4508.93,4509.63,4509.63,0.70,7.0000,0,4481.54,4566.03,28.09,2816.2154,7.2154,2026-05-27T09:31:23.395,4481.37,4481.88,4481.37,STOP,0,0,37883,1,107.1510,1,-2826.0000,-2940.3664,-1.003474,0.040610,-1.044084,28.56,28.26,1.014127,1.003474,9.70,11.73,15.86,-1.65,-62.69,REVERSAL,REVERSAL,REVERSAL,CONTINUATION,CONTINUATION,22,TUESDAY,H17_24,GE5,NO_CALENDAR_OBSERVE_ONLY,0
H1,0595f2ed87232238,A_RECLAIM_CONTROL,SHORT,CLOSED,TP,PSH,534411a730099385,0,0,NA,2026-05-27T01:00:00,2026-05-27T02:00:00,4501.00,4538.19,4497.95,4510.97,4531.48,4531.48,4538.19,6.71,20.51,67.1000,205.1000,2026-05-27T02:00:00,2026-05-27T02:00:00.239,239,4511.02,4511.92,4511.02,0.90,9.0000,1,4539.39,4454.06,28.37,2844.2176,7.2176,2026-05-27T13:46:26.256,4453.31,4453.76,4453.76,TP,0,0,42386,0,0.0000,1,5726.0000,5718.7824,2.013207,0.002538,2.010670,57.26,17.63,2.013207,0.619854,-8.64,3.07,13.85,13.12,56.58,CONTINUATION,REVERSAL,REVERSAL,REVERSAL,REVERSAL,2,WEDNESDAY,H00_08,GE5,NO_CALENDAR_OBSERVE_ONLY,0
H1,0595f2ed87232238,B_NEXT_BAR_CONFIRM,SHORT,EXPIRED,CONFIRMATION_FAILED,PSH,534411a730099385,0,0,NA,2026-05-27T01:00:00,2026-05-27T02:00:00,4501.00,4538.19,4497.95,4510.97,4531.48,4531.48,4538.19,6.71,20.51,67.1000,205.1000,,,NA,NA,NA,NA,NA,NA,NA,NA,NA,NA,NA,NA,,NA,NA,NA,,NA,NA,NA,0,NA,1,NA,NA,NA,NA,NA,NA,NA,NA,NA,-8.64,3.07,13.85,13.12,56.58,CONTINUATION,REVERSAL,REVERSAL,REVERSAL,REVERSAL,2,WEDNESDAY,H00_08,NA,NO_CALENDAR_OBSERVE_ONLY,0
H1,41b7500ef6f0318a,A_RECLAIM_CONTROL,LONG,CLOSED,STOP,PDL;PSL;SWING_LOW,f5bc1add6828e81f;f698548ad60dab27;f99198950c1b8e7e,0,0,3.804286,2026-05-27T09:00:00,2026-05-27T10:00:00,4497.56,4499.19,4479.85,4485.21,4482.54,4482.54,4479.85,2.69,2.67,26.9000,26.7000,2026-05-27T10:00:00,2026-05-27T10:00:00.240,240,4485.22,4485.67,4485.67,0.45,4.5000,1,4479.10,4499.03,6.57,664.1771,7.1771,2026-05-27T10:49:51.320,4478.93,4479.38,4478.93,STOP,0,0,2991,0,0.0000,1,-674.0000,-681.1771,-1.014790,0.010806,-1.025596,3.56,6.74,0.536002,1.014790,-3.05,4.99,-56.45,-34.39,-110.40,CONTINUATION,REVERSAL,CONTINUATION,CONTINUATION,CONTINUATION,10,WEDNESDAY,H08_13,3_5,NO_CALENDAR_OBSERVE_ONLY,0
H1,41b7500ef6f0318a,B_NEXT_BAR_CONFIRM,LONG,EXPIRED,CONFIRMATION_FAILED,PDL;PSL;SWING_LOW,f5bc1add6828e81f;f698548ad60dab27;f99198950c1b8e7e,0,0,3.804286,2026-05-27T09:00:00,2026-05-27T10:00:00,4497.56,4499.19,4479.85,4485.21,4482.54,4482.54,4479.85,2.69,2.67,26.9000,26.7000,,,NA,NA,NA,NA,NA,NA,NA,NA,NA,NA,NA,NA,,NA,NA,NA,,NA,NA,NA,0,NA,1,NA,NA,NA,NA,NA,NA,NA,NA,NA,-3.05,4.99,-56.45,-34.39,-110.40,CONTINUATION,REVERSAL,CONTINUATION,CONTINUATION,CONTINUATION,10,WEDNESDAY,H08_13,NA,NO_CALENDAR_OBSERVE_ONLY,0
H1,3404b38f5c808de2,A_RECLAIM_CONTROL,LONG,CLOSED,STOP,SWING_LOW,f6d3395462d4e3df,0,0,3.587666,2026-05-27T16:00:00,2026-05-27T17:00:00,4438.85,4438.99,4401.49,4427.33,4418.40,4418.40,4401.49,16.91,8.93,169.1000,89.3000,2026-05-27T17:00:00,2026-05-27T17:00:00.161,161,4427.34,4427.79,4427.79,0.45,4.5000,1,4400.74,4482.11,27.05,2712.0845,7.0845,2026-05-28T05:12:53.196,4400.53,4401.06,4400.53,STOP,0,0,43973,3,321.4530,1,-2726.0000,-3054.5375,-1.005131,0.121138,-1.126269,39.53,27.26,1.457550,1.005131,6.66,23.49,27.06,29.76,-44.20,REVERSAL,REVERSAL,REVERSAL,REVERSAL,CONTINUATION,17,WEDNESDAY,H17_24,3_5,NO_CALENDAR_OBSERVE_ONLY,0
H1,3404b38f5c808de2,B_NEXT_BAR_CONFIRM,LONG,EXPIRED,CONFIRMATION_FAILED,SWING_LOW,f6d3395462d4e3df,0,0,3.587666,2026-05-27T16:00:00,2026-05-27T17:00:00,4438.85,4438.99,4401.49,4427.33,4418.40,4418.40,4401.49,16.91,8.93,169.1000,89.3000,,,NA,NA,NA,NA,NA,NA,NA,NA,NA,NA,NA,NA,,NA,NA,NA,,NA,NA,NA,0,NA,1,NA,NA,NA,NA,NA,NA,NA,NA,NA,6.66,23.49,27.06,29.76,-44.20,REVERSAL,REVERSAL,REVERSAL,REVERSAL,CONTINUATION,17,WEDNESDAY,H17_24,NA,NO_CALENDAR_OBSERVE_ONLY,0
H1,2a1cee91af6455d4,A_RECLAIM_CONTROL,SHORT,CLOSED,STOP,PSH,77743d5b314693e2,0,0,NA,2026-05-27T23:00:00,2026-05-28T00:00:00,4450.80,4458.88,4449.93,4455.82,4458.26,4458.26,4458.88,0.62,2.44,6.2000,24.4000,2026-05-28T00:00:00,2026-05-28T01:00:01.075,3601075,4451.91,4452.81,4451.91,0.90,9.0000,0,4460.08,4435.35,8.17,824.1231,7.1231,2026-05-28T01:00:02.871,4464.10,4465.00,4465.00,STOP,0,0,1,0,0.0000,1,-1309.0000,-1316.1231,-1.588355,0.008643,-1.596998,-0.90,13.09,-0.109207,1.588355,-1.55,-1.27,61.39,68.27,-53.11,CONTINUATION,CONTINUATION,REVERSAL,REVERSAL,CONTINUATION,0,THURSDAY,H00_08,GE5,NO_CALENDAR_OBSERVE_ONLY,0
H1,2a1cee91af6455d4,B_NEXT_BAR_CONFIRM,SHORT,EXPIRED,CONFIRMATION_FAILED,PSH,77743d5b314693e2,0,0,NA,2026-05-27T23:00:00,2026-05-28T00:00:00,4450.80,4458.88,4449.93,4455.82,4458.26,4458.26,4458.88,0.62,2.44,6.2000,24.4000,,,NA,NA,NA,NA,NA,NA,NA,NA,NA,NA,NA,NA,,NA,NA,NA,,NA,NA,NA,0,NA,1,NA,NA,NA,NA,NA,NA,NA,NA,NA,-1.55,-1.27,61.39,68.27,-53.11,CONTINUATION,CONTINUATION,REVERSAL,REVERSAL,CONTINUATION,0,THURSDAY,H00_08,NA,NO_CALENDAR_OBSERVE_ONLY,0
H1,3835603300d85159,A_RECLAIM_CONTROL,SHORT,CLOSED,STOP,PDH;PSH;SWING_HIGH,a8e3d6ff4fa5d1ab;c33172408d51cf0e;f8242d71022af94f,0,0,6.801917,2026-05-29T04:00:00,2026-05-29T05:00:00,4496.10,4520.73,4492.50,4506.47,4516.51,4516.51,4520.73,4.22,10.04,42.2000,100.4000,2026-05-29T05:00:00,2026-05-29T05:00:00.106,106,4506.48,4507.01,4506.48,0.53,5.3000,1,4521.56,4476.10,15.08,1515.2104,7.2104,2026-05-29T09:00:09.464,4521.05,4521.56,4521.56,STOP,0,0,14409,0,0.0000,1,-1508.0000,-1515.2104,-0.995241,0.004759,-1.000000,11.16,15.08,0.736531,0.995241,4.65,-7.60,-17.15,-31.96,-28.76,REVERSAL,CONTINUATION,CONTINUATION,CONTINUATION,CONTINUATION,5,FRIDAY,H00_08,GE5,NO_CALENDAR_OBSERVE_ONLY,0
H1,3835603300d85159,B_NEXT_BAR_CONFIRM,SHORT,EXPIRED,CONFIRMATION_FAILED,PDH;PSH;SWING_HIGH,a8e3d6ff4fa5d1ab;c33172408d51cf0e;f8242d71022af94f,0,0,6.801917,2026-05-29T04:00:00,2026-05-29T05:00:00,4496.10,4520.73,4492.50,4506.47,4516.51,4516.51,4520.73,4.22,10.04,42.2000,100.4000,,,NA,NA,NA,NA,NA,NA,NA,NA,NA,NA,NA,NA,,NA,NA,NA,,NA,NA,NA,0,NA,1,NA,NA,NA,NA,NA,NA,NA,NA,NA,4.65,-7.60,-17.15,-31.96,-28.76,REVERSAL,CONTINUATION,CONTINUATION,CONTINUATION,CONTINUATION,5,FRIDAY,H00_08,NA,NO_CALENDAR_OBSERVE_ONLY,0
H1,42afe0e58ed5e675,A_RECLAIM_CONTROL,SHORT,CLOSED,STOP,SWING_HIGH,8d8aece615ea827d,0,0,3.255203,2026-05-29T12:00:00,2026-05-29T13:00:00,4514.96,4539.75,4513.44,4531.07,4538.19,4538.19,4539.75,1.56,7.12,15.6000,71.2000,2026-05-29T13:00:00,2026-05-29T13:00:00.108,108,4531.08,4531.53,4531.08,0.45,4.5000,1,4540.50,4512.02,9.42,949.2497,7.2497,2026-05-29T13:36:56.092,4540.10,4540.55,4540.55,STOP,0,0,2215,0,0.0000,1,-947.0000,-954.2497,-0.997630,0.007637,-1.005267,5.10,9.47,0.537266,0.997630,-7.47,8.06,-33.21,-14.45,29.39,CONTINUATION,REVERSAL,CONTINUATION,CONTINUATION,REVERSAL,13,FRIDAY,H13_17,3_5,NO_CALENDAR_OBSERVE_ONLY,0
H1,42afe0e58ed5e675,B_NEXT_BAR_CONFIRM,SHORT,EXPIRED,CONFIRMATION_FAILED,SWING_HIGH,8d8aece615ea827d,0,0,3.255203,2026-05-29T12:00:00,2026-05-29T13:00:00,4514.96,4539.75,4513.44,4531.07,4538.19,4538.19,4539.75,1.56,7.12,15.6000,71.2000,,,NA,NA,NA,NA,NA,NA,NA,NA,NA,NA,NA,NA,,NA,NA,NA,,NA,NA,NA,0,NA,1,NA,NA,NA,NA,NA,NA,NA,NA,NA,-7.47,8.06,-33.21,-14.45,29.39,CONTINUATION,REVERSAL,CONTINUATION,CONTINUATION,REVERSAL,13,FRIDAY,H13_17,NA,NO_CALENDAR_OBSERVE_ONLY,0
H1,8d9740d31681e810,A_RECLAIM_CONTROL,SHORT,CLOSED,TP,SWING_HIGH,0451cab189e542dd,0,0,0.786742,2026-05-29T13:00:00,2026-05-29T14:00:00,4531.08,4543.32,4525.53,4538.54,4540.53,4540.53,4543.32,2.79,1.99,27.9000,19.9000,2026-05-29T14:00:00,2026-05-29T14:00:00.519,519,4538.73,4539.18,4538.73,0.45,4.5000,1,4544.07,4527.83,5.34,541.2620,7.2620,2026-05-29T14:27:55.931,4527.11,4527.56,4527.56,TP,0,0,1675,0,0.0000,1,1117.0000,1109.7380,2.063696,0.013417,2.050279,11.17,2.15,2.063696,0.397220,0.11,1.68,-32.62,0.08,35.43,REVERSAL,REVERSAL,CONTINUATION,REVERSAL,REVERSAL,14,FRIDAY,H13_17,3_5,NO_CALENDAR_OBSERVE_ONLY,0
H1,8d9740d31681e810,B_NEXT_BAR_CONFIRM,SHORT,EXPIRED,CONFIRMATION_FAILED,SWING_HIGH,0451cab189e542dd,0,0,0.786742,2026-05-29T13:00:00,2026-05-29T14:00:00,4531.08,4543.32,4525.53,4538.54,4540.53,4540.53,4543.32,2.79,1.99,27.9000,19.9000,,,NA,NA,NA,NA,NA,NA,NA,NA,NA,NA,NA,NA,,NA,NA,NA,,NA,NA,NA,0,NA,1,NA,NA,NA,NA,NA,NA,NA,NA,NA,0.11,1.68,-32.62,0.08,35.43,REVERSAL,REVERSAL,CONTINUATION,REVERSAL,REVERSAL,14,FRIDAY,H13_17,NA,NO_CALENDAR_OBSERVE_ONLY,0
H1,6692d63e5ff81680,A_RECLAIM_CONTROL,SHORT,CLOSED,TP,SWING_HIGH,8deed73745c09bf7,0,0,1.255629,2026-05-29T18:00:00,2026-05-29T19:00:00,4564.29,4595.34,4557.76,4571.16,4580.28,4580.28,4595.34,15.06,9.12,150.6000,91.2000,2026-05-29T19:00:00,2026-05-29T19:00:00.002,2,4571.14,4571.59,4571.14,0.45,4.5000,1,4596.09,4521.02,24.95,2502.3138,7.3138,2026-06-01T01:00:04.333,4519.65,4520.55,4520.55,TP,0,0,194404,1,46.9170,1,5059.0000,5004.7692,2.021729,0.021672,2.000057,50.59,2.68,2.021729,0.107101,4.28,17.85,32.70,49.72,68.92,REVERSAL,REVERSAL,REVERSAL,REVERSAL,REVERSAL,19,FRIDAY,H17_24,3_5,NO_CALENDAR_OBSERVE_ONLY,0
H1,6692d63e5ff81680,B_NEXT_BAR_CONFIRM,SHORT,EXPIRED,CONFIRMATION_FAILED,SWING_HIGH,8deed73745c09bf7,0,0,1.255629,2026-05-29T18:00:00,2026-05-29T19:00:00,4564.29,4595.34,4557.76,4571.16,4580.28,4580.28,4595.34,15.06,9.12,150.6000,91.2000,,,NA,NA,NA,NA,NA,NA,NA,NA,NA,NA,NA,NA,,NA,NA,NA,,NA,NA,NA,0,NA,1,NA,NA,NA,NA,NA,NA,NA,NA,NA,4.28,17.85,32.70,49.72,68.92,REVERSAL,REVERSAL,REVERSAL,REVERSAL,REVERSAL,19,FRIDAY,H17_24,NA,NO_CALENDAR_OBSERVE_ONLY,0
H1,dab0d60c4fa1b38e,A_RECLAIM_CONTROL,LONG,CLOSED,STOP,PSL,69302e5e78f41d52,0,0,NA,2026-06-01T01:00:00,2026-06-01T02:00:00,4539.03,4540.38,4517.96,4535.23,4522.38,4522.38,4517.96,4.42,12.85,44.2000,128.5000,2026-06-01T02:00:00,2026-06-01T02:00:00.264,264,4535.26,4536.16,4536.16,0.90,9.0000,1,4516.76,4575.18,19.40,1947.2579,7.2579,2026-06-01T06:10:12.033,4516.74,4517.27,4516.74,STOP,0,0,15011,0,0.0000,1,-1942.0000,-1949.2579,-0.997300,0.003727,-1.001027,10.13,19.42,0.520219,0.997300,4.34,-9.74,-18.91,-37.17,-48.54,REVERSAL,CONTINUATION,CONTINUATION,CONTINUATION,CONTINUATION,2,MONDAY,H00_08,GE5,NO_CALENDAR_OBSERVE_ONLY,0
H1,dab0d60c4fa1b38e,B_NEXT_BAR_CONFIRM,LONG,EXPIRED,CONFIRMATION_FAILED,PSL,69302e5e78f41d52,0,0,NA,2026-06-01T01:00:00,2026-06-01T02:00:00,4539.03,4540.38,4517.96,4535.23,4522.38,4522.38,4517.96,4.42,12.85,44.2000,128.5000,,,NA,NA,NA,NA,NA,NA,NA,NA,NA,NA,NA,NA,,NA,NA,NA,,NA,NA,NA,0,NA,1,NA,NA,NA,NA,NA,NA,NA,NA,NA,4.34,-9.74,-18.91,-37.17,-48.54,REVERSAL,CONTINUATION,CONTINUATION,CONTINUATION,CONTINUATION,2,MONDAY,H00_08,NA,NO_CALENDAR_OBSERVE_ONLY,0
H1,2edd28db8087a8cd,A_RECLAIM_CONTROL,LONG,CLOSED,STOP,SWING_LOW,1ef1c93bb4d6a711,0,0,1.518976,2026-06-01T06:00:00,2026-06-01T07:00:00,4521.41,4525.50,4509.84,4516.32,4512.74,4512.74,4509.84,2.90,3.58,29.0000,35.8000,2026-06-01T07:00:00,2026-06-01T07:00:00.470,470,4516.34,4516.85,4516.85,0.51,5.1000,1,4509.03,4532.71,7.82,789.2270,7.2270,2026-06-01T07:49:21.497,4508.89,4509.42,4508.89,STOP,0,0,2961,0,0.0000,1,-796.0000,-803.2270,-1.008582,0.009157,-1.017739,2.79,7.96,0.353510,1.008582,-1.95,-14.64,-18.26,-66.07,-34.64,CONTINUATION,CONTINUATION,CONTINUATION,CONTINUATION,CONTINUATION,7,MONDAY,H00_08,GE5,NO_CALENDAR_OBSERVE_ONLY,0
H1,2edd28db8087a8cd,B_NEXT_BAR_CONFIRM,LONG,EXPIRED,CONFIRMATION_FAILED,SWING_LOW,1ef1c93bb4d6a711,0,0,1.518976,2026-06-01T06:00:00,2026-06-01T07:00:00,4521.41,4525.50,4509.84,4516.32,4512.74,4512.74,4509.84,2.90,3.58,29.0000,35.8000,,,NA,NA,NA,NA,NA,NA,NA,NA,NA,NA,NA,NA,,NA,NA,NA,,NA,NA,NA,0,NA,1,NA,NA,NA,NA,NA,NA,NA,NA,NA,-1.95,-14.64,-18.26,-66.07,-34.64,CONTINUATION,CONTINUATION,CONTINUATION,CONTINUATION,CONTINUATION,7,MONDAY,H00_08,NA,NO_CALENDAR_OBSERVE_ONLY,0
H1,d7617631aae384ff,A_RECLAIM_CONTROL,SHORT,CLOSED,STOP,PSH;SWING_HIGH,035aa93cfa62794e;82c90e4b6a5c9fd6,0,0,2.669786,2026-06-02T03:00:00,2026-06-02T04:00:00,4484.48,4497.20,4476.71,4481.68,4495.44,4495.44,4497.20,1.76,13.76,17.6000,137.6000,2026-06-02T04:00:00,2026-06-02T04:00:00.104,104,4481.46,4481.99,4481.46,0.53,5.3000,1,4498.03,4448.10,16.57,1664.1703,7.1703,2026-06-02T06:29:14.937,4497.62,4498.15,4498.15,STOP,0,0,8954,0,0.0000,1,-1669.0000,-1676.1703,-1.002902,0.004309,-1.007211,18.02,16.69,1.082822,1.002902,7.57,-17.63,-35.34,-51.47,-7.51,REVERSAL,CONTINUATION,CONTINUATION,CONTINUATION,CONTINUATION,4,TUESDAY,H00_08,GE5,NO_CALENDAR_OBSERVE_ONLY,0
H1,d7617631aae384ff,B_NEXT_BAR_CONFIRM,SHORT,CLOSED,STOP,PSH;SWING_HIGH,035aa93cfa62794e;82c90e4b6a5c9fd6,0,0,2.669786,2026-06-02T03:00:00,2026-06-02T04:00:00,4484.48,4497.20,4476.71,4481.68,4495.44,4495.44,4497.20,1.76,13.76,17.6000,137.6000,2026-06-02T05:00:00,2026-06-02T05:00:00.175,175,4474.04,4474.54,4474.04,0.50,5.0000,1,4498.00,4425.90,23.96,2403.1585,7.1585,2026-06-02T06:29:14.937,4497.62,4498.15,4498.15,STOP,0,0,5354,0,0.0000,1,-2411.0000,-2418.1585,-1.003263,0.002979,-1.006242,1.38,24.11,0.057424,1.003263,7.57,-17.63,-35.34,-51.47,-7.51,REVERSAL,CONTINUATION,CONTINUATION,CONTINUATION,CONTINUATION,4,TUESDAY,H00_08,GE5,NO_CALENDAR_OBSERVE_ONLY,0
H1,81eb8c1e540afd15,A_RECLAIM_CONTROL,LONG,CLOSED,STOP,PDL;SWING_LOW,1aa068baddc49984;25690274d8c77045,0,0,2.050171,2026-06-03T02:00:00,2026-06-03T03:00:00,4484.84,4488.73,4462.28,4474.48,4462.91,4462.91,4462.28,0.63,11.57,6.3000,115.7000,2026-06-03T03:00:00,2026-06-03T03:00:00.233,233,4474.47,4474.99,4474.99,0.52,5.2000,1,4461.46,4502.27,13.53,1360.1600,7.1600,2026-06-03T08:31:03.815,4461.38,4461.91,4461.38,STOP,0,0,19863,0,0.0000,1,-1361.0000,-1368.1600,-1.000618,0.005264,-1.005882,21.81,13.61,1.603488,1.000618,11.72,7.46,-5.04,-31.35,-30.65,REVERSAL,REVERSAL,CONTINUATION,CONTINUATION,CONTINUATION,3,WEDNESDAY,H00_08,GE5,NO_CALENDAR_OBSERVE_ONLY,0
H1,81eb8c1e540afd15,B_NEXT_BAR_CONFIRM,LONG,EXPIRED,CONFIRMATION_FAILED,PDL;SWING_LOW,1aa068baddc49984;25690274d8c77045,0,0,2.050171,2026-06-03T02:00:00,2026-06-03T03:00:00,4484.84,4488.73,4462.28,4474.48,4462.91,4462.91,4462.28,0.63,11.57,6.3000,115.7000,,,NA,NA,NA,NA,NA,NA,NA,NA,NA,NA,NA,NA,,NA,NA,NA,,NA,NA,NA,0,NA,1,NA,NA,NA,NA,NA,NA,NA,NA,NA,11.72,7.46,-5.04,-31.35,-30.65,REVERSAL,REVERSAL,CONTINUATION,CONTINUATION,CONTINUATION,3,WEDNESDAY,H00_08,NA,NO_CALENDAR_OBSERVE_ONLY,0
H1,20188c033924984a,A_RECLAIM_CONTROL,LONG,CLOSED,STOP,SWING_LOW,aff2a0f13f22cfe1,0,0,3.001861,2026-06-03T16:00:00,2026-06-03T17:00:00,4460.42,4466.07,4426.41,4447.24,4438.99,4438.99,4426.41,12.58,8.25,125.8000,82.5000,2026-06-03T17:00:00,2026-06-03T17:00:00.037,37,4447.22,4447.67,4447.67,0.45,4.5000,1,4425.66,4491.91,22.01,2208.1163,7.1163,2026-06-04T01:16:13.310,4425.26,4426.16,4425.26,STOP,0,0,29773,3,321.4530,1,-2241.0000,-2569.5693,-1.014892,0.148801,-1.163693,11.88,22.41,0.538015,1.014892,9.96,-5.38,-5.18,1.21,26.42,REVERSAL,CONTINUATION,CONTINUATION,REVERSAL,REVERSAL,17,WEDNESDAY,H17_24,3_5,NO_CALENDAR_OBSERVE_ONLY,0
H1,20188c033924984a,B_NEXT_BAR_CONFIRM,LONG,EXPIRED,CONFIRMATION_FAILED,SWING_LOW,aff2a0f13f22cfe1,0,0,3.001861,2026-06-03T16:00:00,2026-06-03T17:00:00,4460.42,4466.07,4426.41,4447.24,4438.99,4438.99,4426.41,12.58,8.25,125.8000,82.5000,,,NA,NA,NA,NA,NA,NA,NA,NA,NA,NA,NA,NA,,NA,NA,NA,,NA,NA,NA,0,NA,1,NA,NA,NA,NA,NA,NA,NA,NA,NA,9.96,-5.38,-5.18,1.21,26.42,REVERSAL,CONTINUATION,CONTINUATION,REVERSAL,REVERSAL,17,WEDNESDAY,H17_24,NA,NO_CALENDAR_OBSERVE_ONLY,0
H1,74af3e4d3efb14be,A_RECLAIM_CONTROL,LONG,CLOSED,STOP,SWING_LOW,363b27b7dd85d9ba,0,0,2.050551,2026-06-03T23:00:00,2026-06-04T00:00:00,4443.86,4445.39,4430.14,4434.10,4433.83,4433.83,4430.14,3.69,0.27,36.9000,2.7000,2026-06-04T00:00:00,2026-06-04T01:00:00.999,3600999,4442.16,4443.06,4443.06,0.90,9.0000,0,4428.94,4471.52,14.12,1419.1089,7.1089,2026-06-04T01:15:29.435,4428.77,4429.67,4428.77,STOP,0,0,928,0,0.0000,1,-1429.0000,-1436.1089,-1.006970,0.005009,-1.011979,-0.80,14.29,-0.056373,1.006970,14.77,14.35,41.01,27.52,44.07,REVERSAL,REVERSAL,REVERSAL,REVERSAL,REVERSAL,0,THURSDAY,H00_08,GE5,NO_CALENDAR_OBSERVE_ONLY,0
H1,74af3e4d3efb14be,B_NEXT_BAR_CONFIRM,LONG,CLOSED,TP,SWING_LOW,363b27b7dd85d9ba,0,0,2.050551,2026-06-03T23:00:00,2026-06-04T00:00:00,4443.86,4445.39,4430.14,4434.10,4433.83,4433.83,4430.14,3.69,0.27,36.9000,2.7000,2026-06-04T02:00:00,2026-06-04T02:00:00.046,46,4448.86,4449.76,4449.76,0.90,9.0000,1,4428.94,4491.62,20.82,2089.1196,7.1196,2026-06-04T14:30:32.485,4491.67,4492.12,4491.67,TP,0,0,45032,0,0.0000,1,4191.0000,4183.8804,2.006108,0.003408,2.002700,41.91,6.76,2.006108,0.323581,14.77,14.35,41.01,27.52,44.07,REVERSAL,REVERSAL,REVERSAL,REVERSAL,REVERSAL,0,THURSDAY,H00_08,GE5,NO_CALENDAR_OBSERVE_ONLY,0
H1,ceafd48cacf7fcf7,A_RECLAIM_CONTROL,LONG,CLOSED,TP,PDL;PSL;SWING_LOW,0f1ad19d625daf45;36d7822e8b5a6a6c;4c8538f1c8984940,0,0,2.271772,2026-06-04T01:00:00,2026-06-04T02:00:00,4442.16,4453.09,4423.79,4448.87,4426.41,4426.41,4423.79,2.62,22.46,26.2000,224.6000,2026-06-04T02:00:00,2026-06-04T02:00:00.046,46,4448.86,4449.76,4449.76,0.90,9.0000,1,4422.59,4504.32,27.17,2724.1196,7.1196,2026-06-04T14:51:32.819,4504.42,4504.87,4504.42,TP,0,0,46292,0,0.0000,1,5466.0000,5458.8804,2.006520,0.002614,2.003906,54.66,6.76,2.006520,0.248154,8.45,17.00,14.78,14.41,29.24,REVERSAL,REVERSAL,REVERSAL,REVERSAL,REVERSAL,2,THURSDAY,H00_08,GE5,NO_CALENDAR_OBSERVE_ONLY,0
H1,ceafd48cacf7fcf7,B_NEXT_BAR_CONFIRM,LONG,EXPIRED,CONFIRMATION_CONFLICT,PDL;PSL;SWING_LOW,0f1ad19d625daf45;36d7822e8b5a6a6c;4c8538f1c8984940,0,0,2.271772,2026-06-04T01:00:00,2026-06-04T02:00:00,4442.16,4453.09,4423.79,4448.87,4426.41,4426.41,4423.79,2.62,22.46,26.2000,224.6000,,,NA,NA,NA,NA,NA,NA,NA,NA,NA,NA,NA,NA,,NA,NA,NA,,NA,NA,NA,0,NA,1,NA,NA,NA,NA,NA,NA,NA,NA,NA,8.45,17.00,14.78,14.41,29.24,REVERSAL,REVERSAL,REVERSAL,REVERSAL,REVERSAL,2,THURSDAY,H00_08,NA,NO_CALENDAR_OBSERVE_ONLY,0
H1,d65ff783b8a9a99b,A_RECLAIM_CONTROL,SHORT,CLOSED,STOP,PSH,882cbacaca4c9bba,0,0,NA,2026-06-04T02:00:00,2026-06-04T03:00:00,4448.86,4464.80,4445.33,4457.32,4459.55,4459.55,4464.80,5.25,2.23,52.5000,22.3000,2026-06-04T03:00:00,2026-06-04T03:00:00.277,277,4457.37,4457.89,4457.37,0.52,5.2000,1,4465.62,4440.65,8.25,832.1318,7.1318,2026-06-04T03:02:32.845,4465.14,4465.67,4465.67,STOP,0,0,152,0,0.0000,1,-830.0000,-837.1318,-0.997438,0.008571,-1.006009,1.74,8.30,0.209101,0.997438,8.87,-17.79,-23.69,-13.00,-23.22,REVERSAL,CONTINUATION,CONTINUATION,CONTINUATION,CONTINUATION,3,THURSDAY,H00_08,GE5,NO_CALENDAR_OBSERVE_ONLY,0
H1,d65ff783b8a9a99b,B_NEXT_BAR_CONFIRM,SHORT,EXPIRED,CONFIRMATION_FAILED,PSH,882cbacaca4c9bba,0,0,NA,2026-06-04T02:00:00,2026-06-04T03:00:00,4448.86,4464.80,4445.33,4457.32,4459.55,4459.55,4464.80,5.25,2.23,52.5000,22.3000,,,NA,NA,NA,NA,NA,NA,NA,NA,NA,NA,NA,NA,,NA,NA,NA,,NA,NA,NA,0,NA,1,NA,NA,NA,NA,NA,NA,NA,NA,NA,8.87,-17.79,-23.69,-13.00,-23.22,REVERSAL,CONTINUATION,CONTINUATION,CONTINUATION,CONTINUATION,3,THURSDAY,H00_08,NA,NO_CALENDAR_OBSERVE_ONLY,0
H1,0fcd2c6c5c3a456f,A_RECLAIM_CONTROL,SHORT,CLOSED,STOP,SWING_HIGH,fe98b2e8793c3b6c,0,0,1.602151,2026-06-04T04:00:00,2026-06-04T05:00:00,4448.42,4473.59,4443.00,4465.87,4468.16,4468.16,4473.59,5.43,2.29,54.3000,22.9000,2026-06-04T05:00:00,2026-06-04T05:00:00.252,252,4465.86,4466.36,4465.86,0.50,5.0000,1,4474.39,4448.58,8.53,860.1454,7.1454,2026-06-04T05:51:44.766,4473.86,4474.39,4474.39,STOP,0,0,3104,0,0.0000,1,-853.0000,-860.1454,-0.991693,0.008307,-1.000000,9.69,8.53,1.126554,0.991693,-9.24,-15.14,-1.81,-45.86,-3.77,CONTINUATION,CONTINUATION,CONTINUATION,CONTINUATION,CONTINUATION,5,THURSDAY,H00_08,GE5,NO_CALENDAR_OBSERVE_ONLY,0
H1,0fcd2c6c5c3a456f,B_NEXT_BAR_CONFIRM,SHORT,EXPIRED,CONFIRMATION_FAILED,SWING_HIGH,fe98b2e8793c3b6c,0,0,1.602151,2026-06-04T04:00:00,2026-06-04T05:00:00,4448.42,4473.59,4443.00,4465.87,4468.16,4468.16,4473.59,5.43,2.29,54.3000,22.9000,,,NA,NA,NA,NA,NA,NA,NA,NA,NA,NA,NA,NA,,NA,NA,NA,,NA,NA,NA,0,NA,1,NA,NA,NA,NA,NA,NA,NA,NA,NA,-9.24,-15.14,-1.81,-45.86,-3.77,CONTINUATION,CONTINUATION,CONTINUATION,CONTINUATION,CONTINUATION,5,THURSDAY,H00_08,NA,NO_CALENDAR_OBSERVE_ONLY,0
H1,1bdd108e80be1121,A_RECLAIM_CONTROL,LONG,CLOSED,STOP,SWING_LOW,2dc6625e55413f55,0,0,1.530560,2026-06-04T17:00:00,2026-06-04T18:00:00,4495.83,4499.90,4457.30,4465.76,4458.48,4458.48,4457.30,1.18,7.28,11.8000,72.8000,2026-06-04T18:00:00,2026-06-04T18:00:00.038,38,4465.77,4466.22,4466.22,0.45,4.5000,1,4456.55,4485.78,9.67,974.1460,7.1460,2026-06-05T03:12:16.742,4456.30,4456.83,4456.30,STOP,0,0,33136,1,107.1510,1,-992.0000,-1106.2970,-1.018328,0.117330,-1.135658,18.94,9.92,1.944267,1.018328,11.67,12.41,14.78,-18.92,4.48,REVERSAL,REVERSAL,REVERSAL,CONTINUATION,REVERSAL,18,THURSDAY,H17_24,3_5,NO_CALENDAR_OBSERVE_ONLY,0
H1,1bdd108e80be1121,B_NEXT_BAR_CONFIRM,LONG,EXPIRED,CONFIRMATION_FAILED,SWING_LOW,2dc6625e55413f55,0,0,1.530560,2026-06-04T17:00:00,2026-06-04T18:00:00,4495.83,4499.90,4457.30,4465.76,4458.48,4458.48,4457.30,1.18,7.28,11.8000,72.8000,,,NA,NA,NA,NA,NA,NA,NA,NA,NA,NA,NA,NA,,NA,NA,NA,,NA,NA,NA,0,NA,1,NA,NA,NA,NA,NA,NA,NA,NA,NA,11.67,12.41,14.78,-18.92,4.48,REVERSAL,REVERSAL,REVERSAL,CONTINUATION,REVERSAL,18,THURSDAY,H17_24,NA,NO_CALENDAR_OBSERVE_ONLY,0
H1,e78af85f085da035,A_RECLAIM_CONTROL,LONG,CLOSED,STOP,PSL;SWING_LOW,ca8e8bc762ff77ec;e00275c345d86a9e,0,0,2.959853,2026-06-05T03:00:00,2026-06-05T04:00:00,4461.69,4466.93,4450.70,4459.57,4457.30,4457.30,4450.70,6.60,2.27,66.0000,22.7000,2026-06-05T04:00:00,2026-06-05T04:00:00.067,67,4459.41,4459.94,4459.94,0.53,5.3000,1,4449.87,4480.30,10.07,1014.1359,7.1359,2026-06-05T04:26:23.904,4449.70,4450.23,4449.70,STOP,0,0,1583,0,0.0000,1,-1024.0000,-1031.1359,-1.009727,0.007036,-1.016763,10.04,10.24,0.990005,1.009727,-12.73,-17.19,-19.57,7.40,-130.59,CONTINUATION,CONTINUATION,CONTINUATION,REVERSAL,CONTINUATION,4,FRIDAY,H00_08,GE5,NO_CALENDAR_OBSERVE_ONLY,0
H1,e78af85f085da035,B_NEXT_BAR_CONFIRM,LONG,EXPIRED,CONFIRMATION_FAILED,PSL;SWING_LOW,ca8e8bc762ff77ec;e00275c345d86a9e,0,0,2.959853,2026-06-05T03:00:00,2026-06-05T04:00:00,4461.69,4466.93,4450.70,4459.57,4457.30,4457.30,4450.70,6.60,2.27,66.0000,22.7000,,,NA,NA,NA,NA,NA,NA,NA,NA,NA,NA,NA,NA,,NA,NA,NA,,NA,NA,NA,0,NA,1,NA,NA,NA,NA,NA,NA,NA,NA,NA,-12.73,-17.19,-19.57,7.40,-130.59,CONTINUATION,CONTINUATION,CONTINUATION,REVERSAL,CONTINUATION,4,FRIDAY,H00_08,NA,NO_CALENDAR_OBSERVE_ONLY,0
H1,fbef72f03ba53db8,A_RECLAIM_CONTROL,LONG,CLOSED,STOP,SWING_LOW,2be68472f4d0eec2,0,0,3.115020,2026-06-05T09:00:00,2026-06-05T10:00:00,4440.02,4456.18,4428.60,4452.78,4435.26,4435.26,4428.60,6.66,17.52,66.6000,175.2000,2026-06-05T10:00:00,2026-06-05T10:00:00.028,28,4452.65,4453.16,4453.16,0.51,5.1000,1,4427.79,4504.12,25.37,2544.1251,7.1251,2026-06-05T15:51:58.006,4427.44,4427.89,4427.44,STOP,0,0,21117,0,0.0000,1,-2572.0000,-2579.1251,-1.010957,0.002801,-1.013757,22.72,25.72,0.893038,1.010957,8.14,12.13,17.46,-108.23,-135.88,REVERSAL,REVERSAL,REVERSAL,CONTINUATION,CONTINUATION,10,FRIDAY,H08_13,GE5,NO_CALENDAR_OBSERVE_ONLY,0
H1,fbef72f03ba53db8,B_NEXT_BAR_CONFIRM,LONG,CLOSED,STOP,SWING_LOW,2be68472f4d0eec2,0,0,3.115020,2026-06-05T09:00:00,2026-06-05T10:00:00,4440.02,4456.18,4428.60,4452.78,4435.26,4435.26,4428.60,6.66,17.52,66.6000,175.2000,2026-06-05T11:00:00,2026-06-05T11:00:00.038,38,4460.91,4461.36,4461.36,0.45,4.5000,1,4427.85,4528.60,33.51,3358.1382,7.1382,2026-06-05T15:51:58.006,4427.44,4427.89,4427.44,STOP,0,0,17517,0,0.0000,1,-3392.0000,-3399.1382,-1.010084,0.002126,-1.012209,14.52,33.92,0.432382,1.010084,8.14,12.13,17.46,-108.23,-135.88,REVERSAL,REVERSAL,REVERSAL,CONTINUATION,CONTINUATION,10,FRIDAY,H08_13,3_5,NO_CALENDAR_OBSERVE_ONLY,0
H1,03fdac799bae6f1f,A_RECLAIM_CONTROL,LONG,CLOSED,STOP,SWING_LOW,70e53582dabe042d,0,0,3.281100,2026-06-05T17:00:00,2026-06-05T18:00:00,4365.86,4379.32,4344.52,4369.63,4351.05,4351.05,4344.52,6.53,18.58,65.3000,185.8000,2026-06-05T18:00:00,2026-06-05T18:00:00.244,244,4369.65,4370.10,4370.10,0.45,4.5000,1,4343.77,4422.97,26.33,2639.9922,6.9922,2026-06-05T18:37:49.034,4343.68,4344.13,4343.68,STOP,0,0,2268,0,0.0000,1,-2642.0000,-2648.9922,-1.000761,0.002649,-1.003409,2.42,26.42,0.091667,1.000761,-34.16,-27.86,-50.84,-44.17,-38.32,CONTINUATION,CONTINUATION,CONTINUATION,CONTINUATION,CONTINUATION,18,FRIDAY,H17_24,3_5,NO_CALENDAR_OBSERVE_ONLY,0
H1,03fdac799bae6f1f,B_NEXT_BAR_CONFIRM,LONG,EXPIRED,CONFIRMATION_FAILED,SWING_LOW,70e53582dabe042d,0,0,3.281100,2026-06-05T17:00:00,2026-06-05T18:00:00,4365.86,4379.32,4344.52,4369.63,4351.05,4351.05,4344.52,6.53,18.58,65.3000,185.8000,,,NA,NA,NA,NA,NA,NA,NA,NA,NA,NA,NA,NA,,NA,NA,NA,,NA,NA,NA,0,NA,1,NA,NA,NA,NA,NA,NA,NA,NA,NA,-34.16,-27.86,-50.84,-44.17,-38.32,CONTINUATION,CONTINUATION,CONTINUATION,CONTINUATION,CONTINUATION,18,FRIDAY,H17_24,NA,NO_CALENDAR_OBSERVE_ONLY,0
H1,44fcf8f8d1e01148,A_RECLAIM_CONTROL,LONG,CLOSED,STOP,SWING_LOW,69753a0a4f378da1,0,0,1.988442,2026-06-05T21:00:00,2026-06-05T22:00:00,4341.76,4342.11,4315.30,4322.26,4319.82,4319.82,4315.30,4.52,2.44,45.2000,24.4000,2026-06-05T22:00:00,2026-06-05T22:00:00.040,40,4322.30,4323.00,4323.00,0.70,7.0000,0,4314.30,4340.61,8.70,876.9168,6.9168,2026-06-05T22:17:39.344,4314.25,4314.95,4314.25,STOP,0,0,1059,0,0.0000,1,-875.0000,-881.9168,-0.997814,0.007888,-1.005702,0.85,8.75,0.096931,0.997814,-3.47,-5.04,20.20,-30.20,19.59,CONTINUATION,CONTINUATION,REVERSAL,CONTINUATION,REVERSAL,22,FRIDAY,H17_24,GE5,NO_CALENDAR_OBSERVE_ONLY,0
H1,44fcf8f8d1e01148,B_NEXT_BAR_CONFIRM,LONG,EXPIRED,CONFIRMATION_FAILED,SWING_LOW,69753a0a4f378da1,0,0,1.988442,2026-06-05T21:00:00,2026-06-05T22:00:00,4341.76,4342.11,4315.30,4322.26,4319.82,4319.82,4315.30,4.52,2.44,45.2000,24.4000,,,NA,NA,NA,NA,NA,NA,NA,NA,NA,NA,NA,NA,,NA,NA,NA,,NA,NA,NA,0,NA,1,NA,NA,NA,NA,NA,NA,NA,NA,NA,-3.47,-5.04,20.20,-30.20,19.59,CONTINUATION,CONTINUATION,REVERSAL,CONTINUATION,REVERSAL,22,FRIDAY,H17_24,NA,NO_CALENDAR_OBSERVE_ONLY,0
H1,68907f439de3cd35,A_RECLAIM_CONTROL,LONG,CLOSED,TP,PDL,27b7db598a1b7c61,0,0,NA,2026-06-08T01:00:00,2026-06-08T02:00:00,4328.29,4335.96,4310.02,4317.22,4311.69,4311.69,4310.02,1.67,5.53,16.7000,55.3000,2026-06-08T02:00:00,2026-06-08T02:00:00.240,240,4317.19,4318.09,4318.09,0.90,9.0000,1,4308.82,4336.84,9.27,933.9089,6.9089,2026-06-08T02:36:31.613,4336.95,4337.85,4336.95,TP,0,0,2191,0,0.0000,1,1886.0000,1879.0911,2.019469,0.007398,2.012071,18.86,0.90,2.019469,0.096369,26.80,8.24,-0.32,-28.38,17.36,REVERSAL,REVERSAL,CONTINUATION,CONTINUATION,REVERSAL,2,MONDAY,H00_08,GE5,NO_CALENDAR_OBSERVE_ONLY,0
H1,68907f439de3cd35,B_NEXT_BAR_CONFIRM,LONG,CLOSED,STOP,PDL,27b7db598a1b7c61,0,0,NA,2026-06-08T01:00:00,2026-06-08T02:00:00,4328.29,4335.96,4310.02,4317.22,4311.69,4311.69,4310.02,1.67,5.53,16.7000,55.3000,2026-06-08T03:00:00,2026-06-08T03:00:00.013,13,4344.04,4344.56,4344.56,0.52,5.2000,1,4309.20,4415.49,35.36,3542.9513,6.9513,2026-06-08T04:30:22.925,4309.20,4309.72,4309.20,STOP,0,0,5422,0,0.0000,1,-3536.0000,-3542.9513,-0.998038,0.001962,-1.000000,8.86,35.36,0.250074,0.998038,26.80,8.24,-0.32,-28.38,17.36,REVERSAL,REVERSAL,CONTINUATION,CONTINUATION,REVERSAL,2,MONDAY,H00_08,GE5,NO_CALENDAR_OBSERVE_ONLY,0
H1,16648fbfd0beb16e,A_RECLAIM_CONTROL,LONG,CLOSED,STOP,SWING_LOW,018bc0fa94a7ccdd,0,0,7.521788,2026-06-08T04:00:00,2026-06-08T05:00:00,4342.45,4345.99,4300.25,4325.46,4310.02,4310.02,4300.25,9.77,15.44,97.7000,154.4000,2026-06-08T05:00:00,2026-06-08T05:00:00.008,8,4325.55,4326.07,4326.07,0.52,5.2000,1,4299.43,4379.56,26.64,2670.9217,6.9217,2026-06-08T08:34:12.860,4299.41,4299.94,4299.41,STOP,0,0,12852,0,0.0000,1,-2666.0000,-2672.9217,-0.998157,0.002592,-1.000749,4.65,26.66,0.174097,0.998157,-14.94,-12.82,-25.50,5.85,2.45,CONTINUATION,CONTINUATION,CONTINUATION,REVERSAL,REVERSAL,5,MONDAY,H00_08,GE5,NO_CALENDAR_OBSERVE_ONLY,0
H1,16648fbfd0beb16e,B_NEXT_BAR_CONFIRM,LONG,EXPIRED,CONFIRMATION_FAILED,SWING_LOW,018bc0fa94a7ccdd,0,0,7.521788,2026-06-08T04:00:00,2026-06-08T05:00:00,4342.45,4345.99,4300.25,4325.46,4310.02,4310.02,4300.25,9.77,15.44,97.7000,154.4000,,,NA,NA,NA,NA,NA,NA,NA,NA,NA,NA,NA,NA,,NA,NA,NA,,NA,NA,NA,0,NA,1,NA,NA,NA,NA,NA,NA,NA,NA,NA,-14.94,-12.82,-25.50,5.85,2.45,CONTINUATION,CONTINUATION,CONTINUATION,REVERSAL,REVERSAL,5,MONDAY,H00_08,NA,NO_CALENDAR_OBSERVE_ONLY,0
H1,cfac113cc12c72ce,A_RECLAIM_CONTROL,LONG,CLOSED,TP,PSL;SWING_LOW,2bb6fcf091f6fe58;8f5a2fdd8ac1f567,0,0,1.434950,2026-06-09T02:00:00,2026-06-09T03:00:00,4327.85,4328.86,4312.97,4317.77,4314.79,4314.79,4312.97,1.82,2.98,18.2000,29.8000,2026-06-09T03:00:00,2026-06-09T03:00:00.168,168,4317.75,4318.28,4318.28,0.53,5.3000,1,4312.14,4330.77,6.14,620.9092,6.9092,2026-06-09T04:22:21.181,4330.77,4331.30,4330.77,TP,0,0,4941,0,0.0000,1,1249.0000,1242.0908,2.011566,0.011128,2.000438,12.49,3.20,2.011566,0.515373,2.13,18.30,14.60,14.43,-59.29,REVERSAL,REVERSAL,REVERSAL,REVERSAL,CONTINUATION,3,TUESDAY,H00_08,GE5,NO_CALENDAR_OBSERVE_ONLY,0
H1,cfac113cc12c72ce,B_NEXT_BAR_CONFIRM,LONG,EXPIRED,CONFIRMATION_FAILED,PSL;SWING_LOW,2bb6fcf091f6fe58;8f5a2fdd8ac1f567,0,0,1.434950,2026-06-09T02:00:00,2026-06-09T03:00:00,4327.85,4328.86,4312.97,4317.77,4314.79,4314.79,4312.97,1.82,2.98,18.2000,29.8000,,,NA,NA,NA,NA,NA,NA,NA,NA,NA,NA,NA,NA,,NA,NA,NA,,NA,NA,NA,0,NA,1,NA,NA,NA,NA,NA,NA,NA,NA,NA,2.13,18.30,14.60,14.43,-59.29,REVERSAL,REVERSAL,REVERSAL,REVERSAL,CONTINUATION,3,TUESDAY,H00_08,NA,NO_CALENDAR_OBSERVE_ONLY,0
H1,ce8efdb280348a67,A_RECLAIM_CONTROL,SHORT,CLOSED,TP,PSH;SWING_HIGH;EQUAL_HIGHS,125cc7e17e3953d3;42c2fa3da8154745;463ef51fdb3898cf;dc3362617e7f2d27,0,0,3.166531,2026-06-09T08:00:00,2026-06-09T09:00:00,4332.38,4351.42,4330.63,4343.47,4346.38,4346.66,4351.42,4.76,2.91,47.6000,29.1000,2026-06-09T09:00:00,2026-06-09T09:00:00.510,510,4343.27,4343.78,4343.27,0.51,5.1000,1,4352.23,4325.14,8.96,902.9492,6.9492,2026-06-09T10:15:03.941,4324.58,4325.03,4325.03,TP,0,0,4503,0,0.0000,1,1824.0000,1817.0508,2.020047,0.007696,2.012351,18.24,6.21,2.020047,0.687746,12.76,16.87,4.28,71.02,169.39,REVERSAL,REVERSAL,REVERSAL,REVERSAL,REVERSAL,9,TUESDAY,H08_13,GE5,NO_CALENDAR_OBSERVE_ONLY,0
H1,ce8efdb280348a67,B_NEXT_BAR_CONFIRM,SHORT,EXPIRED,CONFIRMATION_FAILED,PSH;SWING_HIGH;EQUAL_HIGHS,125cc7e17e3953d3;42c2fa3da8154745;463ef51fdb3898cf;dc3362617e7f2d27,0,0,3.166531,2026-06-09T08:00:00,2026-06-09T09:00:00,4332.38,4351.42,4330.63,4343.47,4346.38,4346.66,4351.42,4.76,2.91,47.6000,29.1000,,,NA,NA,NA,NA,NA,NA,NA,NA,NA,NA,NA,NA,,NA,NA,NA,,NA,NA,NA,0,NA,1,NA,NA,NA,NA,NA,NA,NA,NA,NA,12.76,16.87,4.28,71.02,169.39,REVERSAL,REVERSAL,REVERSAL,REVERSAL,REVERSAL,9,TUESDAY,H08_13,NA,NO_CALENDAR_OBSERVE_ONLY,0
H1,9fa5fe080ab7e62e,A_RECLAIM_CONTROL,LONG,CLOSED,STOP,SWING_LOW,b4fe9587ada660f5,0,0,1.273327,2026-06-09T10:00:00,2026-06-09T11:00:00,4330.66,4334.82,4322.28,4326.57,4324.28,4324.28,4322.28,2.00,2.29,20.0000,22.9000,2026-06-09T11:00:00,2026-06-09T11:00:00.192,192,4326.61,4327.06,4327.06,0.45,4.5000,1,4321.53,4338.33,5.53,559.9233,6.9233,2026-06-09T11:05:11.659,4321.48,4321.93,4321.48,STOP,0,0,311,0,0.0000,1,-558.0000,-564.9233,-0.996565,0.012365,-1.008930,0.14,5.58,0.025003,0.996565,0.03,12.62,14.80,-63.46,-151.76,REVERSAL,REVERSAL,REVERSAL,CONTINUATION,CONTINUATION,11,TUESDAY,H08_13,3_5,NO_CALENDAR_OBSERVE_ONLY,0
H1,9fa5fe080ab7e62e,B_NEXT_BAR_CONFIRM,LONG,EXPIRED,CONFIRMATION_FAILED,SWING_LOW,b4fe9587ada660f5,0,0,1.273327,2026-06-09T10:00:00,2026-06-09T11:00:00,4330.66,4334.82,4322.28,4326.57,4324.28,4324.28,4322.28,2.00,2.29,20.0000,22.9000,,,NA,NA,NA,NA,NA,NA,NA,NA,NA,NA,NA,NA,,NA,NA,NA,,NA,NA,NA,0,NA,1,NA,NA,NA,NA,NA,NA,NA,NA,NA,0.03,12.62,14.80,-63.46,-151.76,REVERSAL,REVERSAL,REVERSAL,CONTINUATION,CONTINUATION,11,TUESDAY,H08_13,NA,NO_CALENDAR_OBSERVE_ONLY,0
H1,09ea6ec0b0fef2a4,A_RECLAIM_CONTROL,SHORT,CLOSED,TP,SWING_HIGH,4fcded0469d3ac34,0,0,1.595335,2026-06-09T16:00:00,2026-06-09T17:00:00,4341.39,4363.67,4325.18,4328.88,4351.42,4351.42,4363.67,12.25,22.54,122.5000,225.4000,2026-06-09T17:00:00,2026-06-09T17:00:00.126,126,4328.90,4329.35,4328.90,0.45,4.5000,1,4364.42,4257.65,35.52,3558.9262,6.9262,2026-06-09T19:19:16.298,4257.20,4257.65,4257.65,TP,0,0,8356,0,0.0000,1,7125.0000,7118.0738,2.002008,0.001946,2.000062,71.25,7.68,2.002008,0.215795,28.15,76.71,58.93,110.62,154.22,REVERSAL,REVERSAL,REVERSAL,REVERSAL,REVERSAL,17,TUESDAY,H17_24,3_5,NO_CALENDAR_OBSERVE_ONLY,0
H1,09ea6ec0b0fef2a4,B_NEXT_BAR_CONFIRM,SHORT,CLOSED,TP,SWING_HIGH,4fcded0469d3ac34,0,0,1.595335,2026-06-09T16:00:00,2026-06-09T17:00:00,4341.39,4363.67,4325.18,4328.88,4351.42,4351.42,4363.67,12.25,22.54,122.5000,225.4000,2026-06-09T18:00:00,2026-06-09T18:00:00.041,41,4300.68,4301.13,4300.68,0.45,4.5000,1,4364.42,4172.99,63.74,6380.8811,6.8811,2026-06-10T07:45:40.365,4172.26,4172.76,4172.76,TP,0,0,49540,1,46.9170,1,12792.0000,12738.2019,2.004739,0.008431,1.996308,127.92,1.98,2.004739,0.031030,28.15,76.71,58.93,110.62,154.22,REVERSAL,REVERSAL,REVERSAL,REVERSAL,REVERSAL,17,TUESDAY,H17_24,3_5,NO_CALENDAR_OBSERVE_ONLY,0
H1,61bf225cfc7954ab,A_RECLAIM_CONTROL,LONG,CLOSED,STOP,PDL;SWING_LOW,9ee99058a1c058f9;d84c667937ff9048,0,0,3.578304,2026-06-09T18:00:00,2026-06-09T19:00:00,4300.68,4302.21,4263.16,4272.45,4268.54,4268.54,4263.16,5.38,3.91,53.8000,39.1000,2026-06-09T19:00:00,2026-06-09T19:00:00.014,14,4272.41,4272.86,4272.86,0.45,4.5000,1,4262.41,4293.97,10.45,1051.8366,6.8366,2026-06-09T19:09:18.395,4262.37,4262.82,4262.37,STOP,0,0,558,0,0.0000,1,-1049.0000,-1055.8366,-0.997303,0.006500,-1.003803,8.23,10.49,0.782441,0.997303,-20.28,-2.50,-11.79,-98.37,-125.47,CONTINUATION,CONTINUATION,CONTINUATION,CONTINUATION,CONTINUATION,19,TUESDAY,H17_24,3_5,NO_CALENDAR_OBSERVE_ONLY,0
H1,61bf225cfc7954ab,B_NEXT_BAR_CONFIRM,LONG,EXPIRED,CONFIRMATION_FAILED,PDL;SWING_LOW,9ee99058a1c058f9;d84c667937ff9048,0,0,3.578304,2026-06-09T18:00:00,2026-06-09T19:00:00,4300.68,4302.21,4263.16,4272.45,4268.54,4268.54,4263.16,5.38,3.91,53.8000,39.1000,,,NA,NA,NA,NA,NA,NA,NA,NA,NA,NA,NA,NA,,NA,NA,NA,,NA,NA,NA,0,NA,1,NA,NA,NA,NA,NA,NA,NA,NA,NA,-20.28,-2.50,-11.79,-98.37,-125.47,CONTINUATION,CONTINUATION,CONTINUATION,CONTINUATION,CONTINUATION,19,TUESDAY,H17_24,NA,NO_CALENDAR_OBSERVE_ONLY,0
H1,a10b9cbb134adb7c,A_RECLAIM_CONTROL,LONG,CLOSED,STOP,PDL;PSL;SWING_LOW,349773521e9479e1;c1bb4d730515f2fd;c20564a904e43797,0,0,5.771144,2026-06-10T01:00:00,2026-06-10T02:00:00,4253.41,4258.25,4232.39,4237.21,4236.78,4236.78,4232.39,4.39,0.43,43.9000,4.3000,2026-06-10T02:00:00,2026-06-10T02:00:00.242,242,4237.11,4238.01,4238.01,0.90,9.0000,1,4231.19,4251.86,6.82,688.7808,6.7808,2026-06-10T02:17:54.214,4230.94,4231.84,4230.94,STOP,0,0,1073,0,0.0000,1,-707.0000,-713.7808,-1.026451,0.009845,-1.036296,9.15,7.07,1.328434,1.026451,-15.23,-48.46,-52.38,-68.61,-135.58,CONTINUATION,CONTINUATION,CONTINUATION,CONTINUATION,CONTINUATION,2,WEDNESDAY,H00_08,GE5,NO_CALENDAR_OBSERVE_ONLY,0
H1,a10b9cbb134adb7c,B_NEXT_BAR_CONFIRM,LONG,EXPIRED,CONFIRMATION_FAILED,PDL;PSL;SWING_LOW,349773521e9479e1;c1bb4d730515f2fd;c20564a904e43797,0,0,5.771144,2026-06-10T01:00:00,2026-06-10T02:00:00,4253.41,4258.25,4232.39,4237.21,4236.78,4236.78,4232.39,4.39,0.43,43.9000,4.3000,,,NA,NA,NA,NA,NA,NA,NA,NA,NA,NA,NA,NA,,NA,NA,NA,,NA,NA,NA,0,NA,1,NA,NA,NA,NA,NA,NA,NA,NA,NA,-15.23,-48.46,-52.38,-68.61,-135.58,CONTINUATION,CONTINUATION,CONTINUATION,CONTINUATION,CONTINUATION,2,WEDNESDAY,H00_08,NA,NO_CALENDAR_OBSERVE_ONLY,0
H1,3e0a0fd55830ad09,A_RECLAIM_CONTROL,LONG,CLOSED,STOP,SWING_LOW,f149bea459dd4a7b,0,0,6.072587,2026-06-10T21:00:00,2026-06-10T22:00:00,4111.71,4120.49,4097.02,4101.63,4098.47,4098.47,4097.02,1.45,3.16,14.5000,31.6000,2026-06-10T22:00:00,2026-06-10T22:00:00.018,18,4101.51,4102.21,4102.21,0.70,7.0000,0,4096.02,4114.79,6.19,625.5635,6.5635,2026-06-10T22:04:56.183,4096.02,4096.72,4096.02,STOP,0,0,296,0,0.0000,1,-619.0000,-625.5635,-0.989508,0.010492,-1.000000,-0.09,6.19,-0.014387,0.989508,-18.71,-55.13,-25.66,-7.34,-12.83,CONTINUATION,CONTINUATION,CONTINUATION,CONTINUATION,CONTINUATION,22,WEDNESDAY,H17_24,GE5,NO_CALENDAR_OBSERVE_ONLY,0
H1,3e0a0fd55830ad09,B_NEXT_BAR_CONFIRM,LONG,EXPIRED,CONFIRMATION_FAILED,SWING_LOW,f149bea459dd4a7b,0,0,6.072587,2026-06-10T21:00:00,2026-06-10T22:00:00,4111.71,4120.49,4097.02,4101.63,4098.47,4098.47,4097.02,1.45,3.16,14.5000,31.6000,,,NA,NA,NA,NA,NA,NA,NA,NA,NA,NA,NA,NA,,NA,NA,NA,,NA,NA,NA,0,NA,1,NA,NA,NA,NA,NA,NA,NA,NA,NA,-18.71,-55.13,-25.66,-7.34,-12.83,CONTINUATION,CONTINUATION,CONTINUATION,CONTINUATION,CONTINUATION,22,WEDNESDAY,H17_24,NA,NO_CALENDAR_OBSERVE_ONLY,0
H1,a759042c958e905f,A_RECLAIM_CONTROL,LONG,CLOSED,STOP,SWING_LOW,63715080cfd15e5e,0,0,1.332226,2026-06-11T15:00:00,2026-06-11T16:00:00,4080.38,4087.18,4057.52,4082.03,4077.47,4077.47,4057.52,19.95,4.56,199.5000,45.6000,2026-06-11T16:00:00,2026-06-11T16:00:00.034,34,4082.02,4082.47,4082.47,0.45,4.5000,1,4056.77,4134.07,25.70,2576.5320,6.5320,2026-06-11T17:10:22.974,4056.05,4056.50,4056.05,STOP,0,0,4222,0,0.0000,1,-2642.0000,-2648.5320,-1.025409,0.002535,-1.027945,10.13,26.42,0.393164,1.025409,1.19,6.77,69.77,137.99,139.88,REVERSAL,REVERSAL,REVERSAL,REVERSAL,REVERSAL,16,THURSDAY,H13_17,3_5,NO_CALENDAR_OBSERVE_ONLY,0
H1,a759042c958e905f,B_NEXT_BAR_CONFIRM,LONG,EXPIRED,CONFIRMATION_FAILED,SWING_LOW,63715080cfd15e5e,0,0,1.332226,2026-06-11T15:00:00,2026-06-11T16:00:00,4080.38,4087.18,4057.52,4082.03,4077.47,4077.47,4057.52,19.95,4.56,199.5000,45.6000,,,NA,NA,NA,NA,NA,NA,NA,NA,NA,NA,NA,NA,,NA,NA,NA,,NA,NA,NA,0,NA,1,NA,NA,NA,NA,NA,NA,NA,NA,NA,1.19,6.77,69.77,137.99,139.88,REVERSAL,REVERSAL,REVERSAL,REVERSAL,REVERSAL,16,THURSDAY,H13_17,NA,NO_CALENDAR_OBSERVE_ONLY,0
H1,4ffd3f665b50b681,A_RECLAIM_CONTROL,LONG,CLOSED,TP,SWING_LOW,7d823da788292eaf,0,0,2.416784,2026-06-12T08:00:00,2026-06-12T09:00:00,4189.92,4192.97,4170.72,4173.39,4171.42,4171.42,4170.72,0.70,1.97,7.0000,19.7000,2026-06-12T09:00:00,2026-06-12T09:00:00.025,25,4173.37,4174.14,4174.14,0.77,7.7000,1,4169.65,4183.33,4.49,455.6786,6.6786,2026-06-12T09:05:34.983,4183.33,4183.84,4183.33,TP,0,0,334,0,0.0000,1,919.0000,912.3214,2.016772,0.014656,2.002116,9.19,0.92,2.016772,0.201897,10.81,46.24,37.57,38.45,156.16,REVERSAL,REVERSAL,REVERSAL,REVERSAL,REVERSAL,9,FRIDAY,H08_13,GE5,NO_CALENDAR_OBSERVE_ONLY,0
H1,4ffd3f665b50b681,B_NEXT_BAR_CONFIRM,LONG,EXPIRED,CONFIRMATION_FAILED,SWING_LOW,7d823da788292eaf,0,0,2.416784,2026-06-12T08:00:00,2026-06-12T09:00:00,4189.92,4192.97,4170.72,4173.39,4171.42,4171.42,4170.72,0.70,1.97,7.0000,19.7000,,,NA,NA,NA,NA,NA,NA,NA,NA,NA,NA,NA,NA,,NA,NA,NA,,NA,NA,NA,0,NA,1,NA,NA,NA,NA,NA,NA,NA,NA,NA,10.81,46.24,37.57,38.45,156.16,REVERSAL,REVERSAL,REVERSAL,REVERSAL,REVERSAL,9,FRIDAY,H08_13,NA,NO_CALENDAR_OBSERVE_ONLY,0
H1,cba24919f76bb7cf,A_RECLAIM_CONTROL,SHORT,CLOSED,GAP_STOP,SWING_HIGH,2d4ab1e99e133e5d,0,0,2.223883,2026-06-12T18:00:00,2026-06-12T19:00:00,4203.91,4235.57,4200.27,4211.84,4228.17,4228.17,4235.57,7.40,16.33,74.0000,163.3000,2026-06-12T19:00:00,2026-06-12T19:00:00.149,149,4211.88,4212.33,4211.88,0.45,4.5000,1,4236.32,4162.79,24.44,2450.7390,6.7390,2026-06-15T01:00:01.734,4272.67,4273.57,4273.57,GAP_STOP,1,0,194401,1,46.9170,1,-6169.0000,-6222.6560,-2.517200,0.021894,-2.539094,9.36,61.69,0.381926,2.517200,-4.15,-3.69,-6.89,-117.71,-137.21,CONTINUATION,CONTINUATION,CONTINUATION,CONTINUATION,CONTINUATION,19,FRIDAY,H17_24,3_5,NO_CALENDAR_OBSERVE_ONLY,0
H1,cba24919f76bb7cf,B_NEXT_BAR_CONFIRM,SHORT,EXPIRED,CONFIRMATION_FAILED,SWING_HIGH,2d4ab1e99e133e5d,0,0,2.223883,2026-06-12T18:00:00,2026-06-12T19:00:00,4203.91,4235.57,4200.27,4211.84,4228.17,4228.17,4235.57,7.40,16.33,74.0000,163.3000,,,NA,NA,NA,NA,NA,NA,NA,NA,NA,NA,NA,NA,,NA,NA,NA,,NA,NA,NA,0,NA,1,NA,NA,NA,NA,NA,NA,NA,NA,NA,-4.15,-3.69,-6.89,-117.71,-137.21,CONTINUATION,CONTINUATION,CONTINUATION,CONTINUATION,CONTINUATION,19,FRIDAY,H17_24,NA,NO_CALENDAR_OBSERVE_ONLY,0
H1,85beeb49493224fa,A_RECLAIM_CONTROL,SHORT,CLOSED,STOP,SWING_HIGH,b65087a2520f60c4,0,0,5.458885,2026-06-15T11:00:00,2026-06-15T12:00:00,4323.13,4345.45,4321.72,4334.27,4335.43,4335.43,4345.45,10.02,1.16,100.2000,11.6000,2026-06-15T12:00:00,2026-06-15T12:00:00.089,89,4334.25,4334.70,4334.25,0.45,4.5000,1,4346.20,4310.14,11.95,1201.9348,6.9348,2026-06-15T14:30:32.923,4345.83,4346.28,4346.28,STOP,0,0,9032,0,0.0000,1,-1203.0000,-1209.9348,-1.000886,0.005770,-1.006656,-0.43,12.03,-0.035776,1.000886,-2.39,-0.99,-21.02,8.63,18.37,CONTINUATION,CONTINUATION,CONTINUATION,REVERSAL,REVERSAL,12,MONDAY,H08_13,3_5,NO_CALENDAR_OBSERVE_ONLY,0
H1,85beeb49493224fa,B_NEXT_BAR_CONFIRM,SHORT,EXPIRED,CONFIRMATION_FAILED,SWING_HIGH,b65087a2520f60c4,0,0,5.458885,2026-06-15T11:00:00,2026-06-15T12:00:00,4323.13,4345.45,4321.72,4334.27,4335.43,4335.43,4345.45,10.02,1.16,100.2000,11.6000,,,NA,NA,NA,NA,NA,NA,NA,NA,NA,NA,NA,NA,,NA,NA,NA,,NA,NA,NA,0,NA,1,NA,NA,NA,NA,NA,NA,NA,NA,NA,-2.39,-0.99,-21.02,8.63,18.37,CONTINUATION,CONTINUATION,CONTINUATION,REVERSAL,REVERSAL,12,MONDAY,H08_13,NA,NO_CALENDAR_OBSERVE_ONLY,0
H1,db240fc2351310b5,A_RECLAIM_CONTROL,SHORT,CLOSED,STOP,SWING_HIGH,838784ab85dc4776,0,0,2.094921,2026-06-15T14:00:00,2026-06-15T15:00:00,4337.94,4347.53,4331.83,4335.26,4345.45,4345.45,4347.53,2.08,10.19,20.8000,101.9000,2026-06-15T15:00:00,2026-06-15T15:00:00.131,131,4335.27,4335.72,4335.27,0.45,4.5000,1,4348.28,4309.04,13.01,1307.9364,6.9364,2026-06-15T15:50:27.188,4347.84,4348.29,4348.29,STOP,0,0,3027,0,0.0000,1,-1302.0000,-1308.9364,-0.995461,0.005303,-1.000765,10.17,13.02,0.777561,0.995461,-13.79,-21.56,-3.98,23.35,-11.73,CONTINUATION,CONTINUATION,CONTINUATION,REVERSAL,CONTINUATION,15,MONDAY,H13_17,3_5,NO_CALENDAR_OBSERVE_ONLY,0
H1,db240fc2351310b5,B_NEXT_BAR_CONFIRM,SHORT,EXPIRED,CONFIRMATION_FAILED,SWING_HIGH,838784ab85dc4776,0,0,2.094921,2026-06-15T14:00:00,2026-06-15T15:00:00,4337.94,4347.53,4331.83,4335.26,4345.45,4345.45,4347.53,2.08,10.19,20.8000,101.9000,,,NA,NA,NA,NA,NA,NA,NA,NA,NA,NA,NA,NA,,NA,NA,NA,,NA,NA,NA,0,NA,1,NA,NA,NA,NA,NA,NA,NA,NA,NA,-13.79,-21.56,-3.98,23.35,-11.73,CONTINUATION,CONTINUATION,CONTINUATION,REVERSAL,CONTINUATION,15,MONDAY,H13_17,NA,NO_CALENDAR_OBSERVE_ONLY,0
H1,0bb4329b4e0b524d,A_RECLAIM_CONTROL,SHORT,CLOSED,STOP,SWING_HIGH,5f4bec4616e44b48,0,0,1.990843,2026-06-15T16:00:00,2026-06-15T17:00:00,4349.07,4369.13,4341.32,4355.29,4363.67,4363.67,4369.13,5.46,8.38,54.6000,83.8000,2026-06-15T17:00:00,2026-06-15T17:00:00.123,123,4355.34,4355.79,4355.34,0.45,4.5000,1,4369.88,4326.05,14.54,1460.9685,6.9685,2026-06-15T17:06:52.421,4369.45,4369.90,4369.90,STOP,0,0,412,0,0.0000,1,-1456.0000,-1462.9685,-0.996599,0.004770,-1.001369,0.88,14.56,0.060234,0.996599,-1.53,16.05,29.65,36.08,6.43,CONTINUATION,REVERSAL,REVERSAL,REVERSAL,REVERSAL,17,MONDAY,H17_24,3_5,NO_CALENDAR_OBSERVE_ONLY,0
H1,0bb4329b4e0b524d,B_NEXT_BAR_CONFIRM,SHORT,EXPIRED,CONFIRMATION_FAILED,SWING_HIGH,5f4bec4616e44b48,0,0,1.990843,2026-06-15T16:00:00,2026-06-15T17:00:00,4349.07,4369.13,4341.32,4355.29,4363.67,4363.67,4369.13,5.46,8.38,54.6000,83.8000,,,NA,NA,NA,NA,NA,NA,NA,NA,NA,NA,NA,NA,,NA,NA,NA,,NA,NA,NA,0,NA,1,NA,NA,NA,NA,NA,NA,NA,NA,NA,-1.53,16.05,29.65,36.08,6.43,CONTINUATION,REVERSAL,REVERSAL,REVERSAL,REVERSAL,17,MONDAY,H17_24,NA,NO_CALENDAR_OBSERVE_ONLY,0
H1,e3675e9d738b789c,A_RECLAIM_CONTROL,LONG,CLOSED,STOP,SWING_LOW,0cea3b0643888671,0,0,0.982083,2026-06-15T20:00:00,2026-06-15T21:00:00,4339.25,4339.25,4320.53,4324.79,4324.65,4324.65,4320.53,4.12,0.14,41.2000,1.4000,2026-06-15T21:00:00,2026-06-15T21:00:00.074,74,4324.81,4325.26,4325.26,0.45,4.5000,1,4319.78,4336.43,5.48,554.9204,6.9204,2026-06-15T21:02:14.345,4319.75,4320.45,4319.75,STOP,0,0,134,0,0.0000,1,-551.0000,-557.9204,-0.992935,0.012471,-1.005406,-0.26,5.51,-0.046854,0.992935,0.85,-15.80,-9.19,-2.28,-0.79,REVERSAL,CONTINUATION,CONTINUATION,CONTINUATION,CONTINUATION,21,MONDAY,H17_24,3_5,NO_CALENDAR_OBSERVE_ONLY,0
H1,e3675e9d738b789c,B_NEXT_BAR_CONFIRM,LONG,EXPIRED,CONFIRMATION_FAILED,SWING_LOW,0cea3b0643888671,0,0,0.982083,2026-06-15T20:00:00,2026-06-15T21:00:00,4339.25,4339.25,4320.53,4324.79,4324.65,4324.65,4320.53,4.12,0.14,41.2000,1.4000,,,NA,NA,NA,NA,NA,NA,NA,NA,NA,NA,NA,NA,,NA,NA,NA,,NA,NA,NA,0,NA,1,NA,NA,NA,NA,NA,NA,NA,NA,NA,0.85,-15.80,-9.19,-2.28,-0.79,REVERSAL,CONTINUATION,CONTINUATION,CONTINUATION,CONTINUATION,21,MONDAY,H17_24,NA,NO_CALENDAR_OBSERVE_ONLY,0
H1,73eb0e2c9d0e8a5e,A_RECLAIM_CONTROL,LONG,CLOSED,STOP,PSL,d031d457f063bb07,0,0,NA,2026-06-15T22:00:00,2026-06-15T23:00:00,4325.63,4326.69,4316.62,4320.75,4318.06,4318.06,4316.62,1.44,2.69,14.4000,26.9000,2026-06-15T23:00:00,2026-06-15T23:00:00.042,42,4320.72,4321.42,4321.42,0.70,7.0000,0,4315.62,4333.23,5.80,586.9143,6.9143,2026-06-15T23:15:53.807,4315.58,4316.48,4315.58,STOP,0,0,953,0,0.0000,1,-584.0000,-590.9143,-0.995035,0.011781,-1.006815,0.67,5.84,0.114156,0.995035,-11.76,-5.15,-7.21,3.16,19.89,CONTINUATION,CONTINUATION,CONTINUATION,REVERSAL,REVERSAL,23,MONDAY,H17_24,GE5,NO_CALENDAR_OBSERVE_ONLY,0
H1,73eb0e2c9d0e8a5e,B_NEXT_BAR_CONFIRM,LONG,EXPIRED,CONFIRMATION_FAILED,PSL,d031d457f063bb07,0,0,NA,2026-06-15T22:00:00,2026-06-15T23:00:00,4325.63,4326.69,4316.62,4320.75,4318.06,4318.06,4316.62,1.44,2.69,14.4000,26.9000,,,NA,NA,NA,NA,NA,NA,NA,NA,NA,NA,NA,NA,,NA,NA,NA,,NA,NA,NA,0,NA,1,NA,NA,NA,NA,NA,NA,NA,NA,NA,-11.76,-5.15,-7.21,3.16,19.89,CONTINUATION,CONTINUATION,CONTINUATION,REVERSAL,REVERSAL,23,MONDAY,H17_24,NA,NO_CALENDAR_OBSERVE_ONLY,0
H1,329a6e7ee288ab8b,A_RECLAIM_CONTROL,LONG,CLOSED,TP,SWING_LOW,889c7ca2ecfa7f70,0,0,1.250002,2026-06-16T17:00:00,2026-06-16T18:00:00,4331.78,4338.77,4313.30,4324.00,4313.40,4313.40,4313.30,0.10,10.60,1.0000,106.0000,2026-06-16T18:00:00,2026-06-16T18:00:00.141,141,4323.98,4324.43,4324.43,0.45,4.5000,1,4312.55,4348.40,11.88,1194.9191,6.9191,2026-06-17T04:07:07.557,4348.40,4348.93,4348.40,TP,0,0,36427,1,107.1510,1,2397.0000,2282.9299,2.005994,0.095463,1.910531,23.97,3.40,2.005994,0.284538,11.29,16.31,10.10,16.93,-0.83,REVERSAL,REVERSAL,REVERSAL,REVERSAL,CONTINUATION,18,TUESDAY,H17_24,3_5,NO_CALENDAR_OBSERVE_ONLY,0
H1,329a6e7ee288ab8b,B_NEXT_BAR_CONFIRM,LONG,EXPIRED,CONFIRMATION_FAILED,SWING_LOW,889c7ca2ecfa7f70,0,0,1.250002,2026-06-16T17:00:00,2026-06-16T18:00:00,4331.78,4338.77,4313.30,4324.00,4313.40,4313.40,4313.30,0.10,10.60,1.0000,106.0000,,,NA,NA,NA,NA,NA,NA,NA,NA,NA,NA,NA,NA,,NA,NA,NA,,NA,NA,NA,0,NA,1,NA,NA,NA,NA,NA,NA,NA,NA,NA,11.29,16.31,10.10,16.93,-0.83,REVERSAL,REVERSAL,REVERSAL,REVERSAL,CONTINUATION,18,TUESDAY,H17_24,NA,NO_CALENDAR_OBSERVE_ONLY,0
H1,7c1dec443f1b3eef,A_RECLAIM_CONTROL,SHORT,CLOSED,TP,SWING_HIGH,7dfaa3be7813c52b,0,0,2.095921,2026-06-17T04:00:00,2026-06-17T05:00:00,4337.09,4349.61,4334.40,4340.93,4342.88,4342.88,4349.61,6.73,1.95,67.3000,19.5000,2026-06-17T05:00:00,2026-06-17T05:00:00.459,459,4340.91,4341.41,4340.91,0.50,5.0000,1,4350.41,4321.70,9.50,956.9455,6.9455,2026-06-17T07:34:25.648,4321.16,4321.69,4321.69,TP,0,0,9265,0,0.0000,1,1922.0000,1915.0545,2.008474,0.007258,2.001216,19.22,4.14,2.008474,0.432627,9.33,14.21,9.22,17.76,74.20,REVERSAL,REVERSAL,REVERSAL,REVERSAL,REVERSAL,5,WEDNESDAY,H00_08,GE5,NO_CALENDAR_OBSERVE_ONLY,0
H1,7c1dec443f1b3eef,B_NEXT_BAR_CONFIRM,SHORT,CLOSED,STOP,SWING_HIGH,7dfaa3be7813c52b,0,0,2.095921,2026-06-17T04:00:00,2026-06-17T05:00:00,4337.09,4349.61,4334.40,4340.93,4342.88,4342.88,4349.61,6.73,1.95,67.3000,19.5000,2026-06-17T06:00:00,2026-06-17T06:00:00.065,65,4331.58,4332.11,4331.58,0.53,5.3000,1,4350.44,4293.65,18.86,1892.9305,6.9305,2026-06-17T17:23:30.777,4350.17,4350.62,4350.62,STOP,0,0,41010,0,0.0000,1,-1904.0000,-1910.9305,-1.005848,0.003661,-1.009509,14.11,19.04,0.745405,1.005848,9.33,14.21,9.22,17.76,74.20,REVERSAL,REVERSAL,REVERSAL,REVERSAL,REVERSAL,5,WEDNESDAY,H00_08,GE5,NO_CALENDAR_OBSERVE_ONLY,0
H1,442d9c85a5d91982,A_RECLAIM_CONTROL,LONG,CLOSED,TP,SWING_LOW,1cd9005922c83433,0,0,2.404613,2026-06-17T11:00:00,2026-06-17T12:00:00,4325.23,4327.89,4317.02,4324.81,4317.60,4317.60,4317.02,0.58,7.21,5.8000,72.1000,2026-06-17T12:00:00,2026-06-17T12:00:00.001,1,4324.80,4325.25,4325.25,0.45,4.5000,1,4316.27,4343.42,8.98,904.9204,6.9204,2026-06-17T16:45:24.514,4343.42,4343.87,4343.42,TP,0,0,17124,0,0.0000,1,1817.0000,1810.0796,2.007911,0.007648,2.000264,18.17,5.38,2.007911,0.594527,4.74,-1.64,15.17,-38.83,-16.68,REVERSAL,CONTINUATION,REVERSAL,CONTINUATION,CONTINUATION,12,WEDNESDAY,H08_13,3_5,NO_CALENDAR_OBSERVE_ONLY,0
H1,442d9c85a5d91982,B_NEXT_BAR_CONFIRM,LONG,EXPIRED,CONFIRMATION_CONFLICT,SWING_LOW,1cd9005922c83433,0,0,2.404613,2026-06-17T11:00:00,2026-06-17T12:00:00,4325.23,4327.89,4317.02,4324.81,4317.60,4317.60,4317.02,0.58,7.21,5.8000,72.1000,,,NA,NA,NA,NA,NA,NA,NA,NA,NA,NA,NA,NA,,NA,NA,NA,,NA,NA,NA,0,NA,1,NA,NA,NA,NA,NA,NA,NA,NA,NA,4.74,-1.64,15.17,-38.83,-16.68,REVERSAL,CONTINUATION,REVERSAL,CONTINUATION,CONTINUATION,12,WEDNESDAY,H08_13,NA,NO_CALENDAR_OBSERVE_ONLY,0
H1,2b4858cee8fc1073,A_RECLAIM_CONTROL,SHORT,CLOSED,STOP,SWING_HIGH,b463b075eca1e49d,0,0,1.283859,2026-06-17T12:00:00,2026-06-17T13:00:00,4324.80,4335.68,4321.34,4329.55,4334.22,4334.22,4335.68,1.46,4.67,14.6000,46.7000,2026-06-17T13:00:00,2026-06-17T13:00:00.181,181,4329.59,4330.04,4329.59,0.45,4.5000,1,4336.43,4315.70,6.84,690.9273,6.9273,2026-06-17T16:22:31.324,4336.00,4336.45,4336.45,STOP,0,0,12151,0,0.0000,1,-686.0000,-692.9273,-0.992869,0.010026,-1.002895,9.27,6.86,1.341675,0.992869,-1.90,-4.12,-14.99,93.71,23.02,CONTINUATION,CONTINUATION,CONTINUATION,REVERSAL,REVERSAL,13,WEDNESDAY,H13_17,3_5,NO_CALENDAR_OBSERVE_ONLY,0
H1,2b4858cee8fc1073,B_NEXT_BAR_CONFIRM,SHORT,EXPIRED,CONFIRMATION_FAILED,SWING_HIGH,b463b075eca1e49d,0,0,1.283859,2026-06-17T12:00:00,2026-06-17T13:00:00,4324.80,4335.68,4321.34,4329.55,4334.22,4334.22,4335.68,1.46,4.67,14.6000,46.7000,,,NA,NA,NA,NA,NA,NA,NA,NA,NA,NA,NA,NA,,NA,NA,NA,,NA,NA,NA,0,NA,1,NA,NA,NA,NA,NA,NA,NA,NA,NA,-1.90,-4.12,-14.99,93.71,23.02,CONTINUATION,CONTINUATION,CONTINUATION,REVERSAL,REVERSAL,13,WEDNESDAY,H13_17,NA,NO_CALENDAR_OBSERVE_ONLY,0
H1,1ff16923b9a763d2,A_RECLAIM_CONTROL,SHORT,CLOSED,STOP,SWING_HIGH,12d8e48aab48c02d,0,0,1.588218,2026-06-17T17:00:00,2026-06-17T18:00:00,4339.97,4364.04,4331.02,4344.54,4349.61,4349.61,4364.04,14.43,5.07,144.3000,50.7000,2026-06-17T18:00:00,2026-06-17T18:00:00.032,32,4344.55,4345.00,4344.55,0.45,4.5000,1,4364.79,4303.86,20.24,2030.9513,6.9513,2026-06-17T18:59:19.232,4364.85,4365.30,4365.30,STOP,0,0,3559,0,0.0000,1,-2075.0000,-2081.9513,-1.021689,0.003423,-1.025111,0.18,20.75,0.008863,1.021689,-19.02,-35.44,108.70,26.70,102.47,CONTINUATION,CONTINUATION,REVERSAL,REVERSAL,REVERSAL,18,WEDNESDAY,H17_24,3_5,NO_CALENDAR_OBSERVE_ONLY,0
H1,1ff16923b9a763d2,B_NEXT_BAR_CONFIRM,SHORT,EXPIRED,CONFIRMATION_FAILED,SWING_HIGH,12d8e48aab48c02d,0,0,1.588218,2026-06-17T17:00:00,2026-06-17T18:00:00,4339.97,4364.04,4331.02,4344.54,4349.61,4349.61,4364.04,14.43,5.07,144.3000,50.7000,,,NA,NA,NA,NA,NA,NA,NA,NA,NA,NA,NA,NA,,NA,NA,NA,,NA,NA,NA,0,NA,1,NA,NA,NA,NA,NA,NA,NA,NA,NA,-19.02,-35.44,108.70,26.70,102.47,CONTINUATION,CONTINUATION,REVERSAL,REVERSAL,REVERSAL,18,WEDNESDAY,H17_24,NA,NO_CALENDAR_OBSERVE_ONLY,0
H1,fd1bb085d65992a1,A_RECLAIM_CONTROL,LONG,CLOSED,STOP,SWING_LOW,d262bbcae78fc36a,0,0,3.661036,2026-06-18T17:00:00,2026-06-18T18:00:00,4256.53,4258.00,4236.87,4252.37,4239.89,4239.89,4236.87,3.02,12.48,30.2000,124.8000,2026-06-18T18:00:00,2026-06-18T18:00:00.133,133,4252.46,4252.91,4252.91,0.45,4.5000,1,4236.12,4286.70,16.79,1685.8047,6.8047,2026-06-18T18:29:33.898,4236.04,4236.49,4236.04,STOP,0,0,1773,0,0.0000,1,-1687.0000,-1693.8047,-1.000709,0.004036,-1.004746,1.92,16.87,0.113892,1.000709,-25.79,-22.07,-35.46,-67.47,-99.80,CONTINUATION,CONTINUATION,CONTINUATION,CONTINUATION,CONTINUATION,18,THURSDAY,H17_24,3_5,NO_CALENDAR_OBSERVE_ONLY,0
H1,fd1bb085d65992a1,B_NEXT_BAR_CONFIRM,LONG,EXPIRED,CONFIRMATION_FAILED,SWING_LOW,d262bbcae78fc36a,0,0,3.661036,2026-06-18T17:00:00,2026-06-18T18:00:00,4256.53,4258.00,4236.87,4252.37,4239.89,4239.89,4236.87,3.02,12.48,30.2000,124.8000,,,NA,NA,NA,NA,NA,NA,NA,NA,NA,NA,NA,NA,,NA,NA,NA,,NA,NA,NA,0,NA,1,NA,NA,NA,NA,NA,NA,NA,NA,NA,-25.79,-22.07,-35.46,-67.47,-99.80,CONTINUATION,CONTINUATION,CONTINUATION,CONTINUATION,CONTINUATION,18,THURSDAY,H17_24,NA,NO_CALENDAR_OBSERVE_ONLY,0
H1,c52051727487a994,A_RECLAIM_CONTROL,LONG,CLOSED,STOP,PDL;SWING_LOW,5e2cc271a8966ff8;d554db7519ded4a0,0,0,6.229858,2026-06-18T19:00:00,2026-06-18T20:00:00,4226.71,4233.28,4214.01,4219.42,4218.95,4218.95,4214.01,4.94,0.47,49.4000,4.7000,2026-06-18T20:00:00,2026-06-18T20:00:00.124,124,4219.52,4219.97,4219.97,0.45,4.5000,1,4213.26,4233.60,6.71,677.7520,6.7520,2026-06-18T22:02:40.878,4213.24,4213.94,4213.24,STOP,0,0,7360,0,0.0000,1,-673.0000,-679.7520,-0.992989,0.009962,-1.002951,13.16,6.73,1.941713,0.992989,10.88,-2.51,-12.08,-65.98,-67.89,REVERSAL,CONTINUATION,CONTINUATION,CONTINUATION,CONTINUATION,20,THURSDAY,H17_24,3_5,NO_CALENDAR_OBSERVE_ONLY,0
H1,c52051727487a994,B_NEXT_BAR_CONFIRM,LONG,EXPIRED,CONFIRMATION_FAILED,PDL;SWING_LOW,5e2cc271a8966ff8;d554db7519ded4a0,0,0,6.229858,2026-06-18T19:00:00,2026-06-18T20:00:00,4226.71,4233.28,4214.01,4219.42,4218.95,4218.95,4214.01,4.94,0.47,49.4000,4.7000,,,NA,NA,NA,NA,NA,NA,NA,NA,NA,NA,NA,NA,,NA,NA,NA,,NA,NA,NA,0,NA,1,NA,NA,NA,NA,NA,NA,NA,NA,NA,10.88,-2.51,-12.08,-65.98,-67.89,REVERSAL,CONTINUATION,CONTINUATION,CONTINUATION,CONTINUATION,20,THURSDAY,H17_24,NA,NO_CALENDAR_OBSERVE_ONLY,0
H1,d1da737abf4011ae,A_RECLAIM_CONTROL,LONG,CLOSED,STOP,PSL;SWING_LOW,9d173b0706868094;f63dd4738ee7c1b2,0,0,2.832271,2026-06-18T22:00:00,2026-06-18T23:00:00,4218.38,4218.99,4201.52,4216.91,4214.01,4214.01,4201.52,12.49,2.90,124.9000,29.0000,2026-06-18T23:00:00,2026-06-18T23:00:00.067,67,4216.89,4217.59,4217.59,0.70,7.0000,0,4200.52,4251.94,17.07,1713.7481,6.7481,2026-06-19T02:02:56.481,4200.42,4201.32,4200.42,STOP,0,0,10976,1,107.1510,1,-1717.0000,-1830.8991,-1.001898,0.066462,-1.068360,2.00,17.17,0.116703,1.001898,-8.40,-28.52,-32.01,-69.32,-61.16,CONTINUATION,CONTINUATION,CONTINUATION,CONTINUATION,CONTINUATION,23,THURSDAY,H17_24,GE5,NO_CALENDAR_OBSERVE_ONLY,0
H1,d1da737abf4011ae,B_NEXT_BAR_CONFIRM,LONG,EXPIRED,CONFIRMATION_FAILED,PSL;SWING_LOW,9d173b0706868094;f63dd4738ee7c1b2,0,0,2.832271,2026-06-18T22:00:00,2026-06-18T23:00:00,4218.38,4218.99,4201.52,4216.91,4214.01,4214.01,4201.52,12.49,2.90,124.9000,29.0000,,,NA,NA,NA,NA,NA,NA,NA,NA,NA,NA,NA,NA,,NA,NA,NA,,NA,NA,NA,0,NA,1,NA,NA,NA,NA,NA,NA,NA,NA,NA,-8.40,-28.52,-32.01,-69.32,-61.16,CONTINUATION,CONTINUATION,CONTINUATION,CONTINUATION,CONTINUATION,23,THURSDAY,H17_24,NA,NO_CALENDAR_OBSERVE_ONLY,0
H1,761ec03d7be23f57,A_RECLAIM_CONTROL,SHORT,CLOSED,TP,PDH,fd189c3025825742,0,0,NA,2026-06-22T04:00:00,2026-06-22T05:00:00,4200.80,4220.87,4189.69,4190.91,4213.51,4213.51,4220.87,7.36,22.60,73.6000,226.0000,2026-06-22T05:00:00,2026-06-22T05:00:00.147,147,4190.92,4191.44,4190.92,0.52,5.2000,1,4221.69,4129.17,30.77,3083.7055,6.7055,2026-06-23T07:56:58.510,4128.61,4129.14,4129.14,TP,0,0,97018,1,46.9170,1,6178.0000,6124.3775,2.003434,0.017389,1.986045,61.78,24.66,2.003434,0.799687,2.32,9.13,-6.67,-16.52,1.05,REVERSAL,REVERSAL,CONTINUATION,CONTINUATION,REVERSAL,5,MONDAY,H00_08,GE5,NO_CALENDAR_OBSERVE_ONLY,0
H1,761ec03d7be23f57,B_NEXT_BAR_CONFIRM,SHORT,CLOSED,TP,PDH,fd189c3025825742,0,0,NA,2026-06-22T04:00:00,2026-06-22T05:00:00,4200.80,4220.87,4189.69,4190.91,4213.51,4213.51,4220.87,7.36,22.60,73.6000,226.0000,2026-06-22T06:00:00,2026-06-22T06:00:00.133,133,4188.56,4189.07,4188.56,0.51,5.1000,1,4221.68,4122.11,33.12,3318.7017,6.7017,2026-06-23T07:59:06.409,4121.49,4122.02,4122.02,TP,0,0,93546,1,46.9170,1,6654.0000,6600.3813,2.005001,0.016157,1.988844,66.54,27.02,2.005001,0.814174,2.32,9.13,-6.67,-16.52,1.05,REVERSAL,REVERSAL,CONTINUATION,CONTINUATION,REVERSAL,5,MONDAY,H00_08,GE5,NO_CALENDAR_OBSERVE_ONLY,0
H1,078c65f1e4d7ed81,A_RECLAIM_CONTROL,LONG,CLOSED,STOP,SWING_LOW,8205a2133c88148f,0,0,1.032538,2026-06-22T16:00:00,2026-06-22T17:00:00,4193.40,4205.72,4182.97,4199.88,4188.66,4188.66,4182.97,5.69,11.22,56.9000,112.2000,2026-06-22T17:00:00,2026-06-22T17:00:00.083,83,4199.91,4200.36,4200.36,0.45,4.5000,1,4182.22,4236.85,18.14,1820.7206,6.7206,2026-06-22T18:39:12.922,4182.16,4182.61,4182.16,STOP,0,0,5952,0,0.0000,1,-1820.0000,-1826.7206,-0.999604,0.003691,-1.003295,10.38,18.20,0.570104,0.999604,-1.60,-10.07,-8.64,-6.59,-80.05,CONTINUATION,CONTINUATION,CONTINUATION,CONTINUATION,CONTINUATION,17,MONDAY,H17_24,3_5,NO_CALENDAR_OBSERVE_ONLY,0
H1,078c65f1e4d7ed81,B_NEXT_BAR_CONFIRM,LONG,EXPIRED,CONFIRMATION_FAILED,SWING_LOW,8205a2133c88148f,0,0,1.032538,2026-06-22T16:00:00,2026-06-22T17:00:00,4193.40,4205.72,4182.97,4199.88,4188.66,4188.66,4182.97,5.69,11.22,56.9000,112.2000,,,NA,NA,NA,NA,NA,NA,NA,NA,NA,NA,NA,NA,,NA,NA,NA,,NA,NA,NA,0,NA,1,NA,NA,NA,NA,NA,NA,NA,NA,NA,-1.60,-10.07,-8.64,-6.59,-80.05,CONTINUATION,CONTINUATION,CONTINUATION,CONTINUATION,CONTINUATION,17,MONDAY,H17_24,NA,NO_CALENDAR_OBSERVE_ONLY,0
H1,2b806d4eb25608e4,A_RECLAIM_CONTROL,LONG,CLOSED,STOP,SWING_LOW,18ed46ff482b78d3,0,0,2.467367,2026-06-22T18:00:00,2026-06-22T19:00:00,4198.30,4201.29,4169.80,4182.89,4170.68,4170.68,4169.80,0.88,12.21,8.8000,122.1000,2026-06-22T19:00:00,2026-06-22T19:00:00.034,34,4182.93,4183.38,4183.38,0.45,4.5000,1,4169.05,4212.25,14.33,1439.6934,6.6934,2026-06-23T04:33:37.166,4169.04,4169.57,4169.04,STOP,0,0,34417,1,107.1510,1,-1434.0000,-1547.8444,-0.996045,0.079075,-1.075121,15.08,14.34,1.047445,0.996045,6.92,8.35,8.10,-35.99,-69.60,REVERSAL,REVERSAL,REVERSAL,CONTINUATION,CONTINUATION,19,MONDAY,H17_24,3_5,NO_CALENDAR_OBSERVE_ONLY,0
H1,2b806d4eb25608e4,B_NEXT_BAR_CONFIRM,LONG,EXPIRED,CONFIRMATION_FAILED,SWING_LOW,18ed46ff482b78d3,0,0,2.467367,2026-06-22T18:00:00,2026-06-22T19:00:00,4198.30,4201.29,4169.80,4182.89,4170.68,4170.68,4169.80,0.88,12.21,8.8000,122.1000,,,NA,NA,NA,NA,NA,NA,NA,NA,NA,NA,NA,NA,,NA,NA,NA,,NA,NA,NA,0,NA,1,NA,NA,NA,NA,NA,NA,NA,NA,NA,6.92,8.35,8.10,-35.99,-69.60,REVERSAL,REVERSAL,REVERSAL,CONTINUATION,CONTINUATION,19,MONDAY,H17_24,NA,NO_CALENDAR_OBSERVE_ONLY,0
H1,5e108e3e0a374332,A_RECLAIM_CONTROL,LONG,CLOSED,STOP,PDL;SWING_LOW,1326b8899b7bfdea;c5881c88a8136250,0,0,2.102529,2026-06-23T06:00:00,2026-06-23T07:00:00,4146.92,4149.63,4130.77,4144.00,4136.52,4136.52,4130.77,5.75,7.48,57.5000,74.8000,2026-06-23T07:00:00,2026-06-23T07:00:00.043,43,4144.01,4144.54,4144.54,0.53,5.3000,1,4129.94,4173.94,14.60,1466.6313,6.6313,2026-06-23T07:56:20.062,4129.82,4130.83,4129.82,STOP,0,0,3380,0,0.0000,1,-1472.0000,-1478.6313,-1.003661,0.004521,-1.008182,2.38,14.72,0.162277,1.003661,-25.85,-29.59,-38.70,-8.26,-46.64,CONTINUATION,CONTINUATION,CONTINUATION,CONTINUATION,CONTINUATION,7,TUESDAY,H00_08,GE5,NO_CALENDAR_OBSERVE_ONLY,0
H1,5e108e3e0a374332,B_NEXT_BAR_CONFIRM,LONG,EXPIRED,CONFIRMATION_FAILED,PDL;SWING_LOW,1326b8899b7bfdea;c5881c88a8136250,0,0,2.102529,2026-06-23T06:00:00,2026-06-23T07:00:00,4146.92,4149.63,4130.77,4144.00,4136.52,4136.52,4130.77,5.75,7.48,57.5000,74.8000,,,NA,NA,NA,NA,NA,NA,NA,NA,NA,NA,NA,NA,,NA,NA,NA,,NA,NA,NA,0,NA,1,NA,NA,NA,NA,NA,NA,NA,NA,NA,-25.85,-29.59,-38.70,-8.26,-46.64,CONTINUATION,CONTINUATION,CONTINUATION,CONTINUATION,CONTINUATION,7,TUESDAY,H00_08,NA,NO_CALENDAR_OBSERVE_ONLY,0
H1,a54ada152a59cc46,A_RECLAIM_CONTROL,LONG,CLOSED,STOP,PSL,13bf22e2149e9a6f,0,0,NA,2026-06-23T23:00:00,2026-06-24T00:00:00,4111.63,4112.92,4107.40,4110.74,4110.08,4110.08,4107.40,2.68,0.66,26.8000,6.6000,2026-06-24T00:00:00,2026-06-24T01:00:00.860,3600860,4118.78,4119.68,4119.68,0.90,9.0000,0,4106.20,4146.84,13.48,1354.5915,6.5915,2026-06-24T01:20:44.753,4106.12,4107.02,4106.12,STOP,0,0,1243,0,0.0000,1,-1356.0000,-1362.5915,-1.001040,0.004866,-1.005906,0.04,13.56,0.002953,1.001040,-6.40,-13.38,-49.60,-35.92,-137.98,CONTINUATION,CONTINUATION,CONTINUATION,CONTINUATION,CONTINUATION,0,WEDNESDAY,H00_08,GE5,NO_CALENDAR_OBSERVE_ONLY,0
H1,a54ada152a59cc46,B_NEXT_BAR_CONFIRM,LONG,EXPIRED,CONFIRMATION_FAILED,PSL,13bf22e2149e9a6f,0,0,NA,2026-06-23T23:00:00,2026-06-24T00:00:00,4111.63,4112.92,4107.40,4110.74,4110.08,4110.08,4107.40,2.68,0.66,26.8000,6.6000,,,NA,NA,NA,NA,NA,NA,NA,NA,NA,NA,NA,NA,,NA,NA,NA,,NA,NA,NA,0,NA,1,NA,NA,NA,NA,NA,NA,NA,NA,NA,-6.40,-13.38,-49.60,-35.92,-137.98,CONTINUATION,CONTINUATION,CONTINUATION,CONTINUATION,CONTINUATION,0,WEDNESDAY,H00_08,NA,NO_CALENDAR_OBSERVE_ONLY,0
H1,a2d27934c0812bf6,A_RECLAIM_CONTROL,LONG,CLOSED,STOP,PDL;SWING_LOW,15b143c039242f7b;37fc976e611f2b66,0,0,5.612008,2026-06-24T02:00:00,2026-06-24T03:00:00,4104.35,4104.39,4080.85,4099.26,4090.90,4090.90,4080.85,10.05,8.36,100.5000,83.6000,2026-06-24T03:00:00,2026-06-24T03:00:00.043,43,4099.24,4099.77,4099.77,0.53,5.3000,1,4080.02,4139.47,19.75,1981.5596,6.5596,2026-06-24T04:03:26.737,4079.85,4080.38,4079.85,STOP,0,0,3806,0,0.0000,1,-1992.0000,-1998.5596,-1.005269,0.003310,-1.008579,12.24,19.92,0.617695,1.005269,-1.90,-38.12,-34.79,-34.66,-111.23,CONTINUATION,CONTINUATION,CONTINUATION,CONTINUATION,CONTINUATION,3,WEDNESDAY,H00_08,GE5,NO_CALENDAR_OBSERVE_ONLY,0
H1,a2d27934c0812bf6,B_NEXT_BAR_CONFIRM,LONG,EXPIRED,CONFIRMATION_FAILED,PDL;SWING_LOW,15b143c039242f7b;37fc976e611f2b66,0,0,5.612008,2026-06-24T02:00:00,2026-06-24T03:00:00,4104.35,4104.39,4080.85,4099.26,4090.90,4090.90,4080.85,10.05,8.36,100.5000,83.6000,,,NA,NA,NA,NA,NA,NA,NA,NA,NA,NA,NA,NA,,NA,NA,NA,,NA,NA,NA,0,NA,1,NA,NA,NA,NA,NA,NA,NA,NA,NA,-1.90,-38.12,-34.79,-34.66,-111.23,CONTINUATION,CONTINUATION,CONTINUATION,CONTINUATION,CONTINUATION,3,WEDNESDAY,H00_08,NA,NO_CALENDAR_OBSERVE_ONLY,0
H1,0a276bf07d5a6dfb,A_RECLAIM_CONTROL,LONG,CLOSED,STOP,SWING_LOW,5727658686be1423,0,0,2.208188,2026-06-24T05:00:00,2026-06-24T06:00:00,4089.02,4095.86,4052.20,4061.14,4052.93,4052.93,4052.20,0.73,8.21,7.3000,82.1000,2026-06-24T06:00:00,2026-06-24T06:00:00.081,81,4061.14,4061.66,4061.66,0.52,5.2000,1,4051.38,4082.42,10.28,1034.4987,6.4987,2026-06-24T06:18:00.694,4051.29,4051.79,4051.29,STOP,0,0,1080,0,0.0000,1,-1037.0000,-1043.4987,-1.002418,0.006282,-1.008700,3.77,10.37,0.364428,1.002418,1.64,14.73,13.68,-73.32,-48.76,REVERSAL,REVERSAL,REVERSAL,CONTINUATION,CONTINUATION,6,WEDNESDAY,H00_08,GE5,NO_CALENDAR_OBSERVE_ONLY,0
H1,0a276bf07d5a6dfb,B_NEXT_BAR_CONFIRM,LONG,EXPIRED,CONFIRMATION_FAILED,SWING_LOW,5727658686be1423,0,0,2.208188,2026-06-24T05:00:00,2026-06-24T06:00:00,4089.02,4095.86,4052.20,4061.14,4052.93,4052.93,4052.20,0.73,8.21,7.3000,82.1000,,,NA,NA,NA,NA,NA,NA,NA,NA,NA,NA,NA,NA,,NA,NA,NA,,NA,NA,NA,0,NA,1,NA,NA,NA,NA,NA,NA,NA,NA,NA,1.64,14.73,13.68,-73.32,-48.76,REVERSAL,REVERSAL,REVERSAL,CONTINUATION,CONTINUATION,6,WEDNESDAY,H00_08,NA,NO_CALENDAR_OBSERVE_ONLY,0
H1,194f567aae15e842,A_RECLAIM_CONTROL,LONG,CLOSED,TP,SWING_LOW,9125a181e8367601,0,0,5.006902,2026-06-24T21:00:00,2026-06-24T22:00:00,3972.77,3994.21,3959.19,3981.34,3964.52,3964.52,3959.19,5.33,16.82,53.3000,168.2000,2026-06-24T22:00:00,2026-06-24T22:00:00.126,126,3981.39,3982.09,3982.09,0.70,7.0000,0,3958.19,4030.09,23.90,2396.3713,6.3713,2026-06-25T16:02:05.450,4030.37,4030.82,4030.37,TP,0,0,64925,3,321.4530,1,4828.0000,4500.1757,2.014713,0.136800,1.877912,48.28,19.50,2.014713,0.813730,6.69,15.00,10.19,5.09,59.85,REVERSAL,REVERSAL,REVERSAL,REVERSAL,REVERSAL,22,WEDNESDAY,H17_24,GE5,NO_CALENDAR_OBSERVE_ONLY,0
H1,194f567aae15e842,B_NEXT_BAR_CONFIRM,LONG,EXPIRED,CONFIRMATION_FAILED,SWING_LOW,9125a181e8367601,0,0,5.006902,2026-06-24T21:00:00,2026-06-24T22:00:00,3972.77,3994.21,3959.19,3981.34,3964.52,3964.52,3959.19,5.33,16.82,53.3000,168.2000,,,NA,NA,NA,NA,NA,NA,NA,NA,NA,NA,NA,NA,,NA,NA,NA,,NA,NA,NA,0,NA,1,NA,NA,NA,NA,NA,NA,NA,NA,NA,6.69,15.00,10.19,5.09,59.85,REVERSAL,REVERSAL,REVERSAL,REVERSAL,REVERSAL,22,WEDNESDAY,H17_24,NA,NO_CALENDAR_OBSERVE_ONLY,0
H1,685c166a761a9f59,A_RECLAIM_CONTROL,SHORT,CLOSED,STOP,SWING_HIGH,1c789ab7ea6b17ef,0,0,2.178262,2026-06-25T15:00:00,2026-06-25T16:00:00,3980.06,4019.32,3978.76,4012.36,4018.60,4018.60,4019.32,0.72,6.24,7.2000,62.4000,2026-06-25T16:00:00,2026-06-25T16:00:00.072,72,4012.37,4012.82,4012.37,0.45,4.5000,1,4020.07,3996.77,7.70,776.4198,6.4198,2026-06-25T16:00:09.701,4019.65,4020.10,4020.10,STOP,0,0,9,0,0.0000,1,-773.0000,-779.4198,-0.995595,0.008268,-1.003864,-0.06,7.73,-0.007728,0.995595,10.07,-28.83,-22.37,-2.15,-34.84,REVERSAL,CONTINUATION,CONTINUATION,CONTINUATION,CONTINUATION,16,THURSDAY,H13_17,3_5,NO_CALENDAR_OBSERVE_ONLY,0
H1,685c166a761a9f59,B_NEXT_BAR_CONFIRM,SHORT,EXPIRED,CONFIRMATION_FAILED,SWING_HIGH,1c789ab7ea6b17ef,0,0,2.178262,2026-06-25T15:00:00,2026-06-25T16:00:00,3980.06,4019.32,3978.76,4012.36,4018.60,4018.60,4019.32,0.72,6.24,7.2000,62.4000,,,NA,NA,NA,NA,NA,NA,NA,NA,NA,NA,NA,NA,,NA,NA,NA,,NA,NA,NA,0,NA,1,NA,NA,NA,NA,NA,NA,NA,NA,NA,10.07,-28.83,-22.37,-2.15,-34.84,REVERSAL,CONTINUATION,CONTINUATION,CONTINUATION,CONTINUATION,16,THURSDAY,H13_17,NA,NO_CALENDAR_OBSERVE_ONLY,0
H1,30f11704a9993040,A_RECLAIM_CONTROL,SHORT,CLOSED,TP,PSH,cc36fef6371a1f08,0,0,NA,2026-06-25T18:00:00,2026-06-25T19:00:00,4011.97,4042.70,4004.96,4041.19,4042.02,4042.02,4042.70,0.68,0.83,6.8000,8.3000,2026-06-25T19:00:00,2026-06-25T19:00:00.083,83,4041.21,4041.66,4041.21,0.45,4.5000,1,4043.45,4036.53,2.24,230.4659,6.4659,2026-06-25T19:03:02.651,4036.08,4036.53,4036.53,TP,0,0,182,0,0.0000,1,468.0000,461.5341,2.030669,0.028056,2.002613,4.68,2.16,2.030669,0.937232,12.45,6.40,14.69,50.47,-17.85,REVERSAL,REVERSAL,REVERSAL,REVERSAL,CONTINUATION,19,THURSDAY,H17_24,3_5,NO_CALENDAR_OBSERVE_ONLY,0
H1,30f11704a9993040,B_NEXT_BAR_CONFIRM,SHORT,EXPIRED,CONFIRMATION_FAILED,PSH,cc36fef6371a1f08,0,0,NA,2026-06-25T18:00:00,2026-06-25T19:00:00,4011.97,4042.70,4004.96,4041.19,4042.02,4042.02,4042.70,0.68,0.83,6.8000,8.3000,,,NA,NA,NA,NA,NA,NA,NA,NA,NA,NA,NA,NA,,NA,NA,NA,,NA,NA,NA,0,NA,1,NA,NA,NA,NA,NA,NA,NA,NA,NA,12.45,6.40,14.69,50.47,-17.85,REVERSAL,REVERSAL,REVERSAL,REVERSAL,CONTINUATION,19,THURSDAY,H17_24,NA,NO_CALENDAR_OBSERVE_ONLY,0
H1,c338b0ffd2aec3b9,A_RECLAIM_CONTROL,LONG,CLOSED,STOP,SWING_LOW,0175fdc0a60d1fbc,0,0,2.066569,2026-06-29T08:00:00,2026-06-29T09:00:00,4052.22,4057.42,4039.41,4054.44,4048.30,4048.30,4039.41,8.89,6.14,88.9000,61.4000,2026-06-29T09:00:00,2026-06-29T09:00:00.424,424,4054.88,4055.39,4055.39,0.51,5.1000,1,4038.60,4089.17,16.79,1685.4886,6.4886,2026-06-29T12:48:25.393,4038.51,4038.96,4038.51,STOP,0,0,13704,0,0.0000,1,-1688.0000,-1694.4886,-1.001490,0.003850,-1.005340,13.17,16.88,0.781376,1.001490,7.91,-7.44,-17.63,-27.46,-91.68,REVERSAL,CONTINUATION,CONTINUATION,CONTINUATION,CONTINUATION,9,MONDAY,H08_13,GE5,NO_CALENDAR_OBSERVE_ONLY,0
H1,c338b0ffd2aec3b9,B_NEXT_BAR_CONFIRM,LONG,CLOSED,STOP,SWING_LOW,0175fdc0a60d1fbc,0,0,2.066569,2026-06-29T08:00:00,2026-06-29T09:00:00,4052.22,4057.42,4039.41,4054.44,4048.30,4048.30,4039.41,8.89,6.14,88.9000,61.4000,2026-06-29T10:00:00,2026-06-29T10:00:00.019,19,4062.40,4062.91,4062.91,0.51,5.1000,1,4038.60,4111.73,24.31,2437.5007,6.5007,2026-06-29T12:48:25.393,4038.51,4038.96,4038.51,STOP,0,0,10105,0,0.0000,1,-2440.0000,-2446.5007,-1.001025,0.002667,-1.003692,5.65,24.40,0.231795,1.001025,7.91,-7.44,-17.63,-27.46,-91.68,REVERSAL,CONTINUATION,CONTINUATION,CONTINUATION,CONTINUATION,9,MONDAY,H08_13,GE5,NO_CALENDAR_OBSERVE_ONLY,0
H1,2cb5810d55a8558e,A_RECLAIM_CONTROL,LONG,CLOSED,STOP,SWING_LOW,bca6793ac8253f69,0,0,2.354802,2026-06-29T17:00:00,2026-06-29T18:00:00,4032.23,4035.44,4000.00,4025.64,4024.48,4024.48,4000.00,24.48,1.16,244.8000,11.6000,2026-06-29T18:00:00,2026-06-29T18:00:00.010,10,4025.63,4026.08,4026.08,0.45,4.5000,1,3999.25,4079.94,26.83,2689.4417,6.4417,2026-06-30T03:37:06.280,3999.20,3999.72,3999.20,STOP,0,0,34626,1,107.1510,1,-2688.0000,-2801.5927,-0.999464,0.042237,-1.041700,5.99,26.88,0.222723,0.999464,1.34,-4.60,-9.76,-56.29,8.27,REVERSAL,CONTINUATION,CONTINUATION,CONTINUATION,REVERSAL,18,MONDAY,H17_24,3_5,NO_CALENDAR_OBSERVE_ONLY,0
H1,2cb5810d55a8558e,B_NEXT_BAR_CONFIRM,LONG,EXPIRED,CONFIRMATION_FAILED,SWING_LOW,bca6793ac8253f69,0,0,2.354802,2026-06-29T17:00:00,2026-06-29T18:00:00,4032.23,4035.44,4000.00,4025.64,4024.48,4024.48,4000.00,24.48,1.16,244.8000,11.6000,,,NA,NA,NA,NA,NA,NA,NA,NA,NA,NA,NA,NA,,NA,NA,NA,,NA,NA,NA,0,NA,1,NA,NA,NA,NA,NA,NA,NA,NA,NA,1.34,-4.60,-9.76,-56.29,8.27,REVERSAL,CONTINUATION,CONTINUATION,CONTINUATION,REVERSAL,18,MONDAY,H17_24,NA,NO_CALENDAR_OBSERVE_ONLY,0
H1,e72c158bec697287,A_RECLAIM_CONTROL,LONG,CLOSED,STOP,SWING_LOW,b3302a1cdaa2e52a,0,0,2.837318,2026-06-30T03:00:00,2026-06-30T04:00:00,4014.87,4015.15,3979.90,3987.15,3983.05,3983.05,3979.90,3.15,4.10,31.5000,41.0000,2026-06-30T04:00:00,2026-06-30T04:00:00.163,163,3987.14,3987.67,3987.67,0.53,5.3000,1,3979.07,4005.07,8.60,866.3803,6.3803,2026-06-30T04:02:02.272,3978.97,3979.50,3978.97,STOP,0,0,122,0,0.0000,1,-870.0000,-876.3803,-1.004178,0.007364,-1.011542,-0.46,8.70,-0.053094,1.004178,-17.80,-17.37,-9.15,42.74,20.43,CONTINUATION,CONTINUATION,CONTINUATION,REVERSAL,REVERSAL,4,TUESDAY,H00_08,GE5,NO_CALENDAR_OBSERVE_ONLY,0
H1,e72c158bec697287,B_NEXT_BAR_CONFIRM,LONG,EXPIRED,CONFIRMATION_FAILED,SWING_LOW,b3302a1cdaa2e52a,0,0,2.837318,2026-06-30T03:00:00,2026-06-30T04:00:00,4014.87,4015.15,3979.90,3987.15,3983.05,3983.05,3979.90,3.15,4.10,31.5000,41.0000,,,NA,NA,NA,NA,NA,NA,NA,NA,NA,NA,NA,NA,,NA,NA,NA,,NA,NA,NA,0,NA,1,NA,NA,NA,NA,NA,NA,NA,NA,NA,-17.80,-17.37,-9.15,42.74,20.43,CONTINUATION,CONTINUATION,CONTINUATION,REVERSAL,REVERSAL,4,TUESDAY,H00_08,NA,NO_CALENDAR_OBSERVE_ONLY,0
H1,24127b7b25d1b511,A_RECLAIM_CONTROL,LONG,CLOSED,TP,SWING_LOW,380d5ad63aae40ee,0,0,2.080709,2026-06-30T04:00:00,2026-06-30T05:00:00,3987.14,3987.21,3943.38,3969.35,3962.59,3962.59,3943.38,19.21,6.76,192.1000,67.6000,2026-06-30T05:00:00,2026-06-30T05:00:00.009,9,3969.36,3969.89,3969.89,0.53,5.3000,1,3942.55,4024.77,27.34,2740.3518,6.3518,2026-06-30T09:32:39.592,4024.80,4025.31,4024.80,TP,0,0,16359,0,0.0000,1,5491.0000,5484.6482,2.003757,0.002318,2.001439,54.91,17.53,2.003757,0.639699,-6.59,16.18,60.43,64.56,NA,CONTINUATION,REVERSAL,REVERSAL,REVERSAL,NA,5,TUESDAY,H00_08,GE5,NO_CALENDAR_OBSERVE_ONLY,0
H1,24127b7b25d1b511,B_NEXT_BAR_CONFIRM,LONG,EXPIRED,CONFIRMATION_FAILED,SWING_LOW,380d5ad63aae40ee,0,0,2.080709,2026-06-30T04:00:00,2026-06-30T05:00:00,3987.14,3987.21,3943.38,3969.35,3962.59,3962.59,3943.38,19.21,6.76,192.1000,67.6000,,,NA,NA,NA,NA,NA,NA,NA,NA,NA,NA,NA,NA,,NA,NA,NA,,NA,NA,NA,0,NA,1,NA,NA,NA,NA,NA,NA,NA,NA,NA,-6.59,16.18,60.43,64.56,NA,CONTINUATION,REVERSAL,REVERSAL,REVERSAL,NA,5,TUESDAY,H00_08,NA,NO_CALENDAR_OBSERVE_ONLY,0
H1,42f8569a4773afd6,A_RECLAIM_CONTROL,SHORT,CLOSED,STOP,SWING_HIGH,ae7533bb67c46a02,0,0,1.803522,2026-06-30T09:00:00,2026-06-30T10:00:00,3978.26,4034.01,3978.24,4029.78,4032.07,4032.07,4034.01,1.94,2.29,19.4000,22.9000,2026-06-30T10:00:00,2026-06-30T10:00:00.118,118,4029.77,4030.22,4029.77,0.45,4.5000,1,4034.76,4019.59,4.99,505.4476,6.4476,2026-06-30T10:25:23.863,4034.31,4034.76,4034.76,STOP,0,0,1523,0,0.0000,1,-499.0000,-505.4476,-0.987244,0.012756,-1.000000,5.45,4.99,1.078252,0.987244,-2.50,5.89,-4.13,3.63,NA,CONTINUATION,REVERSAL,CONTINUATION,REVERSAL,NA,10,TUESDAY,H08_13,3_5,NO_CALENDAR_OBSERVE_ONLY,0
H1,42f8569a4773afd6,B_NEXT_BAR_CONFIRM,SHORT,EXPIRED,CONFIRMATION_FAILED,SWING_HIGH,ae7533bb67c46a02,0,0,1.803522,2026-06-30T09:00:00,2026-06-30T10:00:00,3978.26,4034.01,3978.24,4029.78,4032.07,4032.07,4034.01,1.94,2.29,19.4000,22.9000,,,NA,NA,NA,NA,NA,NA,NA,NA,NA,NA,NA,NA,,NA,NA,NA,,NA,NA,NA,0,NA,1,NA,NA,NA,NA,NA,NA,NA,NA,NA,-2.50,5.89,-4.13,3.63,NA,CONTINUATION,REVERSAL,CONTINUATION,REVERSAL,NA,10,TUESDAY,H08_13,NA,NO_CALENDAR_OBSERVE_ONLY,0
H1,cf8d767a4f8a4c2c,A_RECLAIM_CONTROL,SHORT,CLOSED,END_OF_DATA,PSH,bcd0a3d2b579010b,0,0,NA,2026-06-30T17:00:00,2026-06-30T18:00:00,4030.01,4063.39,4025.43,4037.40,4044.58,4044.58,4063.39,18.81,7.18,188.1000,71.8000,2026-06-30T18:00:00,2026-06-30T18:00:00.143,143,4037.45,4037.90,4037.45,0.45,4.5000,1,4064.14,3983.87,26.69,2675.4599,6.4599,2026-06-30T23:59:58.909,4007.58,4009.56,4009.56,END_OF_DATA,0,0,21598,0,0.0000,1,2789.0000,2782.5401,1.042438,0.002415,1.040023,29.70,2.47,1.110090,0.092321,8.03,6.60,21.28,NA,NA,REVERSAL,REVERSAL,REVERSAL,NA,NA,18,TUESDAY,H17_24,3_5,NO_CALENDAR_OBSERVE_ONLY,0
H1,cf8d767a4f8a4c2c,B_NEXT_BAR_CONFIRM,SHORT,EXPIRED,CONFIRMATION_FAILED,PSH,bcd0a3d2b579010b,0,0,NA,2026-06-30T17:00:00,2026-06-30T18:00:00,4030.01,4063.39,4025.43,4037.40,4044.58,4044.58,4063.39,18.81,7.18,188.1000,71.8000,,,NA,NA,NA,NA,NA,NA,NA,NA,NA,NA,NA,NA,,NA,NA,NA,,NA,NA,NA,0,NA,1,NA,NA,NA,NA,NA,NA,NA,NA,NA,8.03,6.60,21.28,NA,NA,REVERSAL,REVERSAL,REVERSAL,NA,NA,18,TUESDAY,H17_24,NA,NO_CALENDAR_OBSERVE_ONLY,0
